date,year,month,day,portid,portname,n_container,n_dry_bulk,n_general_cargo,n_roro,n_tanker,n_cargo,n_total,capacity_container,capacity_dry_bulk,capacity_general_cargo,capacity_roro,capacity_tanker,capacity_cargo,capacity,ObjectId
2020/02/05,2020,2,5,chokepoint1,Suez Canal,19,16,3,1,17,39,56,1140238,444262,3077,2857,854561,1590436,2444998,1
2020/02/06,2020,2,6,chokepoint1,Suez Canal,20,11,4,0,12,35,47,1385905,397748,44845,0,438755,1828499,2267255,2
2020/02/07,2020,2,7,chokepoint1,Suez Canal,22,9,4,1,16,36,52,1071400,237845,32690,5057,849136,1346993,2196129,3
2020/02/08,2020,2,8,chokepoint1,Suez Canal,20,11,2,0,19,33,52,1325483,636941,9123,0,1467863,1971548,3439411,4
2020/02/09,2020,2,9,chokepoint1,Suez Canal,11,15,3,4,15,33,48,852885,553423,5252,27010,1016426,1438570,2454997,5
2020/02/10,2020,2,10,chokepoint1,Suez Canal,16,15,9,2,12,42,54,810848,678386,33970,10529,308996,1533735,1842732,6
2020/02/11,2020,2,11,chokepoint1,Suez Canal,19,13,6,2,12,40,52,1208896,431735,33294,8747,917106,1682673,2599780,7
2020/02/12,2020,2,12,chokepoint1,Suez Canal,15,13,3,5,16,36,52,1125061,493517,17323,18091,515739,1653993,2169733,8
2020/02/13,2020,2,13,chokepoint1,Suez Canal,18,15,5,1,22,39,61,932906,723133,21919,2207,828406,1680167,2508574,9
2020/02/14,2020,2,14,chokepoint1,Suez Canal,23,15,4,1,22,43,65,1520809,435041,29131,4394,1057745,1989377,3047123,10
2020/02/15,2020,2,15,chokepoint1,Suez Canal,18,18,5,3,20,44,64,1299365,771657,6824,8048,1284022,2085896,3369918,11
2020/02/16,2020,2,16,chokepoint1,Suez Canal,15,19,5,0,23,39,62,903006,619365,7475,0,958128,1529846,2487975,12
2020/02/17,2020,2,17,chokepoint1,Suez Canal,20,12,6,2,26,40,66,1149121,347918,54399,4442,1610258,1555882,3166141,13
2020/02/18,2020,2,18,chokepoint1,Suez Canal,16,7,4,2,19,29,48,1008359,382683,32282,6019,1227154,1429344,2656499,14
2020/02/19,2020,2,19,chokepoint1,Suez Canal,10,10,9,2,18,31,49,507539,298571,39938,5540,897791,851590,1749382,15
2020/02/20,2020,2,20,chokepoint1,Suez Canal,11,16,3,2,16,32,48,612820,791613,46801,11698,849043,1462933,2311977,16
2020/02/21,2020,2,21,chokepoint1,Suez Canal,19,16,1,0,13,36,49,1251482,836577,0,0,837385,2088060,2925445,17
2020/02/22,2020,2,22,chokepoint1,Suez Canal,16,15,1,2,16,34,50,991630,586064,866,7356,714169,1585918,2300088,18
2020/02/23,2020,2,23,chokepoint1,Suez Canal,17,19,2,2,15,40,55,773625,1047420,9495,5601,759875,1836143,2596019,19
2019/01/01,2019,1,1,chokepoint1,Suez Canal,15,15,9,4,18,43,61,1018466,618654,112660,21900,1279775,1771682,3051458,20
2020/02/24,2020,2,24,chokepoint1,Suez Canal,15,15,3,2,15,35,50,793115,723789,8912,6979,533521,1532797,2066318,21
2020/02/25,2020,2,25,chokepoint1,Suez Canal,16,24,6,2,14,48,62,986248,1020597,13739,6398,829254,2026984,2856238,22
2020/02/26,2020,2,26,chokepoint1,Suez Canal,17,11,2,3,14,33,47,971623,866799,6201,16034,571962,1860659,2432622,23
2020/02/27,2020,2,27,chokepoint1,Suez Canal,17,22,9,3,13,51,64,1095608,1139568,29552,10592,845766,2275322,3121088,24
2020/02/28,2020,2,28,chokepoint1,Suez Canal,15,5,1,1,23,22,45,754770,276068,892,3319,1300063,1035051,2335114,25
2020/02/29,2020,2,29,chokepoint1,Suez Canal,11,13,5,6,13,35,48,848982,748248,30385,19483,472450,1647099,2119550,26
2020/03/01,2020,3,1,chokepoint1,Suez Canal,14,15,4,4,12,37,49,586416,614852,23080,26194,372491,1250543,1623035,27
2019/01/02,2019,1,2,chokepoint1,Suez Canal,24,4,6,6,10,40,50,1534924,227315,8536,37934,518306,1808711,2327017,28
2020/03/02,2020,3,2,chokepoint1,Suez Canal,11,18,5,3,22,37,59,559585,888889,36293,4074,1032734,1488843,2521577,29
2019/01/03,2019,1,3,chokepoint1,Suez Canal,13,14,9,2,24,38,62,555097,977689,39398,10829,868092,1583014,2451107,30
2020/03/03,2020,3,3,chokepoint1,Suez Canal,15,12,8,3,11,38,49,984171,774068,18705,19931,341101,1796878,2137979,31
2019/01/04,2019,1,4,chokepoint1,Suez Canal,17,11,2,2,15,32,47,1044184,430139,3673,3430,836954,1481428,2318382,32
2020/03/04,2020,3,4,chokepoint1,Suez Canal,17,12,3,3,16,35,51,1177582,697592,18640,12918,605655,1906734,2512389,33
2019/01/05,2019,1,5,chokepoint1,Suez Canal,19,9,1,1,13,30,43,1215509,777548,4587,5567,628481,2003212,2631693,34
2019/01/06,2019,1,6,chokepoint1,Suez Canal,13,12,6,0,18,31,49,832089,664305,27559,0,314955,1523954,1838909,35
2020/03/05,2020,3,5,chokepoint1,Suez Canal,16,7,5,1,8,29,37,986481,477888,40288,3470,220623,1508129,1728752,36
2020/03/06,2020,3,6,chokepoint1,Suez Canal,15,16,7,4,19,42,61,590842,1020992,39109,11478,719435,1662422,2381857,37
2019/01/07,2019,1,7,chokepoint1,Suez Canal,9,14,6,2,16,31,47,434155,711501,33826,5124,894303,1184608,2078911,38
2019/01/08,2019,1,8,chokepoint1,Suez Canal,21,9,5,3,10,38,48,1418046,452795,9552,16898,868355,1897292,2765647,39
2020/03/07,2020,3,7,chokepoint1,Suez Canal,18,14,4,1,16,37,53,1017794,894052,21403,7839,1132751,1941089,3073840,40
2019/01/09,2019,1,9,chokepoint1,Suez Canal,18,14,5,1,21,38,59,1303088,452256,21889,4875,824016,1782110,2606126,41
2020/03/08,2020,3,8,chokepoint1,Suez Canal,12,11,6,1,17,30,47,743433,538331,7972,3992,1165333,1293730,2459063,42
2019/01/10,2019,1,10,chokepoint1,Suez Canal,14,9,5,5,16,33,49,748401,503278,34894,26878,961390,1313451,2274842,43
2020/03/09,2020,3,9,chokepoint1,Suez Canal,8,17,6,1,21,32,53,485440,877686,32943,5290,662699,1401360,2064060,44
2019/01/11,2019,1,11,chokepoint1,Suez Canal,18,10,3,4,19,35,54,883967,528275,23318,17440,930693,1453001,2383695,45
2020/03/10,2020,3,10,chokepoint1,Suez Canal,13,20,4,2,21,39,60,788398,942424,18679,11169,1528067,1760670,3288738,46
2019/01/12,2019,1,12,chokepoint1,Suez Canal,13,11,6,2,13,32,45,893912,657561,27263,2942,859363,1581679,2441043,47
2020/03/11,2020,3,11,chokepoint1,Suez Canal,15,7,2,2,16,26,42,1012655,654550,972,11705,1134798,1679884,2814683,48
2019/01/13,2019,1,13,chokepoint1,Suez Canal,14,8,2,1,15,25,40,744842,304922,7518,0,947238,1057283,2004521,49
2020/03/12,2020,3,12,chokepoint1,Suez Canal,11,13,3,2,13,29,42,661054,873541,13047,7617,394597,1555261,1949859,50
2019/01/14,2019,1,14,chokepoint1,Suez Canal,19,14,7,4,10,44,54,802733,290096,41096,14874,390131,1148800,1538932,51
2020/03/13,2020,3,13,chokepoint1,Suez Canal,14,23,7,2,16,46,62,755064,904780,28411,8439,829246,1696696,2525942,52
2019/01/15,2019,1,15,chokepoint1,Suez Canal,17,7,5,1,19,30,49,1037320,245336,18425,0,749687,1301082,2050770,53
2020/03/14,2020,3,14,chokepoint1,Suez Canal,18,12,3,1,24,34,58,1344450,780511,8699,1920,1494299,2135580,3629880,54
2019/01/16,2019,1,16,chokepoint1,Suez Canal,20,4,2,3,13,29,42,1374657,269480,5322,9853,1066528,1659313,2725841,55
2020/03/15,2020,3,15,chokepoint1,Suez Canal,17,30,11,2,14,60,74,826798,1631441,31454,10355,523552,2500050,3023602,56
2019/01/17,2019,1,17,chokepoint1,Suez Canal,10,9,3,2,15,24,39,608352,192306,8528,13801,438824,822988,1261813,57
2019/01/18,2019,1,18,chokepoint1,Suez Canal,19,6,3,1,13,29,42,1029753,360190,17973,6270,705268,1414187,2119456,58
2019/01/19,2019,1,19,chokepoint1,Suez Canal,18,10,6,1,15,35,50,1032036,636038,6815,2186,910228,1677077,2587306,59
2019/01/20,2019,1,20,chokepoint1,Suez Canal,13,13,15,2,12,43,55,584733,664293,100358,8850,468224,1358235,1826459,60
2019/01/21,2019,1,21,chokepoint1,Suez Canal,13,9,5,2,22,29,51,750272,547699,20432,4612,1099518,1323017,2422536,61
2019/01/22,2019,1,22,chokepoint1,Suez Canal,13,17,5,3,22,38,60,801358,881005,41126,14183,976455,1737674,2714129,62
2019/01/23,2019,1,23,chokepoint1,Suez Canal,25,8,6,2,20,41,61,1627659,415434,21363,3600,669317,2068056,2737374,63
2019/01/24,2019,1,24,chokepoint1,Suez Canal,16,11,2,2,16,31,47,826662,732469,4047,0,672064,1563178,2235243,64
2019/01/25,2019,1,25,chokepoint1,Suez Canal,19,11,1,2,15,33,48,1049463,317355,1829,9663,571197,1378312,1949510,65
2019/01/26,2019,1,26,chokepoint1,Suez Canal,14,12,4,2,13,32,45,934706,553162,56752,3733,782587,1548355,2330942,66
2019/01/27,2019,1,27,chokepoint1,Suez Canal,13,9,6,5,19,33,52,661159,443222,25446,12122,734973,1141951,1876925,67
2019/01/28,2019,1,28,chokepoint1,Suez Canal,15,12,1,4,18,32,50,908502,606223,3139,8983,1035275,1526848,2562123,68
2019/01/29,2019,1,29,chokepoint1,Suez Canal,13,7,7,3,16,30,46,804347,323897,38498,11186,600271,1177929,1778201,69
2019/01/30,2019,1,30,chokepoint1,Suez Canal,31,6,2,4,15,43,58,1837628,134450,6371,11452,589908,1989902,2579810,70
2019/01/31,2019,1,31,chokepoint1,Suez Canal,12,6,4,0,18,22,40,600004,460599,7232,0,651995,1067836,1719832,71
2019/02/01,2019,2,1,chokepoint1,Suez Canal,20,12,5,0,11,37,48,1167244,472686,26335,0,350200,1666266,2016467,72
2019/02/02,2019,2,2,chokepoint1,Suez Canal,22,4,6,1,13,33,46,1340067,110529,34475,5596,897669,1490669,2388339,73
2019/02/03,2019,2,3,chokepoint1,Suez Canal,13,18,5,1,12,37,49,788849,1035142,18620,289,513576,1842902,2356478,74
2019/02/04,2019,2,4,chokepoint1,Suez Canal,15,2,5,3,17,25,42,705471,74252,20135,18882,1261018,818742,2079760,75
2019/02/05,2019,2,5,chokepoint1,Suez Canal,23,17,8,1,19,49,68,1352079,894237,32197,5572,978843,2284086,3262930,76
2019/02/06,2019,2,6,chokepoint1,Suez Canal,24,9,3,6,15,42,57,1579166,847403,12647,24540,1274682,2463758,3738441,77
2019/02/07,2019,2,7,chokepoint1,Suez Canal,18,11,4,3,21,36,57,871185,625154,14297,15293,946325,1525930,2472255,78
2019/02/08,2019,2,8,chokepoint1,Suez Canal,17,9,3,1,18,30,48,1140934,730920,10451,7421,1180281,1889728,3070009,79
2019/02/09,2019,2,9,chokepoint1,Suez Canal,15,27,4,4,11,50,61,965900,875131,3541,14105,381014,1858678,2239692,80
2019/02/10,2019,2,10,chokepoint1,Suez Canal,18,8,4,2,12,32,44,1040039,676753,2737,9147,565842,1728678,2294520,81
2019/02/11,2019,2,11,chokepoint1,Suez Canal,17,14,7,4,21,42,63,827992,788603,43808,14762,1011891,1675168,2687060,82
2019/02/12,2019,2,12,chokepoint1,Suez Canal,16,11,7,3,23,37,60,961515,557261,29631,15047,1333944,1563457,2897401,83
2019/02/13,2019,2,13,chokepoint1,Suez Canal,24,4,0,4,11,32,43,1640663,333315,0,20230,983393,1994210,2977604,84
2019/02/14,2019,2,14,chokepoint1,Suez Canal,12,9,8,1,15,30,45,452455,351874,33298,2120,613943,839749,1453693,85
2019/02/15,2019,2,15,chokepoint1,Suez Canal,17,8,5,0,7,30,37,1268842,300266,16086,0,373904,1585194,1959098,86
2019/02/16,2019,2,16,chokepoint1,Suez Canal,17,7,4,5,19,33,52,1120728,209918,29388,15573,660190,1375608,2035799,87
2019/02/17,2019,2,17,chokepoint1,Suez Canal,21,4,7,1,17,33,50,1391568,116950,24354,5328,746841,1538201,2285043,88
2019/02/18,2019,2,18,chokepoint1,Suez Canal,12,9,3,4,17,28,45,605596,466052,9453,19526,898098,1100628,1998726,89
2019/02/19,2019,2,19,chokepoint1,Suez Canal,16,9,6,2,14,33,47,831623,431794,17297,5781,561868,1286497,1848366,90
2019/02/20,2019,2,20,chokepoint1,Suez Canal,16,12,2,1,20,31,51,1220269,587971,11526,0,850585,1819766,2670352,91
2019/02/21,2019,2,21,chokepoint1,Suez Canal,20,7,7,4,11,38,49,1216587,585219,42574,16726,782342,1861108,2643450,92
2019/02/22,2019,2,22,chokepoint1,Suez Canal,19,11,4,4,20,38,58,987961,569943,29258,7361,1279196,1594525,2873721,93
2019/02/23,2019,2,23,chokepoint1,Suez Canal,21,13,4,6,14,44,58,1334848,699727,51106,18957,1050150,2104639,3154790,94
2019/02/24,2019,2,24,chokepoint1,Suez Canal,16,9,2,4,15,31,46,765486,478194,5446,17578,1024054,1266705,2290760,95
2019/02/25,2019,2,25,chokepoint1,Suez Canal,11,17,6,1,14,35,49,781551,520837,24293,3452,481337,1330135,1811473,96
2019/02/26,2019,2,26,chokepoint1,Suez Canal,21,7,4,3,14,35,49,1139887,351029,34450,8206,603130,1533573,2136704,97
2019/02/27,2019,2,27,chokepoint1,Suez Canal,21,2,3,3,11,29,40,1383333,22638,11260,5366,735409,1422598,2158008,98
2019/02/28,2019,2,28,chokepoint1,Suez Canal,14,16,4,3,17,37,54,873440,630467,14264,9046,555574,1527218,2082793,99
2019/03/01,2019,3,1,chokepoint1,Suez Canal,18,8,5,2,20,33,53,1019636,637326,13556,17758,1037578,1688277,2725855,100
2019/03/02,2019,3,2,chokepoint1,Suez Canal,17,13,5,3,14,38,52,1195473,674692,36065,27571,733565,1933803,2667368,101
2019/03/03,2019,3,3,chokepoint1,Suez Canal,22,10,3,3,15,38,53,1365695,597044,1737,13832,832481,1978309,2810791,102
2019/03/04,2019,3,4,chokepoint1,Suez Canal,16,7,2,4,21,29,50,660315,482510,24117,8429,782340,1175372,1957712,103
2019/03/05,2019,3,5,chokepoint1,Suez Canal,15,10,7,0,19,32,51,922559,385174,40899,0,926245,1348633,2274878,104
2019/03/06,2019,3,6,chokepoint1,Suez Canal,12,10,9,2,18,33,51,762038,605426,49483,6331,918383,1423280,2341664,105
2019/03/07,2019,3,7,chokepoint1,Suez Canal,16,6,7,3,22,32,54,1054799,288857,14845,24461,1343904,1382963,2726868,106
2019/03/08,2019,3,8,chokepoint1,Suez Canal,19,8,1,1,17,29,46,1290221,533453,2308,0,835181,1825983,2661164,107
2019/03/09,2019,3,9,chokepoint1,Suez Canal,11,15,7,2,26,35,61,470642,632112,62079,3034,1366030,1167868,2533899,108
2019/03/10,2019,3,10,chokepoint1,Suez Canal,17,9,5,4,19,35,54,866145,513748,18555,3066,826962,1401516,2228479,109
2019/03/11,2019,3,11,chokepoint1,Suez Canal,8,13,7,6,23,34,57,414340,486258,47299,18427,997426,966326,1963752,110
2019/03/12,2019,3,12,chokepoint1,Suez Canal,15,11,4,1,20,31,51,927741,531797,21105,4168,1169269,1484812,2654082,111
2019/03/13,2019,3,13,chokepoint1,Suez Canal,21,7,1,3,9,32,41,1568992,284551,1458,12963,500065,1867966,2368032,112
2019/03/14,2019,3,14,chokepoint1,Suez Canal,11,16,7,3,22,37,59,732226,624192,28238,13607,1234394,1398263,2632658,113
2019/03/15,2019,3,15,chokepoint1,Suez Canal,17,8,3,5,17,33,50,1026372,371248,11245,25373,691391,1434240,2125632,114
2019/03/16,2019,3,16,chokepoint1,Suez Canal,13,11,7,2,11,33,44,907953,558461,41268,7282,449212,1514965,1964177,115
2019/03/17,2019,3,17,chokepoint1,Suez Canal,18,4,4,2,14,28,42,983672,198385,33332,8151,624030,1223542,1847572,116
2019/03/18,2019,3,18,chokepoint1,Suez Canal,17,8,4,1,11,30,41,898410,354130,14040,2811,435765,1269392,1705157,117
2019/03/19,2019,3,19,chokepoint1,Suez Canal,16,13,11,1,22,41,63,935164,674277,50966,10202,944202,1670611,2614813,118
2019/03/20,2019,3,20,chokepoint1,Suez Canal,26,1,1,2,17,30,47,1796838,28921,1115,5851,1411842,1832726,3244569,119
2019/03/21,2019,3,21,chokepoint1,Suez Canal,10,15,3,2,12,30,42,631254,795918,5717,0,484700,1432890,1917590,120
2019/03/22,2019,3,22,chokepoint1,Suez Canal,12,12,4,1,17,29,46,725534,543497,13894,2875,570107,1285802,1855909,121
2019/03/23,2019,3,23,chokepoint1,Suez Canal,19,6,3,2,18,30,48,1138010,483167,9031,6501,1036671,1636711,2673383,122
2019/03/24,2019,3,24,chokepoint1,Suez Canal,12,9,9,2,19,32,51,640262,435131,30214,7505,844695,1113114,1957809,123
2019/03/25,2019,3,25,chokepoint1,Suez Canal,14,6,5,1,20,26,46,752816,497320,29031,3456,903055,1282626,2185681,124
2019/03/26,2019,3,26,chokepoint1,Suez Canal,17,9,2,2,16,30,46,1100927,563851,38863,15640,879105,1719283,2598389,125
2019/03/27,2019,3,27,chokepoint1,Suez Canal,21,12,2,3,7,38,45,1307072,825749,1924,11721,299312,2146467,2445779,126
2019/03/28,2019,3,28,chokepoint1,Suez Canal,14,19,5,7,18,45,63,619071,804382,20012,34438,729387,1477904,2207292,127
2019/03/29,2019,3,29,chokepoint1,Suez Canal,22,10,5,3,19,40,59,1658569,387574,37515,9528,853104,2093188,2946292,128
2019/03/30,2019,3,30,chokepoint1,Suez Canal,21,5,2,3,13,31,44,1562116,219032,27870,25728,645244,1834748,2479993,129
2019/03/31,2019,3,31,chokepoint1,Suez Canal,11,8,2,2,11,23,34,509189,438022,19210,4148,914563,970571,1885135,130
2019/04/01,2019,4,1,chokepoint1,Suez Canal,18,13,9,3,24,43,67,711632,674527,12198,8509,1198670,1406867,2605538,131
2019/04/02,2019,4,2,chokepoint1,Suez Canal,16,16,5,3,14,40,54,808707,999832,21902,17646,487759,1848087,2335847,132
2019/04/03,2019,4,3,chokepoint1,Suez Canal,20,7,2,4,17,33,50,1388094,429706,14714,19488,815591,1852004,2667596,133
2019/04/04,2019,4,4,chokepoint1,Suez Canal,17,12,4,2,19,35,54,863930,657927,23999,6700,1177208,1552556,2729765,134
2019/04/05,2019,4,5,chokepoint1,Suez Canal,21,15,2,5,19,43,62,1544621,937270,9376,15927,1031699,2507196,3538895,135
2019/04/06,2019,4,6,chokepoint1,Suez Canal,14,10,3,4,15,31,46,949754,664892,9483,11435,978541,1635564,2614106,136
2019/04/07,2019,4,7,chokepoint1,Suez Canal,12,7,2,6,14,27,41,652737,356775,4743,31876,964116,1046133,2010249,137
2019/04/08,2019,4,8,chokepoint1,Suez Canal,16,19,8,2,18,45,63,835679,723869,23497,2522,1003982,1585568,2589550,138
2019/04/09,2019,4,9,chokepoint1,Suez Canal,22,14,4,3,20,43,63,1429513,660280,10764,2786,1152390,2103345,3255736,139
2019/04/10,2019,4,10,chokepoint1,Suez Canal,22,5,4,2,12,33,45,1458357,220005,25447,4156,440073,1707967,2148040,140
2019/04/11,2019,4,11,chokepoint1,Suez Canal,16,12,9,5,16,42,58,787494,605633,35692,9853,946334,1438674,2385009,141
2019/04/12,2019,4,12,chokepoint1,Suez Canal,19,8,4,1,10,32,42,1371453,574451,7552,5712,937495,1959170,2896666,142
2019/04/13,2019,4,13,chokepoint1,Suez Canal,14,8,3,4,13,29,42,1002017,246800,17028,34834,566488,1300681,1867169,143
2019/04/14,2019,4,14,chokepoint1,Suez Canal,18,12,1,2,17,33,50,1079002,518079,0,13618,1179955,1610700,2790655,144
2019/04/15,2019,4,15,chokepoint1,Suez Canal,16,14,5,2,13,37,50,767412,716629,18351,9505,546935,1511899,2058834,145
2019/04/16,2019,4,16,chokepoint1,Suez Canal,16,16,7,5,14,44,58,910377,474406,31690,25942,778311,1442416,2220727,146
2019/04/17,2019,4,17,chokepoint1,Suez Canal,24,8,6,3,14,41,55,1794016,487474,50629,14322,1235458,2346442,3581901,147
2019/04/18,2019,4,18,chokepoint1,Suez Canal,11,15,4,2,21,32,53,616796,890631,8661,2791,1048760,1518881,2567642,148
2019/04/19,2019,4,19,chokepoint1,Suez Canal,20,7,7,7,13,41,54,1430998,493351,53026,22552,835246,1999928,2835174,149
2019/04/20,2019,4,20,chokepoint1,Suez Canal,13,4,2,3,9,22,31,782274,226372,2256,10258,589398,1021162,1610561,150
2019/04/21,2019,4,21,chokepoint1,Suez Canal,18,7,6,3,14,34,48,1095625,282062,19583,14937,676727,1412208,2088935,151
2019/04/22,2019,4,22,chokepoint1,Suez Canal,17,19,3,2,21,41,62,767082,721061,9459,13353,1494564,1510957,3005522,152
2019/04/23,2019,4,23,chokepoint1,Suez Canal,16,9,12,1,23,38,61,901033,344182,52810,3706,1216960,1301733,2518693,153
2019/04/24,2019,4,24,chokepoint1,Suez Canal,26,7,7,1,11,41,52,1643895,402651,15660,3946,377373,2066153,2443527,154
2019/04/25,2019,4,25,chokepoint1,Suez Canal,20,7,3,4,9,34,43,1274511,533762,3700,12564,269254,1824539,2093793,155
2019/04/26,2019,4,26,chokepoint1,Suez Canal,14,4,7,2,22,27,49,1022861,159103,8515,10316,989620,1200797,2190417,156
2019/04/27,2019,4,27,chokepoint1,Suez Canal,18,17,6,3,14,44,58,1048457,1117277,27153,10123,884305,2203013,3087318,157
2019/04/28,2019,4,28,chokepoint1,Suez Canal,12,10,13,5,8,40,48,748902,668573,54950,23468,149252,1495894,1645146,158
2019/04/29,2019,4,29,chokepoint1,Suez Canal,16,13,8,1,23,38,61,811813,667855,31838,0,1618434,1511508,3129942,159
2019/04/30,2019,4,30,chokepoint1,Suez Canal,16,9,6,1,20,32,52,894979,538194,18032,4375,828826,1455582,2284408,160
2019/05/01,2019,5,1,chokepoint1,Suez Canal,27,6,2,3,17,38,55,1742430,312945,18023,8803,1171983,2082203,3254187,161
2019/05/02,2019,5,2,chokepoint1,Suez Canal,17,9,4,1,15,31,46,974017,294261,29901,3336,514823,1301517,1816340,162
2019/05/03,2019,5,3,chokepoint1,Suez Canal,17,11,4,3,17,35,52,1250359,483647,9290,17116,1106010,1760413,2866424,163
2019/05/04,2019,5,4,chokepoint1,Suez Canal,20,7,4,2,15,33,48,1115291,320895,9044,8244,772245,1453475,2225721,164
2019/05/05,2019,5,5,chokepoint1,Suez Canal,14,7,5,1,17,27,44,645010,245668,20533,5188,1122115,916400,2038516,165
2019/05/06,2019,5,6,chokepoint1,Suez Canal,15,19,6,5,11,45,56,704775,888852,8612,27754,199934,1629994,1829929,166
2019/05/07,2019,5,7,chokepoint1,Suez Canal,22,12,4,1,17,39,56,1352522,510252,5936,0,1009591,1868710,2878302,167
2019/05/08,2019,5,8,chokepoint1,Suez Canal,26,3,2,5,13,36,49,1607502,127409,10235,17678,1169278,1762826,2932105,168
2019/05/09,2019,5,9,chokepoint1,Suez Canal,14,8,1,4,11,27,38,875623,262026,1115,16745,824489,1155510,1979999,169
2019/05/10,2019,5,10,chokepoint1,Suez Canal,17,17,10,1,18,45,63,980420,966856,75769,2767,841914,2025813,2867728,170
2019/05/11,2019,5,11,chokepoint1,Suez Canal,18,3,2,2,24,25,49,1218328,189705,1462,12290,1243377,1421787,2665164,171
2019/05/12,2019,5,12,chokepoint1,Suez Canal,17,10,8,1,11,36,47,901405,563741,22548,5194,601415,1492890,2094306,172
2019/05/13,2019,5,13,chokepoint1,Suez Canal,13,16,9,3,14,41,55,852494,687928,43647,19891,652976,1603962,2256938,173
2019/05/14,2019,5,14,chokepoint1,Suez Canal,14,18,6,2,19,40,59,672774,756914,31735,2828,844552,1464252,2308804,174
2019/05/15,2019,5,15,chokepoint1,Suez Canal,16,11,7,1,18,35,53,919101,701319,28461,4321,1024046,1653203,2677249,175
2019/05/16,2019,5,16,chokepoint1,Suez Canal,18,9,9,0,22,36,58,1186315,538551,43844,0,1324962,1768711,3093674,176
2019/05/17,2019,5,17,chokepoint1,Suez Canal,22,7,1,2,13,32,45,1296152,463703,768,14259,708217,1774883,2483101,177
2019/05/18,2019,5,18,chokepoint1,Suez Canal,20,6,4,3,6,33,39,1584693,435924,11091,11262,513648,2042972,2556621,178
2019/05/19,2019,5,19,chokepoint1,Suez Canal,15,6,8,3,22,32,54,855542,225117,17866,12113,839968,1110639,1950608,179
2019/05/20,2019,5,20,chokepoint1,Suez Canal,14,13,6,4,15,37,52,790694,802735,58841,17808,862478,1670079,2532558,180
2019/05/21,2019,5,21,chokepoint1,Suez Canal,21,12,5,0,22,38,60,1042512,719627,17057,0,1022076,1779196,2801273,181
2019/05/22,2019,5,22,chokepoint1,Suez Canal,26,6,2,3,17,37,54,1706597,374639,1909,12483,895052,2095629,2990681,182
2019/05/23,2019,5,23,chokepoint1,Suez Canal,9,16,10,3,20,38,58,510176,762548,46583,9274,739850,1328582,2068432,183
2019/05/24,2019,5,24,chokepoint1,Suez Canal,19,7,1,3,15,30,45,1445142,423155,456,9780,1285578,1878535,3164114,184
2019/05/25,2019,5,25,chokepoint1,Suez Canal,22,5,2,2,11,31,42,1138035,322856,10336,5265,585379,1476492,2061872,185
2019/05/26,2019,5,26,chokepoint1,Suez Canal,18,5,9,5,16,37,53,1083292,182098,29096,13942,466098,1308429,1774528,186
2019/05/27,2019,5,27,chokepoint1,Suez Canal,14,8,7,6,16,35,51,725042,335712,22536,23903,716767,1107195,1823962,187
2019/05/28,2019,5,28,chokepoint1,Suez Canal,18,13,13,3,16,47,63,844896,611780,43904,15640,410931,1516222,1927154,188
2019/05/29,2019,5,29,chokepoint1,Suez Canal,25,8,1,1,11,35,46,1718453,439464,0,2483,534673,2160401,2695075,189
2019/05/30,2019,5,30,chokepoint1,Suez Canal,9,19,7,3,27,38,65,481613,970651,35434,7544,750083,1495243,2245326,190
2019/05/31,2019,5,31,chokepoint1,Suez Canal,22,15,0,3,11,40,51,1403867,925679,0,7335,743531,2336882,3080414,191
2019/06/01,2019,6,1,chokepoint1,Suez Canal,17,6,4,0,14,27,41,1147272,184575,16411,0,850605,1348258,2198864,192
2019/06/02,2019,6,2,chokepoint1,Suez Canal,10,9,5,3,23,27,50,663866,385805,6435,8759,782763,1064866,1847630,193
2019/06/03,2019,6,3,chokepoint1,Suez Canal,18,11,9,4,7,42,49,905189,643538,35876,15890,292951,1600494,1893446,194
2019/06/04,2019,6,4,chokepoint1,Suez Canal,17,10,5,2,15,34,49,936092,522306,19628,0,891779,1478027,2369807,195
2019/06/05,2019,6,5,chokepoint1,Suez Canal,22,9,6,0,23,37,60,1430988,497098,19443,0,1012685,1947531,2960216,196
2019/06/06,2019,6,6,chokepoint1,Suez Canal,9,17,6,4,16,36,52,567807,1145617,22281,13268,865786,1748976,2614763,197
2019/06/07,2019,6,7,chokepoint1,Suez Canal,19,12,4,3,19,38,57,1160517,365131,21415,9929,1230423,1556993,2787417,198
2019/06/08,2019,6,8,chokepoint1,Suez Canal,20,4,2,2,13,28,41,1572776,335909,0,11978,881735,1920664,2802400,199
2019/06/09,2019,6,9,chokepoint1,Suez Canal,12,12,10,4,20,38,58,622550,924431,58509,14185,1441953,1619676,3061630,200
2019/06/10,2019,6,10,chokepoint1,Suez Canal,18,12,5,7,15,42,57,1101383,736449,23145,25096,952603,1886075,2838678,201
2019/06/11,2019,6,11,chokepoint1,Suez Canal,17,12,3,2,20,34,54,776597,690835,4194,4048,912134,1475676,2387811,202
2019/06/12,2019,6,12,chokepoint1,Suez Canal,22,4,5,1,8,32,40,1454053,413165,18661,0,410002,1885880,2295883,203
2019/06/13,2019,6,13,chokepoint1,Suez Canal,11,6,5,2,25,24,49,704195,321843,25755,5280,1298478,1057074,2355553,204
2019/06/14,2019,6,14,chokepoint1,Suez Canal,21,7,1,4,16,33,49,1350123,252531,983,7891,873710,1611530,2485241,205
2019/06/15,2019,6,15,chokepoint1,Suez Canal,21,7,4,2,11,34,45,1308090,374565,30209,12055,1001491,1724921,2726413,206
2019/06/16,2019,6,16,chokepoint1,Suez Canal,12,11,7,0,24,30,54,790889,531105,34442,0,632130,1356437,1988567,207
2019/06/17,2019,6,17,chokepoint1,Suez Canal,18,9,5,1,10,33,43,1063386,668898,22257,0,419124,1754542,2173667,208
2019/06/18,2019,6,18,chokepoint1,Suez Canal,15,11,11,1,11,38,49,830011,312486,50425,6102,428614,1199026,1627640,209
2019/06/19,2019,6,19,chokepoint1,Suez Canal,25,5,3,2,8,35,43,1435077,584563,6402,3286,697862,2029330,2727192,210
2019/06/20,2019,6,20,chokepoint1,Suez Canal,18,9,5,3,13,35,48,1129336,291525,27276,11139,1005729,1459278,2465007,211
2019/06/21,2019,6,21,chokepoint1,Suez Canal,19,13,3,3,14,38,52,1362686,624588,3100,2993,503144,1993368,2496513,212
2019/06/22,2019,6,22,chokepoint1,Suez Canal,15,6,8,2,19,31,50,943288,337538,48835,6999,1017252,1336662,2353914,213
2019/06/23,2019,6,23,chokepoint1,Suez Canal,19,7,4,2,11,32,43,1120857,231068,31420,7805,1082609,1391151,2473761,214
2019/06/24,2019,6,24,chokepoint1,Suez Canal,17,4,5,4,17,30,47,915177,293671,24002,21426,770348,1254277,2024625,215
2019/06/25,2019,6,25,chokepoint1,Suez Canal,12,12,8,1,18,33,51,665068,444988,40277,2030,486725,1152365,1639090,216
2019/06/26,2019,6,26,chokepoint1,Suez Canal,23,8,5,1,14,37,51,1434037,538420,16313,11555,882272,2000327,2882599,217
2019/06/27,2019,6,27,chokepoint1,Suez Canal,11,14,8,3,13,36,49,792811,636183,77215,4394,708281,1510604,2218885,218
2019/06/28,2019,6,28,chokepoint1,Suez Canal,25,9,9,7,19,50,69,1678306,355155,33082,20700,802040,2087244,2889284,219
2019/06/29,2019,6,29,chokepoint1,Suez Canal,18,11,5,3,13,37,50,1079041,891833,9072,14463,686264,1994411,2680676,220
2019/06/30,2019,6,30,chokepoint1,Suez Canal,14,6,3,5,15,28,43,741954,630662,5970,11339,1028498,1389927,2418426,221
2019/07/01,2019,7,1,chokepoint1,Suez Canal,15,12,7,1,14,35,49,789729,506084,46811,2839,838414,1345464,2183879,222
2019/07/02,2019,7,2,chokepoint1,Suez Canal,15,9,8,3,14,35,49,815448,376999,22291,15435,516753,1230175,1746929,223
2019/07/03,2019,7,3,chokepoint1,Suez Canal,22,11,1,4,8,38,46,1449188,567088,1087,18343,510941,2035708,2546650,224
2019/07/04,2019,7,4,chokepoint1,Suez Canal,14,4,4,3,19,25,44,728485,171100,26058,16327,1087291,941970,2029262,225
2019/07/05,2019,7,5,chokepoint1,Suez Canal,21,8,5,2,12,36,48,1597036,503683,15585,8001,407585,2124307,2531892,226
2019/07/06,2019,7,6,chokepoint1,Suez Canal,19,12,5,1,13,37,50,1015027,523113,9880,4875,400369,1552897,1953267,227
2019/07/07,2019,7,7,chokepoint1,Suez Canal,13,10,4,0,27,27,54,572781,385123,25520,0,1104146,983424,2087571,228
2019/07/08,2019,7,8,chokepoint1,Suez Canal,17,10,6,4,17,37,54,791494,452069,76452,16707,1288141,1336724,2624865,229
2019/07/09,2019,7,9,chokepoint1,Suez Canal,15,17,5,2,17,39,56,944609,997538,29245,3198,1036896,1974591,3011488,230
2019/07/10,2019,7,10,chokepoint1,Suez Canal,28,7,6,3,8,44,52,1688985,542278,19688,13958,514134,2264910,2779044,231
2019/07/11,2019,7,11,chokepoint1,Suez Canal,13,15,4,2,27,34,61,797327,650711,46557,23324,1295105,1517920,2813026,232
2019/07/12,2019,7,12,chokepoint1,Suez Canal,23,4,2,1,13,30,43,1605463,281306,1827,5383,687609,1893981,2581591,233
2019/07/13,2019,7,13,chokepoint1,Suez Canal,14,19,5,3,15,41,56,847511,912671,62968,11764,576129,1834916,2411045,234
2019/07/14,2019,7,14,chokepoint1,Suez Canal,16,11,6,2,19,35,54,771402,1271536,16637,0,1307408,2059576,3366985,235
2019/07/15,2019,7,15,chokepoint1,Suez Canal,19,15,5,1,17,40,57,1039321,605937,39332,0,724583,1684590,2409174,236
2019/07/16,2019,7,16,chokepoint1,Suez Canal,15,10,8,4,13,37,50,812059,403392,35514,24213,422483,1275180,1697664,237
2019/07/17,2019,7,17,chokepoint1,Suez Canal,20,6,3,3,11,32,43,1364049,433139,6376,14581,469598,1818147,2287746,238
2019/07/18,2019,7,18,chokepoint1,Suez Canal,16,15,7,1,18,39,57,951940,417309,32855,6525,419594,1408631,1828225,239
2019/07/19,2019,7,19,chokepoint1,Suez Canal,25,11,4,2,10,42,52,1739085,551258,10941,19241,779102,2320528,3099630,240
2019/07/20,2019,7,20,chokepoint1,Suez Canal,16,16,7,3,15,42,57,834738,1017523,27390,2824,680788,1882477,2563265,241
2019/07/21,2019,7,21,chokepoint1,Suez Canal,20,6,7,1,17,34,51,1040115,224122,19420,4912,957294,1288571,2245866,242
2019/07/22,2019,7,22,chokepoint1,Suez Canal,13,11,8,5,6,37,43,736656,833039,49797,27586,288370,1647079,1935449,243
2019/07/23,2019,7,23,chokepoint1,Suez Canal,14,17,4,3,16,38,54,840642,700666,30705,10816,834347,1582830,2417178,244
2019/07/24,2019,7,24,chokepoint1,Suez Canal,24,7,1,2,16,34,50,1459601,587412,0,9877,1019588,2056891,3076480,245
2019/07/25,2019,7,25,chokepoint1,Suez Canal,18,19,4,1,19,42,61,997107,647296,49315,5917,1406887,1699636,3106523,246
2019/07/26,2019,7,26,chokepoint1,Suez Canal,22,10,8,3,7,43,50,1528886,402945,40125,12204,344196,1984160,2328357,247
2019/07/27,2019,7,27,chokepoint1,Suez Canal,18,10,4,4,15,36,51,1047683,629971,9311,12085,638148,1699051,2337199,248
2019/07/28,2019,7,28,chokepoint1,Suez Canal,15,16,6,3,20,40,60,625318,787210,42421,7215,710097,1462166,2172264,249
2019/07/29,2019,7,29,chokepoint1,Suez Canal,18,6,2,2,20,28,48,893853,486506,1295,11072,1256204,1392728,2648932,250
2019/07/30,2019,7,30,chokepoint1,Suez Canal,20,14,5,4,12,43,55,1321629,707239,28742,25771,460545,2083383,2543928,251
2019/07/31,2019,7,31,chokepoint1,Suez Canal,16,15,6,3,11,40,51,997804,773727,8148,10565,530247,1790247,2320494,252
2019/08/01,2019,8,1,chokepoint1,Suez Canal,19,19,9,2,26,49,75,912087,726539,35291,3152,1716726,1677071,3393797,253
2019/08/02,2019,8,2,chokepoint1,Suez Canal,25,7,4,4,18,40,58,1909300,685236,14656,18256,830453,2627448,3457902,254
2019/08/03,2019,8,3,chokepoint1,Suez Canal,16,16,12,2,13,46,59,822747,790175,84286,3594,522121,1700804,2222925,255
2019/08/04,2019,8,4,chokepoint1,Suez Canal,17,11,6,3,12,37,49,809480,347401,11782,5572,622478,1174236,1796715,256
2019/08/05,2019,8,5,chokepoint1,Suez Canal,16,11,4,3,11,34,45,777619,500141,15172,19540,336915,1312473,1649389,257
2019/08/06,2019,8,6,chokepoint1,Suez Canal,18,18,5,4,18,45,63,1237033,995847,36036,17894,1156066,2286811,3442878,258
2019/08/07,2019,8,7,chokepoint1,Suez Canal,25,6,8,3,19,42,61,1470631,301195,40799,9298,694476,1821925,2516402,259
2019/08/08,2019,8,8,chokepoint1,Suez Canal,18,13,2,1,19,34,53,945672,580698,746,5675,1021541,1532792,2554334,260
2019/08/09,2019,8,9,chokepoint1,Suez Canal,21,12,3,3,17,39,56,1260914,742832,3506,12985,889736,2020238,2909975,261
2019/08/10,2019,8,10,chokepoint1,Suez Canal,16,16,5,0,18,37,55,985279,771413,42623,0,1065138,1799316,2864455,262
2019/08/11,2019,8,11,chokepoint1,Suez Canal,15,17,9,4,18,45,63,745271,1045612,43676,3612,561407,1838172,2399580,263
2019/08/12,2019,8,12,chokepoint1,Suez Canal,15,12,5,4,17,36,53,863152,607824,13548,19606,907899,1504132,2412031,264
2019/08/13,2019,8,13,chokepoint1,Suez Canal,15,13,7,3,17,38,55,717957,634404,22543,12385,728388,1387290,2115678,265
2019/08/14,2019,8,14,chokepoint1,Suez Canal,22,6,4,3,15,35,50,1163317,445710,24031,18617,1128274,1651676,2779951,266
2019/08/15,2019,8,15,chokepoint1,Suez Canal,19,20,8,0,12,47,59,1185270,577221,29768,0,215083,1792259,2007342,267
2019/08/16,2019,8,16,chokepoint1,Suez Canal,18,11,5,1,20,35,55,887406,575153,8193,8386,987517,1479140,2466657,268
2019/08/17,2019,8,17,chokepoint1,Suez Canal,18,7,2,5,12,32,44,1352402,410104,2046,9706,784308,1774259,2558567,269
2019/08/18,2019,8,18,chokepoint1,Suez Canal,12,13,8,7,12,40,52,475825,587236,29521,22528,480211,1115112,1595323,270
2019/08/19,2019,8,19,chokepoint1,Suez Canal,13,16,3,1,12,33,45,783005,734519,11688,3706,417090,1532920,1950010,271
2019/08/20,2019,8,20,chokepoint1,Suez Canal,19,14,6,2,12,41,53,1308813,765717,10998,121,582287,2085650,2667938,272
2019/08/21,2019,8,21,chokepoint1,Suez Canal,23,5,1,3,18,32,50,1306759,360683,889,10946,1040904,1679279,2720183,273
2019/08/22,2019,8,22,chokepoint1,Suez Canal,16,12,1,3,17,32,49,848224,405191,5150,8512,1256077,1267079,2523157,274
2019/08/23,2019,8,23,chokepoint1,Suez Canal,20,19,9,2,18,50,68,1297582,1042411,62374,1314,524747,2403683,2928430,275
2019/08/24,2019,8,24,chokepoint1,Suez Canal,21,11,8,1,14,41,55,1423034,618308,56289,0,871902,2097631,2969534,276
2019/08/25,2019,8,25,chokepoint1,Suez Canal,16,18,6,3,20,43,63,581535,788449,46871,11509,827126,1428365,2255491,277
2019/08/26,2019,8,26,chokepoint1,Suez Canal,16,13,9,3,18,41,59,892717,817008,79370,32327,964452,1821424,2785876,278
2019/08/27,2019,8,27,chokepoint1,Suez Canal,13,17,4,4,19,38,57,916788,948152,9709,7832,1153008,1882483,3035491,279
2019/08/28,2019,8,28,chokepoint1,Suez Canal,21,11,4,2,18,38,56,990492,645269,16818,1959,823736,1654540,2478277,280
2019/08/29,2019,8,29,chokepoint1,Suez Canal,23,8,3,3,12,37,49,1290820,541998,0,5888,907759,1838707,2746466,281
2019/08/30,2019,8,30,chokepoint1,Suez Canal,18,21,4,5,13,48,61,934672,882056,42611,9872,529332,1869213,2398545,282
2019/08/31,2019,8,31,chokepoint1,Suez Canal,17,5,2,4,16,28,44,1224015,252022,7207,13161,956356,1496407,2452764,283
2019/09/01,2019,9,1,chokepoint1,Suez Canal,12,24,7,4,18,47,65,686581,918740,53573,18367,705555,1677263,2382818,284
2019/09/02,2019,9,2,chokepoint1,Suez Canal,15,18,4,3,11,40,51,838716,902277,13703,18872,765580,1773569,2539149,285
2019/09/03,2019,9,3,chokepoint1,Suez Canal,18,13,5,2,19,38,57,741955,683347,18897,4247,1153389,1448447,2601837,286
2019/09/04,2019,9,4,chokepoint1,Suez Canal,21,5,2,0,16,28,44,1477369,494606,4620,0,652012,1976595,2628608,287
2019/09/05,2019,9,5,chokepoint1,Suez Canal,17,19,4,3,10,43,53,1092489,1464389,29290,12680,507976,2598849,3106826,288
2019/09/06,2019,9,6,chokepoint1,Suez Canal,13,13,2,0,24,28,52,764499,565477,31717,0,807195,1361694,2168889,289
2019/09/07,2019,9,7,chokepoint1,Suez Canal,22,10,3,1,17,36,53,1355388,324773,9970,0,724060,1690132,2414193,290
2019/09/08,2019,9,8,chokepoint1,Suez Canal,19,15,3,1,13,38,51,668606,844695,21748,2333,645633,1537384,2183017,291
2019/09/09,2019,9,9,chokepoint1,Suez Canal,17,12,5,1,23,35,58,933971,388813,9593,2503,1267291,1334881,2602173,292
2019/09/10,2019,9,10,chokepoint1,Suez Canal,14,17,3,4,19,38,57,831191,749102,12831,10528,1243840,1603653,2847494,293
2019/09/11,2019,9,11,chokepoint1,Suez Canal,25,5,2,3,12,35,47,1373696,324976,5479,12992,770130,1717144,2487275,294
2019/09/12,2019,9,12,chokepoint1,Suez Canal,15,13,3,5,20,36,56,698603,626867,1358,21689,912912,1348518,2261431,295
2019/09/13,2019,9,13,chokepoint1,Suez Canal,20,18,2,1,14,41,55,1192861,988515,4511,2293,700046,2188182,2888228,296
2019/09/14,2019,9,14,chokepoint1,Suez Canal,21,4,1,2,14,28,42,1289987,291070,7785,13293,931199,1602137,2533336,297
2019/09/15,2019,9,15,chokepoint1,Suez Canal,16,11,8,2,16,37,53,698945,471388,44068,5600,833994,1220002,2053997,298
2019/09/16,2019,9,16,chokepoint1,Suez Canal,14,15,6,3,13,38,51,1059323,943599,13901,14871,704109,2031696,2735806,299
2019/09/17,2019,9,17,chokepoint1,Suez Canal,15,11,5,4,15,35,50,1076231,403614,47551,22450,465276,1549847,2015123,300
2019/09/18,2019,9,18,chokepoint1,Suez Canal,17,9,7,3,16,36,52,1049469,223812,18494,9077,604369,1300853,1905223,301
2019/09/19,2019,9,19,chokepoint1,Suez Canal,18,13,7,1,16,39,55,984708,555870,26514,4652,501989,1571746,2073735,302
2019/09/20,2019,9,20,chokepoint1,Suez Canal,21,10,3,1,16,35,51,1548431,734523,24706,5586,601843,2313248,2915091,303
2019/09/21,2019,9,21,chokepoint1,Suez Canal,18,12,2,2,13,34,47,953439,572883,3338,4912,482594,1534573,2017167,304
2019/09/22,2019,9,22,chokepoint1,Suez Canal,10,21,5,3,13,39,52,536626,755146,20109,12831,371937,1324713,1696651,305
2019/09/23,2019,9,23,chokepoint1,Suez Canal,17,16,4,1,21,38,59,938685,624967,23063,7238,802024,1593955,2395979,306
2019/09/24,2019,9,24,chokepoint1,Suez Canal,19,13,4,2,17,38,55,1296620,524005,5917,9842,1280657,1836385,3117043,307
2019/09/25,2019,9,25,chokepoint1,Suez Canal,18,19,4,2,14,43,57,1230984,989495,7930,10221,1015835,2238632,3254467,308
2019/09/26,2019,9,26,chokepoint1,Suez Canal,15,17,7,0,23,39,62,786002,798252,27769,0,781957,1612024,2393982,309
2019/09/27,2019,9,27,chokepoint1,Suez Canal,20,6,2,5,13,33,46,1417307,566864,19537,29880,776476,2033589,2810066,310
2019/09/28,2019,9,28,chokepoint1,Suez Canal,16,16,2,0,16,34,50,944830,718608,5128,0,632618,1668567,2301186,311
2019/09/29,2019,9,29,chokepoint1,Suez Canal,16,12,3,3,17,34,51,601470,745278,1931,13193,854168,1361874,2216043,312
2019/09/30,2019,9,30,chokepoint1,Suez Canal,16,15,7,3,20,41,61,900729,592165,26505,21457,500642,1540857,2041500,313
2019/10/01,2019,10,1,chokepoint1,Suez Canal,16,10,9,2,13,37,50,1163475,529186,18112,3893,517895,1714667,2232562,314
2019/10/02,2019,10,2,chokepoint1,Suez Canal,17,18,4,3,15,42,57,959298,775406,11970,11528,711663,1758204,2469868,315
2019/10/03,2019,10,3,chokepoint1,Suez Canal,14,23,7,6,14,50,64,836257,673039,32408,23221,839946,1564926,2404872,316
2019/10/04,2019,10,4,chokepoint1,Suez Canal,18,9,4,4,18,35,53,1263840,501043,13335,13549,942924,1791768,2734693,317
2019/10/05,2019,10,5,chokepoint1,Suez Canal,21,18,7,1,15,47,62,1147674,897076,28572,9612,1043738,2082935,3126673,318
2019/10/06,2019,10,6,chokepoint1,Suez Canal,12,17,5,0,21,34,55,543947,896076,26524,0,1422406,1466548,2888954,319
2019/10/07,2019,10,7,chokepoint1,Suez Canal,16,16,5,5,14,42,56,1082869,772867,19170,10786,688668,1885693,2574362,320
2019/10/08,2019,10,8,chokepoint1,Suez Canal,15,17,1,0,22,33,55,849103,776461,1192,0,932227,1626757,2558984,321
2019/10/09,2019,10,9,chokepoint1,Suez Canal,24,9,5,0,18,38,56,1594893,634084,8504,0,566362,2237483,2803846,322
2019/10/10,2019,10,10,chokepoint1,Suez Canal,13,15,7,3,17,38,55,601443,937354,34623,7578,583473,1580999,2164473,323
2019/10/11,2019,10,11,chokepoint1,Suez Canal,22,14,6,3,22,45,67,1226462,466571,28885,10636,863051,1732555,2595607,324
2019/10/12,2019,10,12,chokepoint1,Suez Canal,20,22,2,3,13,47,60,1372574,585485,14517,11967,753626,1984544,2738171,325
2019/10/13,2019,10,13,chokepoint1,Suez Canal,17,11,5,6,14,39,53,786345,638597,15842,28805,511334,1469591,1980925,326
2019/10/14,2019,10,14,chokepoint1,Suez Canal,17,10,5,1,18,33,51,973083,685685,40498,13748,709773,1713015,2422788,327
2019/10/15,2019,10,15,chokepoint1,Suez Canal,13,18,3,5,13,39,52,630884,448923,9059,28294,791011,1117162,1908173,328
2019/10/16,2019,10,16,chokepoint1,Suez Canal,22,5,6,5,15,38,53,1490241,198903,13080,20268,966463,1722494,2688957,329
2019/10/17,2019,10,17,chokepoint1,Suez Canal,13,14,6,3,22,36,58,697959,937879,13259,4734,835604,1653832,2489437,330
2019/10/18,2019,10,18,chokepoint1,Suez Canal,19,18,1,3,18,41,59,1060246,730529,2266,10837,857775,1803880,2661655,331
2019/10/19,2019,10,19,chokepoint1,Suez Canal,20,15,3,0,24,38,62,1290357,677106,25309,0,1076766,1992773,3069539,332
2019/10/20,2019,10,20,chokepoint1,Suez Canal,13,13,5,1,15,32,47,866779,719680,27730,5757,764017,1619948,2383965,333
2019/10/21,2019,10,21,chokepoint1,Suez Canal,13,12,8,3,21,36,57,929280,562926,12864,18328,973373,1523400,2496773,334
2019/10/22,2019,10,22,chokepoint1,Suez Canal,12,13,9,5,25,39,64,745968,671519,55830,14702,859560,1488020,2347581,335
2019/10/23,2019,10,23,chokepoint1,Suez Canal,19,19,6,0,18,44,62,1112267,994781,47472,0,652187,2154522,2806709,336
2019/10/24,2019,10,24,chokepoint1,Suez Canal,18,18,6,2,17,44,61,1122993,722287,21345,6618,927008,1873244,2800253,337
2019/10/25,2019,10,25,chokepoint1,Suez Canal,18,8,2,7,17,35,52,1181149,309482,24803,16873,595668,1532308,2127977,338
2019/10/26,2019,10,26,chokepoint1,Suez Canal,22,13,2,3,20,40,60,1676570,1044847,13966,16775,903733,2752160,3655893,339
2019/10/27,2019,10,27,chokepoint1,Suez Canal,15,19,8,3,13,45,58,1059610,1103302,33846,6169,817464,2202928,3020393,340
2019/10/28,2019,10,28,chokepoint1,Suez Canal,16,8,3,1,23,28,51,1068240,175717,24318,3401,890855,1271678,2162534,341
2019/10/29,2019,10,29,chokepoint1,Suez Canal,15,11,4,4,19,34,53,577548,504511,17649,16505,554973,1116215,1671188,342
2019/10/30,2019,10,30,chokepoint1,Suez Canal,21,22,3,1,15,47,62,1194989,1007533,22801,3062,727979,2228386,2956366,343
2019/10/31,2019,10,31,chokepoint1,Suez Canal,19,12,5,3,20,39,59,1186030,642019,12152,9228,849540,1849431,2698971,344
2019/11/01,2019,11,1,chokepoint1,Suez Canal,19,12,3,2,17,36,53,1120177,538444,22097,4728,850602,1685447,2536049,345
2019/11/02,2019,11,2,chokepoint1,Suez Canal,13,16,6,0,19,35,54,882568,1119699,21536,0,799313,2023804,2823117,346
2019/11/03,2019,11,3,chokepoint1,Suez Canal,15,9,3,4,20,31,51,740143,421230,8788,8414,857768,1178576,2036345,347
2019/11/04,2019,11,4,chokepoint1,Suez Canal,14,17,6,4,19,41,60,837012,729015,16419,16718,688624,1599166,2287790,348
2019/11/05,2019,11,5,chokepoint1,Suez Canal,21,7,4,4,15,36,51,1430042,520024,19990,17879,952313,1987937,2940250,349
2019/11/06,2019,11,6,chokepoint1,Suez Canal,14,13,7,1,14,35,49,802795,451653,30584,5091,478979,1290125,1769104,350
2019/11/07,2019,11,7,chokepoint1,Suez Canal,19,4,4,2,17,29,46,939028,146812,6737,8833,732758,1101411,1834170,351
2019/11/08,2019,11,8,chokepoint1,Suez Canal,19,15,4,1,11,39,50,1269981,731554,14667,9153,407941,2025357,2433298,352
2019/11/09,2019,11,9,chokepoint1,Suez Canal,17,16,5,1,21,39,60,776258,656926,24192,3820,932740,1461197,2393937,353
2019/11/10,2019,11,10,chokepoint1,Suez Canal,17,11,8,3,21,39,60,747793,636665,23919,14148,933694,1422526,2356221,354
2019/11/11,2019,11,11,chokepoint1,Suez Canal,17,13,3,5,15,38,53,1042307,950039,7132,20286,878937,2019764,2898702,355
2019/11/12,2019,11,12,chokepoint1,Suez Canal,17,6,6,4,11,33,44,1019985,375956,27225,18205,978492,1441372,2419864,356
2019/11/13,2019,11,13,chokepoint1,Suez Canal,17,14,8,1,16,40,56,1087575,549128,21695,1588,398767,1659987,2058755,357
2019/11/14,2019,11,14,chokepoint1,Suez Canal,15,11,5,6,17,37,54,872627,524362,36580,17442,683841,1451012,2134853,358
2019/11/15,2019,11,15,chokepoint1,Suez Canal,16,11,8,5,19,40,59,1042561,515250,17847,39101,1281531,1614760,2896291,359
2019/11/16,2019,11,16,chokepoint1,Suez Canal,23,9,4,1,13,37,50,1580105,457067,742,5184,426999,2043100,2470100,360
2019/11/17,2019,11,17,chokepoint1,Suez Canal,11,19,6,2,20,38,58,444134,805126,45047,18115,983542,1312423,2295965,361
2019/11/18,2019,11,18,chokepoint1,Suez Canal,16,17,2,1,17,36,53,1036887,986794,12042,8079,1006379,2043803,3050183,362
2019/11/19,2019,11,19,chokepoint1,Suez Canal,20,10,11,2,10,43,53,1293547,570821,56079,7972,400275,1928420,2328696,363
2019/11/20,2019,11,20,chokepoint1,Suez Canal,18,7,5,3,24,33,57,1017302,392764,3832,19056,1304467,1432956,2737424,364
2019/11/21,2019,11,21,chokepoint1,Suez Canal,12,19,7,0,12,38,50,703533,768507,37658,0,658172,1509699,2167872,365
2019/11/22,2019,11,22,chokepoint1,Suez Canal,19,11,8,3,19,41,60,1387164,715916,12749,13918,861187,2129749,2990936,366
2019/11/23,2019,11,23,chokepoint1,Suez Canal,16,6,4,3,18,29,47,846428,280421,13373,14583,951097,1154806,2105903,367
2019/11/24,2019,11,24,chokepoint1,Suez Canal,13,18,7,0,23,38,61,608871,754990,24617,0,1028301,1388479,2416780,368
2019/11/25,2019,11,25,chokepoint1,Suez Canal,15,9,4,4,18,32,50,788080,801580,17650,19620,698374,1626931,2325305,369
2019/11/26,2019,11,26,chokepoint1,Suez Canal,15,12,5,2,24,34,58,1170577,483301,4512,4300,1139694,1662691,2802386,370
2019/11/27,2019,11,27,chokepoint1,Suez Canal,17,12,8,1,17,38,55,953127,670229,57981,10416,938368,1691754,2630123,371
2019/11/28,2019,11,28,chokepoint1,Suez Canal,12,7,6,8,21,33,54,778237,350869,33993,22715,1295401,1185816,2481217,372
2019/11/29,2019,11,29,chokepoint1,Suez Canal,18,11,3,3,14,35,49,1104043,638715,29902,13255,697421,1785917,2483338,373
2019/11/30,2019,11,30,chokepoint1,Suez Canal,16,20,5,0,13,41,54,975661,548090,8686,0,821065,1532437,2353503,374
2019/12/01,2019,12,1,chokepoint1,Suez Canal,13,17,5,0,19,35,54,508384,678885,10334,0,745808,1197603,1943412,375
2019/12/02,2019,12,2,chokepoint1,Suez Canal,16,12,2,2,21,32,53,1130241,650412,8757,3402,852040,1792814,2644855,376
2019/12/03,2019,12,3,chokepoint1,Suez Canal,18,10,7,2,19,37,56,1220655,821953,29375,11735,974751,2083720,3058471,377
2019/12/04,2019,12,4,chokepoint1,Suez Canal,18,14,8,5,19,45,64,1039507,725352,24233,24656,768074,1813749,2581823,378
2019/12/05,2019,12,5,chokepoint1,Suez Canal,22,11,4,3,19,40,59,1356370,458401,15755,5777,661596,1836304,2497900,379
2019/12/06,2019,12,6,chokepoint1,Suez Canal,21,8,4,1,10,34,44,1217298,323700,17544,3299,565360,1561843,2127204,380
2019/12/07,2019,12,7,chokepoint1,Suez Canal,14,9,8,2,24,33,57,913083,681331,15781,6845,1247546,1617042,2864588,381
2019/12/08,2019,12,8,chokepoint1,Suez Canal,8,19,6,4,17,37,54,381805,817982,27545,0,429291,1227333,1656624,382
2019/12/09,2019,12,9,chokepoint1,Suez Canal,16,16,3,1,23,36,59,1043321,949377,6757,5290,933755,2004746,2938502,383
2019/12/10,2019,12,10,chokepoint1,Suez Canal,18,11,2,1,20,32,52,828444,588371,5684,4893,705738,1427393,2133132,384
2019/12/11,2019,12,11,chokepoint1,Suez Canal,13,20,9,3,17,45,62,629315,922137,47839,3496,511475,1602789,2114265,385
2019/12/12,2019,12,12,chokepoint1,Suez Canal,17,15,8,3,15,43,58,1067935,563449,50661,6605,617620,1688650,2306271,386
2019/12/13,2019,12,13,chokepoint1,Suez Canal,21,7,3,5,16,36,52,1015440,299018,3996,16777,727744,1335233,2062978,387
2019/12/14,2019,12,14,chokepoint1,Suez Canal,15,13,5,3,16,36,52,782776,562661,47240,3382,624536,1396061,2020598,388
2019/12/15,2019,12,15,chokepoint1,Suez Canal,14,20,3,1,14,38,52,669508,1101655,11442,0,548455,1782606,2331062,389
2019/12/16,2019,12,16,chokepoint1,Suez Canal,17,14,7,0,19,38,57,972299,965912,30028,0,671648,1968240,2639889,390
2019/12/17,2019,12,17,chokepoint1,Suez Canal,17,12,5,4,18,38,56,687913,722932,22312,6098,1180114,1439256,2619371,391
2019/12/18,2019,12,18,chokepoint1,Suez Canal,15,15,8,2,13,40,53,759387,791682,39311,10480,738038,1600863,2338901,392
2019/12/19,2019,12,19,chokepoint1,Suez Canal,18,6,2,3,19,29,48,857406,390309,10770,43352,878939,1301839,2180778,393
2019/12/20,2019,12,20,chokepoint1,Suez Canal,15,15,7,3,24,40,64,765855,635253,29526,11388,1124131,1442024,2566155,394
2019/12/21,2019,12,21,chokepoint1,Suez Canal,19,13,3,3,13,38,51,1217862,517789,17580,12664,593390,1765898,2359289,395
2019/12/22,2019,12,22,chokepoint1,Suez Canal,16,9,9,1,16,35,51,644117,417290,17938,7898,1515042,1087244,2602287,396
2019/12/23,2019,12,23,chokepoint1,Suez Canal,15,11,5,2,22,33,55,772027,514705,21054,0,1042731,1307787,2350518,397
2019/12/24,2019,12,24,chokepoint1,Suez Canal,20,15,3,2,15,40,55,1361309,764697,24429,11351,666588,2161787,2828376,398
2019/12/25,2019,12,25,chokepoint1,Suez Canal,11,6,3,2,19,22,41,710225,191309,13118,7063,990499,921717,1912217,399
2019/12/26,2019,12,26,chokepoint1,Suez Canal,13,5,3,6,11,27,38,1026772,302815,34668,24458,617418,1388714,2006132,400
2019/12/27,2019,12,27,chokepoint1,Suez Canal,14,17,4,3,11,38,49,857033,862317,12848,8554,335773,1740753,2076527,401
2019/12/28,2019,12,28,chokepoint1,Suez Canal,20,13,6,3,25,42,67,1162003,766317,40026,8093,1401722,1976440,3378163,402
2019/12/29,2019,12,29,chokepoint1,Suez Canal,12,13,12,3,22,40,62,578632,827458,44175,8624,1021397,1458890,2480287,403
2019/12/30,2019,12,30,chokepoint1,Suez Canal,20,12,4,2,13,38,51,1294129,912813,10933,2511,833100,2220388,3053488,404
2019/12/31,2019,12,31,chokepoint1,Suez Canal,21,16,3,2,21,42,63,917932,797044,3401,5086,838604,1723465,2562070,405
2020/01/01,2020,1,1,chokepoint1,Suez Canal,25,5,7,3,16,40,56,1591386,356889,31147,14701,796849,1994125,2790974,406
2020/01/02,2020,1,2,chokepoint1,Suez Canal,18,4,6,2,24,30,54,1124907,281296,11934,10444,1186965,1428583,2615548,407
2020/01/03,2020,1,3,chokepoint1,Suez Canal,11,15,7,0,16,33,49,613136,732753,45611,0,647908,1391501,2039410,408
2020/01/04,2020,1,4,chokepoint1,Suez Canal,27,10,4,1,8,42,50,1465731,718902,19645,2410,461684,2206690,2668375,409
2020/01/05,2020,1,5,chokepoint1,Suez Canal,13,23,5,3,21,44,65,801057,1333850,23877,7782,631970,2166566,2798537,410
2020/01/06,2020,1,6,chokepoint1,Suez Canal,10,14,4,1,14,29,43,757194,1200223,50513,0,499174,2007931,2507106,411
2020/01/07,2020,1,7,chokepoint1,Suez Canal,12,22,3,1,18,38,56,672598,1141761,23487,7998,845748,1845846,2691594,412
2020/01/08,2020,1,8,chokepoint1,Suez Canal,18,14,8,6,12,46,58,1192558,714064,33575,34986,649007,1975185,2624192,413
2020/01/09,2020,1,9,chokepoint1,Suez Canal,19,19,3,3,22,44,66,1244099,726680,11063,13383,581788,1995227,2577016,414
2020/01/10,2020,1,10,chokepoint1,Suez Canal,23,19,8,4,16,54,70,1485720,807931,26495,18222,652532,2338370,2990902,415
2020/01/11,2020,1,11,chokepoint1,Suez Canal,17,12,3,1,18,33,51,1043166,519414,10698,3334,916713,1576614,2493327,416
2020/01/12,2020,1,12,chokepoint1,Suez Canal,16,15,10,6,15,47,62,613349,1012306,44320,22599,868948,1692576,2561524,417
2020/01/13,2020,1,13,chokepoint1,Suez Canal,14,11,8,1,18,34,52,893267,311705,12185,3192,1188006,1220351,2408358,418
2020/01/14,2020,1,14,chokepoint1,Suez Canal,13,16,3,2,26,34,60,829239,810353,16788,11223,976993,1667604,2644598,419
2020/01/15,2020,1,15,chokepoint1,Suez Canal,21,11,1,6,13,39,52,1382673,700057,4037,30959,848861,2117727,2966588,420
2020/01/16,2020,1,16,chokepoint1,Suez Canal,14,3,8,1,18,26,44,866356,28921,27110,5710,1107241,928099,2035340,421
2020/01/17,2020,1,17,chokepoint1,Suez Canal,17,21,5,0,18,43,61,1163626,1223717,49114,0,1042603,2436458,3479062,422
2020/01/18,2020,1,18,chokepoint1,Suez Canal,16,5,2,3,19,26,45,1035497,274885,6905,8954,958981,1326242,2285224,423
2020/01/19,2020,1,19,chokepoint1,Suez Canal,17,7,11,1,8,36,44,735902,404048,60245,0,375704,1200196,1575901,424
2020/01/20,2020,1,20,chokepoint1,Suez Canal,17,16,6,1,17,40,57,885795,817110,22519,1880,829621,1727305,2556927,425
2020/01/21,2020,1,21,chokepoint1,Suez Canal,17,9,6,1,9,33,42,1193638,545226,38644,0,598744,1777509,2376254,426
2020/01/22,2020,1,22,chokepoint1,Suez Canal,22,4,1,1,14,28,42,1235928,455487,6048,0,1006001,1697463,2703465,427
2020/01/23,2020,1,23,chokepoint1,Suez Canal,13,18,3,2,17,36,53,635155,675150,14906,7326,701383,1332538,2033921,428
2020/01/24,2020,1,24,chokepoint1,Suez Canal,17,11,0,2,20,30,50,808532,596011,0,21535,860324,1426079,2286403,429
2020/01/25,2020,1,25,chokepoint1,Suez Canal,20,4,5,2,17,31,48,1285726,343943,25111,2217,888965,1656999,2545964,430
2020/01/26,2020,1,26,chokepoint1,Suez Canal,18,16,5,3,14,42,56,873563,988849,7710,12746,375447,1882870,2258317,431
2020/01/27,2020,1,27,chokepoint1,Suez Canal,15,17,5,6,20,43,63,902673,624788,18782,10934,708900,1557180,2266080,432
2020/01/28,2020,1,28,chokepoint1,Suez Canal,17,20,6,1,24,44,68,999543,445918,20328,11951,913404,1477742,2391146,433
2020/01/29,2020,1,29,chokepoint1,Suez Canal,21,24,11,5,18,61,79,1267268,612541,33671,12872,446044,1926353,2372397,434
2020/01/30,2020,1,30,chokepoint1,Suez Canal,19,24,11,5,30,59,89,767109,751448,22255,8650,461255,1549464,2010719,435
2020/01/31,2020,1,31,chokepoint1,Suez Canal,22,24,6,5,27,57,84,964227,883416,14656,3449,1030446,1865749,2896196,436
2020/02/01,2020,2,1,chokepoint1,Suez Canal,24,14,6,4,20,48,68,1314041,452438,10049,15456,499741,1791985,2291727,437
2020/02/02,2020,2,2,chokepoint1,Suez Canal,16,28,8,3,8,55,63,835795,1092737,12548,8827,691757,1949909,2641667,438
2020/02/03,2020,2,3,chokepoint1,Suez Canal,16,9,6,4,24,35,59,1091403,727965,40316,19236,1138727,1878920,3017648,439
2020/02/04,2020,2,4,chokepoint1,Suez Canal,12,11,8,3,16,34,50,660007,914753,40829,8783,758920,1624373,2383293,440
2020/03/16,2020,3,16,chokepoint1,Suez Canal,17,18,6,2,19,43,62,1160730,849174,27660,5771,1130489,2043337,3173827,441
2020/03/17,2020,3,17,chokepoint1,Suez Canal,20,10,3,3,20,36,56,1395732,471508,10316,16462,685390,1894019,2579409,442
2020/03/18,2020,3,18,chokepoint1,Suez Canal,18,15,3,4,9,40,49,835213,872792,844,14291,601206,1723141,2324347,443
2020/03/19,2020,3,19,chokepoint1,Suez Canal,15,14,12,2,17,43,60,773312,699931,81899,9498,969650,1564642,2534293,444
2020/03/20,2020,3,20,chokepoint1,Suez Canal,14,18,5,3,19,40,59,1059309,865480,15394,13646,576250,1953830,2530080,445
2020/03/21,2020,3,21,chokepoint1,Suez Canal,14,12,6,1,10,33,43,809378,800701,15784,4660,453630,1630524,2084154,446
2020/03/22,2020,3,22,chokepoint1,Suez Canal,15,24,4,0,15,43,58,890740,1745314,4908,0,672337,2640963,3313301,447
2020/03/23,2020,3,23,chokepoint1,Suez Canal,16,10,6,2,13,34,47,971905,464156,16356,10075,701091,1462493,2163585,448
2020/03/24,2020,3,24,chokepoint1,Suez Canal,18,13,7,1,15,39,54,1300601,426540,19129,4261,745658,1750534,2496192,449
2020/03/25,2020,3,25,chokepoint1,Suez Canal,14,18,7,4,14,43,57,713287,607638,47489,30259,244046,1398674,1642720,450
2020/03/26,2020,3,26,chokepoint1,Suez Canal,17,8,9,5,17,39,56,1147128,380416,27014,24074,473770,1578634,2052405,451
2020/03/27,2020,3,27,chokepoint1,Suez Canal,17,25,9,1,14,52,66,924017,862371,47552,4252,927149,1838194,2765344,452
2020/03/28,2020,3,28,chokepoint1,Suez Canal,17,10,4,1,19,32,51,994759,362017,2993,5167,1259004,1364937,2623941,453
2020/03/29,2020,3,29,chokepoint1,Suez Canal,10,17,4,4,14,35,49,759560,664378,36277,16957,496969,1477173,1974142,454
2020/03/30,2020,3,30,chokepoint1,Suez Canal,12,18,5,2,15,37,52,584636,886658,17575,12032,847899,1500902,2348802,455
2020/03/31,2020,3,31,chokepoint1,Suez Canal,15,14,7,4,15,40,55,1049042,607874,3910,16322,914839,1677149,2591988,456
2020/04/01,2020,4,1,chokepoint1,Suez Canal,12,11,5,4,16,32,48,859123,837283,20541,22678,351163,1739627,2090791,457
2020/04/02,2020,4,2,chokepoint1,Suez Canal,13,17,5,1,19,36,55,700519,1048328,11292,5211,1133065,1765351,2898416,458
2020/04/03,2020,4,3,chokepoint1,Suez Canal,16,17,8,3,19,44,63,842060,753302,31690,5771,822772,1632825,2455597,459
2020/04/04,2020,4,4,chokepoint1,Suez Canal,17,10,4,3,18,34,52,1219472,773975,8707,9976,945374,2012132,2957507,460
2020/04/05,2020,4,5,chokepoint1,Suez Canal,14,15,5,2,22,36,58,486290,882445,15422,0,1160767,1384159,2544927,461
2020/04/06,2020,4,6,chokepoint1,Suez Canal,16,12,4,2,21,34,55,1141261,620793,20258,8585,825341,1790898,2616240,462
2020/04/07,2020,4,7,chokepoint1,Suez Canal,13,20,7,1,14,41,55,850546,1353676,39487,6925,823549,2250635,3074185,463
2020/04/08,2020,4,8,chokepoint1,Suez Canal,13,21,3,2,20,39,59,926849,909552,1582,14836,602999,1852821,2455820,464
2020/04/09,2020,4,9,chokepoint1,Suez Canal,14,19,11,2,24,46,70,810935,1033542,56881,8447,762128,1909806,2671935,465
2020/04/10,2020,4,10,chokepoint1,Suez Canal,18,23,6,3,21,50,71,1238602,951304,21084,8758,1009103,2219751,3228854,466
2020/04/11,2020,4,11,chokepoint1,Suez Canal,16,14,3,3,22,36,58,984546,601294,5306,16821,1274045,1607970,2882016,467
2020/04/12,2020,4,12,chokepoint1,Suez Canal,14,15,6,1,22,36,58,815972,563987,18074,0,1338799,1398034,2736834,468
2020/04/13,2020,4,13,chokepoint1,Suez Canal,13,19,4,1,23,37,60,831483,875242,46832,2706,858365,1756264,2614629,469
2020/04/14,2020,4,14,chokepoint1,Suez Canal,17,13,14,3,18,47,65,1143572,637106,32111,13632,1399079,1826422,3225502,470
2020/04/15,2020,4,15,chokepoint1,Suez Canal,18,12,4,2,14,36,50,1162213,850218,23529,13849,906619,2049811,2956430,471
2020/04/16,2020,4,16,chokepoint1,Suez Canal,8,19,8,4,23,39,62,296023,1088316,29547,10947,606197,1424833,2031031,472
2020/04/17,2020,4,17,chokepoint1,Suez Canal,14,17,2,1,17,34,51,954557,799358,2971,0,927776,1756887,2684663,473
2020/04/18,2020,4,18,chokepoint1,Suez Canal,16,13,9,3,20,41,61,1010773,656759,51737,6347,1048311,1725618,2773929,474
2020/04/19,2020,4,19,chokepoint1,Suez Canal,11,8,6,1,23,26,49,702459,171075,35497,0,1178986,909032,2088018,475
2020/04/20,2020,4,20,chokepoint1,Suez Canal,16,19,5,0,20,40,60,1099933,831406,26843,0,1031458,1958183,2989641,476
2020/04/21,2020,4,21,chokepoint1,Suez Canal,14,7,6,1,25,28,53,832852,213556,10517,5170,909668,1062097,1971765,477
2020/04/22,2020,4,22,chokepoint1,Suez Canal,18,17,10,1,23,46,69,1179546,945888,13966,1178,636646,2140579,2777226,478
2020/04/23,2020,4,23,chokepoint1,Suez Canal,19,12,8,5,18,44,62,993014,603199,27499,28470,1068106,1652183,2720290,479
2020/04/24,2020,4,24,chokepoint1,Suez Canal,12,22,4,0,20,38,58,786781,1392665,5235,0,796959,2184683,2981642,480
2020/04/25,2020,4,25,chokepoint1,Suez Canal,16,20,11,2,19,49,68,1033940,1187860,43829,9560,936318,2275191,3211510,481
2020/04/26,2020,4,26,chokepoint1,Suez Canal,9,9,5,1,32,24,56,460640,609541,25879,2720,2063469,1098781,3162251,482
2020/04/27,2020,4,27,chokepoint1,Suez Canal,6,15,7,2,18,30,48,404080,793416,20253,9072,1083576,1226823,2310400,483
2020/04/28,2020,4,28,chokepoint1,Suez Canal,13,14,6,3,20,36,56,916960,510869,52403,17525,861221,1497760,2358981,484
2020/04/29,2020,4,29,chokepoint1,Suez Canal,12,10,4,2,16,28,44,779769,477072,9737,0,1022460,1266579,2289040,485
2020/04/30,2020,4,30,chokepoint1,Suez Canal,16,14,7,1,20,38,58,895181,594884,41283,0,1012214,1531349,2543563,486
2020/05/01,2020,5,1,chokepoint1,Suez Canal,13,20,5,4,25,42,67,842107,1166933,38011,26970,1076856,2074023,3150880,487
2020/05/02,2020,5,2,chokepoint1,Suez Canal,16,13,8,0,24,37,61,991874,718418,26915,0,1104195,1737207,2841403,488
2020/05/03,2020,5,3,chokepoint1,Suez Canal,18,14,9,3,20,44,64,714096,826331,55748,14511,1119192,1610688,2729880,489
2020/05/04,2020,5,4,chokepoint1,Suez Canal,12,24,9,4,23,49,72,1047488,1598207,48234,9162,1247564,2703092,3950656,490
2020/05/05,2020,5,5,chokepoint1,Suez Canal,13,6,4,1,25,24,49,1097555,279858,6882,0,1034047,1384296,2418344,491
2020/05/06,2020,5,6,chokepoint1,Suez Canal,15,8,4,2,22,29,51,638731,505275,13622,7658,1300671,1165288,2465960,492
2020/05/07,2020,5,7,chokepoint1,Suez Canal,16,9,4,3,11,32,43,845836,1009800,23281,11439,1014978,1890357,2905335,493
2020/05/08,2020,5,8,chokepoint1,Suez Canal,10,20,4,0,24,34,58,676472,1014511,6149,0,1119863,1697133,2816997,494
2020/05/09,2020,5,9,chokepoint1,Suez Canal,18,11,2,0,25,31,56,1095058,698051,2396,0,1178773,1795506,2974280,495
2020/05/10,2020,5,10,chokepoint1,Suez Canal,11,13,4,2,23,30,53,602892,627112,12217,11473,1425242,1253696,2678938,496
2020/05/11,2020,5,11,chokepoint1,Suez Canal,12,12,5,2,17,31,48,918086,708826,34681,10726,801426,1672321,2473747,497
2020/05/12,2020,5,12,chokepoint1,Suez Canal,11,11,8,0,14,30,44,952930,690427,31113,0,933606,1674471,2608077,498
2020/05/13,2020,5,13,chokepoint1,Suez Canal,12,11,2,2,19,27,46,751933,477392,14462,7219,1082898,1251007,2333905,499
2020/05/14,2020,5,14,chokepoint1,Suez Canal,13,15,9,0,15,37,52,455933,922423,42445,0,803300,1420803,2224103,500
2020/05/15,2020,5,15,chokepoint1,Suez Canal,17,8,9,0,17,34,51,1089463,569178,20692,0,255829,1679334,1935163,501
2020/05/16,2020,5,16,chokepoint1,Suez Canal,10,12,9,1,27,32,59,607865,633818,57574,6459,1230209,1305718,2535927,502
2020/05/17,2020,5,17,chokepoint1,Suez Canal,16,15,9,2,18,42,60,951976,629724,41120,11084,854462,1633906,2488368,503
2020/05/18,2020,5,18,chokepoint1,Suez Canal,11,12,6,4,24,33,57,707413,570822,19801,9222,1317608,1307260,2624868,504
2020/05/19,2020,5,19,chokepoint1,Suez Canal,20,5,5,0,19,30,49,1468743,434393,14695,0,712528,1917832,2630361,505
2020/05/20,2020,5,20,chokepoint1,Suez Canal,13,13,5,0,10,31,41,684348,779549,8522,0,431135,1472420,1903555,506
2020/05/21,2020,5,21,chokepoint1,Suez Canal,12,13,3,1,29,29,58,551510,483845,14169,5377,1080578,1054904,2135482,507
2020/05/22,2020,5,22,chokepoint1,Suez Canal,20,16,3,1,17,40,57,1015476,970451,7369,6701,917927,1999998,2917926,508
2020/05/23,2020,5,23,chokepoint1,Suez Canal,13,8,9,2,17,32,49,1107568,387740,57347,3233,1036591,1555890,2592481,509
2020/05/24,2020,5,24,chokepoint1,Suez Canal,12,11,6,2,27,31,58,475956,593896,38402,4307,1057261,1112562,2169824,510
2020/05/25,2020,5,25,chokepoint1,Suez Canal,13,5,4,3,18,25,43,901450,496739,3314,15036,502199,1416541,1918740,511
2020/05/26,2020,5,26,chokepoint1,Suez Canal,12,9,8,1,18,30,48,873624,524644,24822,0,883344,1423092,2306436,512
2020/05/27,2020,5,27,chokepoint1,Suez Canal,13,7,2,2,14,24,38,847308,623522,21556,16785,525704,1509173,2034878,513
2020/05/28,2020,5,28,chokepoint1,Suez Canal,10,12,7,0,10,29,39,327622,625091,19027,0,555570,971741,1527312,514
2020/05/29,2020,5,29,chokepoint1,Suez Canal,15,19,8,0,13,42,55,1122724,1080401,68375,0,593857,2271501,2865359,515
2020/05/30,2020,5,30,chokepoint1,Suez Canal,14,7,4,2,16,27,43,981878,290351,5632,18252,894150,1296115,2190265,516
2020/05/31,2020,5,31,chokepoint1,Suez Canal,10,16,4,0,24,30,54,486026,770716,30493,0,949094,1287236,2236330,517
2020/06/01,2020,6,1,chokepoint1,Suez Canal,13,17,5,1,20,36,56,995921,521294,12597,0,1288082,1529813,2817895,518
2020/06/02,2020,6,2,chokepoint1,Suez Canal,16,11,4,2,21,33,54,803016,530143,9309,4289,884128,1346758,2230887,519
2020/06/03,2020,6,3,chokepoint1,Suez Canal,14,10,5,1,17,30,47,922093,832344,7468,2849,750445,1764756,2515202,520
2020/06/04,2020,6,4,chokepoint1,Suez Canal,14,13,8,0,19,35,54,591957,877780,43971,0,733179,1513709,2246889,521
2020/06/05,2020,6,5,chokepoint1,Suez Canal,15,16,6,1,22,38,60,821098,664175,13797,0,918604,1499070,2417674,522
2020/06/06,2020,6,6,chokepoint1,Suez Canal,21,6,1,3,12,31,43,1423970,494199,19638,15696,397110,1953504,2350615,523
2020/06/07,2020,6,7,chokepoint1,Suez Canal,8,16,3,2,12,29,41,553110,1192447,23247,8491,299312,1777296,2076608,524
2020/06/08,2020,6,8,chokepoint1,Suez Canal,11,13,11,1,16,36,52,579189,632405,51839,3888,927349,1267322,2194672,525
2020/06/09,2020,6,9,chokepoint1,Suez Canal,13,9,10,2,9,34,43,924959,784348,49031,5977,490503,1764316,2254820,526
2020/06/10,2020,6,10,chokepoint1,Suez Canal,17,10,10,1,13,38,51,986620,716874,17218,0,429128,1720713,2149841,527
2020/06/11,2020,6,11,chokepoint1,Suez Canal,13,11,5,2,12,31,43,923171,669918,8695,7734,330423,1609519,1939942,528
2020/06/12,2020,6,12,chokepoint1,Suez Canal,19,7,5,2,15,33,48,1441035,341527,7494,2679,443304,1792736,2236041,529
2020/06/13,2020,6,13,chokepoint1,Suez Canal,13,9,6,1,14,29,43,935792,762419,26388,3386,758070,1727987,2486058,530
2020/06/14,2020,6,14,chokepoint1,Suez Canal,7,8,4,1,13,20,33,291100,484665,5253,4350,764431,785370,1549801,531
2020/06/15,2020,6,15,chokepoint1,Suez Canal,11,8,5,1,19,25,44,592231,419277,24143,0,849749,1035652,1885402,532
2020/06/16,2020,6,16,chokepoint1,Suez Canal,14,8,4,3,16,29,45,965469,322424,8795,15922,346020,1312611,1658632,533
2020/06/17,2020,6,17,chokepoint1,Suez Canal,9,11,8,1,17,29,46,533857,530813,27848,5429,720251,1097948,1818200,534
2020/06/18,2020,6,18,chokepoint1,Suez Canal,12,10,5,3,10,30,40,751699,732031,30081,15901,489238,1529714,2018952,535
2020/06/19,2020,6,19,chokepoint1,Suez Canal,19,10,0,0,19,29,48,1227359,223849,0,0,759861,1451209,2211071,536
2020/06/20,2020,6,20,chokepoint1,Suez Canal,10,10,7,0,20,27,47,519120,574365,49712,0,433156,1143197,1576353,537
2020/06/21,2020,6,21,chokepoint1,Suez Canal,15,9,3,3,10,30,40,1132158,582792,9497,17100,716977,1741548,2458526,538
2020/06/22,2020,6,22,chokepoint1,Suez Canal,12,6,4,0,12,22,34,800278,254915,5234,0,565602,1060428,1626031,539
2020/06/23,2020,6,23,chokepoint1,Suez Canal,11,9,6,0,13,26,39,888510,385791,52295,0,395847,1326597,1722444,540
2020/06/24,2020,6,24,chokepoint1,Suez Canal,14,9,5,1,23,29,52,1093571,504483,4598,8886,886482,1611541,2498023,541
2020/06/25,2020,6,25,chokepoint1,Suez Canal,13,9,9,3,12,34,46,646370,581244,55433,15251,481240,1298299,1779539,542
2020/06/26,2020,6,26,chokepoint1,Suez Canal,16,11,5,2,17,34,51,937571,424388,27182,4853,560683,1393995,1954678,543
2020/06/27,2020,6,27,chokepoint1,Suez Canal,17,12,9,1,10,39,49,1004217,769098,46826,9385,494017,1829527,2323544,544
2020/06/28,2020,6,28,chokepoint1,Suez Canal,12,13,6,5,16,36,52,903369,684297,41441,24915,747553,1654023,2401577,545
2020/06/29,2020,6,29,chokepoint1,Suez Canal,13,14,6,0,16,33,49,847801,582271,22188,0,839431,1452261,2291692,546
2020/06/30,2020,6,30,chokepoint1,Suez Canal,10,9,8,3,19,30,49,697343,344248,48484,7720,623734,1097796,1721530,547
2020/07/01,2020,7,1,chokepoint1,Suez Canal,18,13,9,1,16,41,57,1038675,675403,29653,4989,576318,1748721,2325039,548
2020/07/02,2020,7,2,chokepoint1,Suez Canal,15,11,7,4,15,37,52,835116,514029,65055,7552,690966,1421754,2112721,549
2020/07/03,2020,7,3,chokepoint1,Suez Canal,17,8,6,1,14,32,46,1288815,427980,20070,7515,977686,1744381,2722068,550
2020/07/04,2020,7,4,chokepoint1,Suez Canal,18,9,4,1,11,32,43,1175886,723013,10326,9686,357199,1918912,2276112,551
2020/07/05,2020,7,5,chokepoint1,Suez Canal,8,14,5,0,12,27,39,567477,993995,11853,0,524202,1573327,2097530,552
2020/07/06,2020,7,6,chokepoint1,Suez Canal,10,9,3,4,13,26,39,686652,362315,13932,11862,670498,1074762,1745260,553
2020/07/07,2020,7,7,chokepoint1,Suez Canal,11,18,5,0,15,34,49,764660,852343,43301,0,286141,1660305,1946446,554
2020/07/08,2020,7,8,chokepoint1,Suez Canal,14,9,3,0,12,26,38,1085408,595721,572,0,620687,1681703,2302390,555
2020/07/09,2020,7,9,chokepoint1,Suez Canal,20,6,6,1,18,33,51,961379,254616,30112,2996,761582,1249104,2010687,556
2020/07/10,2020,7,10,chokepoint1,Suez Canal,18,6,6,1,10,31,41,1230174,509917,24394,4776,452954,1769262,2222217,557
2020/07/11,2020,7,11,chokepoint1,Suez Canal,18,8,8,2,10,36,46,1132514,348429,21054,8013,408324,1510012,1918337,558
2020/07/12,2020,7,12,chokepoint1,Suez Canal,14,10,7,2,10,33,43,752996,785868,30474,12567,369552,1581907,1951459,559
2020/07/13,2020,7,13,chokepoint1,Suez Canal,11,8,3,4,9,26,35,834621,431397,12049,17593,378595,1295661,1674257,560
2020/07/14,2020,7,14,chokepoint1,Suez Canal,13,13,7,0,13,33,46,695574,884844,36603,0,532605,1617022,2149628,561
2020/07/15,2020,7,15,chokepoint1,Suez Canal,13,6,8,3,12,30,42,954774,449862,18353,8878,396681,1431868,1828549,562
2020/07/16,2020,7,16,chokepoint1,Suez Canal,12,17,9,0,16,38,54,568776,800615,26466,0,727529,1395859,2123388,563
2020/07/17,2020,7,17,chokepoint1,Suez Canal,24,12,5,4,15,45,60,1629217,732119,6389,12184,677976,2379910,3057887,564
2020/07/18,2020,7,18,chokepoint1,Suez Canal,17,7,3,3,13,30,43,1216257,451303,19980,12993,461146,1700534,2161681,565
2020/07/19,2020,7,19,chokepoint1,Suez Canal,12,8,8,3,16,31,47,792900,501612,63536,0,498380,1358050,1856430,566
2020/07/20,2020,7,20,chokepoint1,Suez Canal,15,12,6,1,13,34,47,814168,876556,24717,7816,633617,1723259,2356877,567
2020/07/21,2020,7,21,chokepoint1,Suez Canal,14,12,6,2,16,34,50,1110354,443150,26021,9421,398008,1588948,1986956,568
2020/07/22,2020,7,22,chokepoint1,Suez Canal,11,11,7,1,11,30,41,721533,536257,17314,7358,567614,1282464,1850078,569
2020/07/23,2020,7,23,chokepoint1,Suez Canal,15,12,10,2,11,39,50,889190,483350,45557,3851,447884,1421949,1869833,570
2020/07/24,2020,7,24,chokepoint1,Suez Canal,18,15,5,0,10,38,48,1404271,546192,16606,0,216307,1967069,2183377,571
2020/07/25,2020,7,25,chokepoint1,Suez Canal,16,12,6,3,13,37,50,1040778,973034,14412,17770,736456,2045994,2782451,572
2020/07/26,2020,7,26,chokepoint1,Suez Canal,15,18,9,3,16,45,61,1007272,615112,69628,10474,555154,1702486,2257641,573
2020/07/27,2020,7,27,chokepoint1,Suez Canal,13,14,5,3,16,35,51,1002566,902466,36332,20100,799721,1961465,2761186,574
2020/07/28,2020,7,28,chokepoint1,Suez Canal,19,9,3,2,13,33,46,1139189,658854,20317,11021,551822,1829382,2381205,575
2020/07/29,2020,7,29,chokepoint1,Suez Canal,15,10,4,2,11,31,42,1010727,643499,13075,4538,196978,1671841,1868819,576
2020/07/30,2020,7,30,chokepoint1,Suez Canal,13,21,7,1,12,42,54,798531,690285,27361,6456,558935,1522636,2081571,577
2020/07/31,2020,7,31,chokepoint1,Suez Canal,18,15,6,0,18,39,57,1301514,765573,4012,0,479465,2071100,2550566,578
2020/08/01,2020,8,1,chokepoint1,Suez Canal,18,7,1,2,15,28,43,1161802,326805,1115,9253,831959,1498976,2330936,579
2020/08/02,2020,8,2,chokepoint1,Suez Canal,12,18,6,1,12,37,49,659702,994614,29186,6492,567201,1689996,2257197,580
2020/08/03,2020,8,3,chokepoint1,Suez Canal,15,16,10,2,10,43,53,902697,582138,35163,14156,261318,1534156,1795474,581
2020/08/04,2020,8,4,chokepoint1,Suez Canal,19,14,6,1,11,40,51,1318865,469257,23438,0,220219,1811561,2031780,582
2020/08/05,2020,8,5,chokepoint1,Suez Canal,16,12,6,1,14,35,49,992834,283587,47117,0,566831,1323538,1890370,583
2020/08/06,2020,8,6,chokepoint1,Suez Canal,14,23,3,4,14,44,58,695628,1163335,9624,9171,458493,1877758,2336252,584
2020/08/07,2020,8,7,chokepoint1,Suez Canal,19,12,5,1,13,37,50,1038505,754586,7219,3978,814917,1804290,2619207,585
2020/08/08,2020,8,8,chokepoint1,Suez Canal,19,8,2,2,11,31,42,1359762,678764,17379,13308,450560,2069214,2519775,586
2020/08/09,2020,8,9,chokepoint1,Suez Canal,13,10,3,0,10,26,36,797602,362100,1577,0,643226,1161280,1804506,587
2020/08/10,2020,8,10,chokepoint1,Suez Canal,13,21,12,1,11,47,58,674371,867481,34768,4621,307784,1581243,1889027,588
2020/08/11,2020,8,11,chokepoint1,Suez Canal,17,9,3,3,8,32,40,1040096,782419,17542,15461,605932,1855519,2461452,589
2020/08/12,2020,8,12,chokepoint1,Suez Canal,15,14,6,1,10,36,46,994745,711150,7781,3449,249553,1717127,1966680,590
2020/08/13,2020,8,13,chokepoint1,Suez Canal,13,11,7,2,20,33,53,529324,450788,42250,11202,737046,1033566,1770613,591
2020/08/14,2020,8,14,chokepoint1,Suez Canal,19,19,5,1,11,44,55,1226985,871558,4292,2746,337453,2105582,2443036,592
2020/08/15,2020,8,15,chokepoint1,Suez Canal,19,12,5,3,9,39,48,1360448,699567,20588,8980,642536,2089584,2732120,593
2020/08/16,2020,8,16,chokepoint1,Suez Canal,15,15,8,4,7,42,49,1090181,1103650,18805,18260,521862,2230898,2752761,594
2020/08/17,2020,8,17,chokepoint1,Suez Canal,15,17,4,4,20,40,60,1003089,696422,11347,17426,860124,1728286,2588410,595
2020/08/18,2020,8,18,chokepoint1,Suez Canal,14,9,4,1,16,28,44,708194,612140,38631,5263,1123152,1364229,2487382,596
2020/08/19,2020,8,19,chokepoint1,Suez Canal,19,19,6,1,7,45,52,1264124,1090194,60530,7991,287000,2422839,2709840,597
2020/08/20,2020,8,20,chokepoint1,Suez Canal,12,15,5,2,19,34,53,627690,619489,45386,12984,1213185,1305550,2518736,598
2020/08/21,2020,8,21,chokepoint1,Suez Canal,16,20,8,1,16,45,61,1240693,884712,25347,4876,510424,2155629,2666053,599
2020/08/22,2020,8,22,chokepoint1,Suez Canal,22,6,3,1,5,32,37,1287145,335672,3527,2731,338675,1629076,1967752,600
2020/08/23,2020,8,23,chokepoint1,Suez Canal,15,16,6,0,11,37,48,904603,927669,30642,0,316928,1862915,2179844,601
2020/08/24,2020,8,24,chokepoint1,Suez Canal,17,16,3,1,23,37,60,1119448,621645,8095,0,694449,1749189,2443638,602
2020/08/25,2020,8,25,chokepoint1,Suez Canal,19,11,7,7,20,44,64,1003322,446320,43956,40206,725689,1533806,2259496,603
2020/08/26,2020,8,26,chokepoint1,Suez Canal,15,17,3,1,18,36,54,901476,859450,8454,0,650081,1769382,2419463,604
2020/08/27,2020,8,27,chokepoint1,Suez Canal,10,15,6,4,16,35,51,652082,1061080,26752,14008,649765,1753924,2403689,605
2020/08/28,2020,8,28,chokepoint1,Suez Canal,23,22,4,2,6,51,57,1397193,960372,6542,6261,228968,2370369,2599337,606
2020/08/29,2020,8,29,chokepoint1,Suez Canal,23,6,5,1,14,35,49,1302590,382802,28746,5872,348185,1720012,2068197,607
2020/08/30,2020,8,30,chokepoint1,Suez Canal,11,19,4,2,18,36,54,700326,785091,26793,6044,741254,1518256,2259511,608
2020/08/31,2020,8,31,chokepoint1,Suez Canal,16,13,6,3,16,38,54,1258942,449878,28810,7090,405423,1744721,2150145,609
2020/09/01,2020,9,1,chokepoint1,Suez Canal,14,20,6,1,21,41,62,952314,870653,9989,5409,1140576,1838366,2978942,610
2020/09/02,2020,9,2,chokepoint1,Suez Canal,23,22,7,0,9,52,61,1197901,791667,24832,0,424426,2014401,2438827,611
2020/09/03,2020,9,3,chokepoint1,Suez Canal,13,26,7,0,16,46,62,442595,1189628,12758,0,747154,1644982,2392137,612
2020/09/04,2020,9,4,chokepoint1,Suez Canal,25,9,3,2,9,39,48,1761295,602340,17935,9875,469892,2391447,2861339,613
2020/09/05,2020,9,5,chokepoint1,Suez Canal,14,11,4,2,18,31,49,999686,618183,15183,11557,836635,1644609,2481245,614
2020/09/06,2020,9,6,chokepoint1,Suez Canal,12,22,7,1,20,42,62,663127,819873,20611,7998,863123,1511611,2374734,615
2020/09/07,2020,9,7,chokepoint1,Suez Canal,17,19,3,3,9,42,51,1278593,1065559,6500,11004,383524,2361658,2745183,616
2020/09/08,2020,9,8,chokepoint1,Suez Canal,14,13,4,1,8,32,40,790618,837290,14431,4948,407510,1647288,2054799,617
2020/09/09,2020,9,9,chokepoint1,Suez Canal,13,17,6,1,11,37,48,789558,789268,7774,4096,401185,1590699,1991884,618
2020/09/10,2020,9,10,chokepoint1,Suez Canal,12,18,8,1,17,39,56,755461,749669,50345,2672,711700,1558148,2269849,619
2020/09/11,2020,9,11,chokepoint1,Suez Canal,24,18,5,2,11,49,60,1759051,824094,12476,6454,115814,2602077,2717892,620
2020/09/12,2020,9,12,chokepoint1,Suez Canal,18,12,2,2,12,34,46,1086719,908548,6010,6784,554336,2008063,2562399,621
2020/09/13,2020,9,13,chokepoint1,Suez Canal,13,11,6,0,14,30,44,706247,357535,27486,0,563923,1091270,1655194,622
2020/09/14,2020,9,14,chokepoint1,Suez Canal,12,19,6,2,14,39,53,553619,838837,11189,9734,409431,1413381,1822813,623
2020/09/15,2020,9,15,chokepoint1,Suez Canal,19,18,7,4,11,48,59,1280006,1138733,29359,13504,260793,2461605,2722398,624
2020/09/16,2020,9,16,chokepoint1,Suez Canal,16,15,5,1,14,37,51,955144,732319,26090,0,246013,1713554,1959567,625
2020/09/17,2020,9,17,chokepoint1,Suez Canal,19,21,5,3,8,48,56,1125825,724041,24955,13245,411877,1888067,2299944,626
2020/09/18,2020,9,18,chokepoint1,Suez Canal,18,20,10,2,11,50,61,1384174,933017,15913,10077,455084,2343183,2798268,627
2020/09/19,2020,9,19,chokepoint1,Suez Canal,14,3,3,3,11,23,34,809399,174244,10256,14307,714399,1008207,1722606,628
2020/09/20,2020,9,20,chokepoint1,Suez Canal,19,12,5,1,9,37,46,1203799,739780,15712,3476,545388,1962768,2508157,629
2020/09/21,2020,9,21,chokepoint1,Suez Canal,16,18,6,1,18,41,59,915960,833631,35480,1805,340151,1786878,2127029,630
2020/09/22,2020,9,22,chokepoint1,Suez Canal,15,17,5,4,16,41,57,925170,814794,18419,14823,860963,1773208,2634171,631
2020/09/23,2020,9,23,chokepoint1,Suez Canal,25,10,3,4,7,42,49,1427131,749733,25567,22048,136071,2224481,2360552,632
2020/09/24,2020,9,24,chokepoint1,Suez Canal,18,16,6,1,14,41,55,784238,852053,18554,877,544355,1655724,2200080,633
2020/09/25,2020,9,25,chokepoint1,Suez Canal,20,9,7,2,18,38,56,1260828,423984,11123,6975,586358,1702911,2289269,634
2020/09/26,2020,9,26,chokepoint1,Suez Canal,18,12,3,2,16,35,51,1175322,884892,11665,18403,824912,2090283,2915196,635
2020/09/27,2020,9,27,chokepoint1,Suez Canal,12,19,7,1,12,39,51,830567,978519,24871,0,476985,1833959,2310944,636
2020/09/28,2020,9,28,chokepoint1,Suez Canal,14,9,1,2,14,26,40,999800,459457,1776,4464,621397,1465498,2086896,637
2020/09/29,2020,9,29,chokepoint1,Suez Canal,12,18,3,2,19,35,54,654249,806852,6810,8048,724875,1475961,2200837,638
2020/09/30,2020,9,30,chokepoint1,Suez Canal,18,12,2,5,9,37,46,1206808,919788,7185,28765,399539,2162548,2562088,639
2020/10/01,2020,10,1,chokepoint1,Suez Canal,22,17,5,1,11,45,56,1183799,859936,31525,4869,175418,2080131,2255550,640
2020/10/02,2020,10,2,chokepoint1,Suez Canal,17,16,4,2,9,39,48,908901,594904,13018,12237,330347,1529061,1859408,641
2020/10/03,2020,10,3,chokepoint1,Suez Canal,20,9,5,5,14,39,53,1512657,331547,5642,23119,566888,1872967,2439855,642
2020/10/04,2020,10,4,chokepoint1,Suez Canal,12,20,11,2,19,45,64,621706,857449,31629,3870,805377,1514655,2320033,643
2020/10/05,2020,10,5,chokepoint1,Suez Canal,21,17,5,1,13,44,57,1277475,1029531,53054,5044,372099,2365106,2737205,644
2020/10/06,2020,10,6,chokepoint1,Suez Canal,13,16,6,2,20,37,57,784679,970955,22374,20387,807100,1798396,2605496,645
2020/10/07,2020,10,7,chokepoint1,Suez Canal,18,11,4,5,17,38,55,1189979,578414,15940,22432,594676,1806766,2401443,646
2020/10/08,2020,10,8,chokepoint1,Suez Canal,14,19,9,4,11,46,57,724864,823090,19034,13607,729867,1580596,2310464,647
2020/10/09,2020,10,9,chokepoint1,Suez Canal,22,8,4,1,10,35,45,1658656,297141,13608,4865,99909,1974271,2074181,648
2020/10/10,2020,10,10,chokepoint1,Suez Canal,10,17,3,5,16,35,51,627195,458641,24657,17416,448472,1127911,1576383,649
2020/10/11,2020,10,11,chokepoint1,Suez Canal,20,12,5,5,16,42,58,1245956,755035,18580,12954,536695,2032526,2569222,650
2020/10/12,2020,10,12,chokepoint1,Suez Canal,15,17,2,4,8,38,46,953473,576061,4166,14449,343587,1548151,1891739,651
2020/10/13,2020,10,13,chokepoint1,Suez Canal,13,22,5,2,14,42,56,782707,994976,15393,0,491817,1793077,2284895,652
2020/10/14,2020,10,14,chokepoint1,Suez Canal,21,14,7,5,12,47,59,1296865,535149,22379,23736,638408,1878130,2516539,653
2020/10/15,2020,10,15,chokepoint1,Suez Canal,15,10,12,0,17,37,54,926924,457583,58801,0,691052,1443309,2134362,654
2020/10/16,2020,10,16,chokepoint1,Suez Canal,17,7,0,3,8,27,35,1070419,445482,0,18786,328681,1534687,1863368,655
2020/10/17,2020,10,17,chokepoint1,Suez Canal,15,13,9,1,11,38,49,927818,719042,35151,0,421510,1682012,2103522,656
2020/10/18,2020,10,18,chokepoint1,Suez Canal,11,18,4,2,8,35,43,813704,1006460,8455,10323,210874,1838943,2049817,657
2020/10/19,2020,10,19,chokepoint1,Suez Canal,22,16,4,1,9,43,52,1430542,913365,11075,3985,592956,2358969,2951926,658
2020/10/20,2020,10,20,chokepoint1,Suez Canal,20,14,6,1,18,41,59,1188981,1033341,18383,0,613129,2240705,2853835,659
2020/10/21,2020,10,21,chokepoint1,Suez Canal,16,20,2,4,12,42,54,829141,686508,4389,18268,826656,1538308,2364964,660
2020/10/22,2020,10,22,chokepoint1,Suez Canal,17,16,2,2,12,37,49,865848,738688,9472,7185,812188,1621195,2433383,661
2020/10/23,2020,10,23,chokepoint1,Suez Canal,16,16,7,3,14,42,56,1285259,603851,9143,17411,623203,1915667,2538870,662
2020/10/24,2020,10,24,chokepoint1,Suez Canal,19,17,4,3,11,43,54,1195162,735863,15751,9401,438699,1956178,2394878,663
2020/10/25,2020,10,25,chokepoint1,Suez Canal,19,12,3,2,16,36,52,1266158,593834,14101,7244,803965,1881339,2685304,664
2020/10/26,2020,10,26,chokepoint1,Suez Canal,14,16,3,2,13,35,48,863874,916701,12747,13396,457235,1806719,2263955,665
2020/10/27,2020,10,27,chokepoint1,Suez Canal,11,23,5,2,15,41,56,736396,877861,46866,9400,974625,1670524,2645149,666
2020/10/28,2020,10,28,chokepoint1,Suez Canal,23,14,2,3,17,42,59,1341175,953135,12114,4280,801036,2310705,3111741,667
2020/10/29,2020,10,29,chokepoint1,Suez Canal,19,19,6,2,14,46,60,797297,548157,23535,11428,700221,1380419,2080641,668
2020/10/30,2020,10,30,chokepoint1,Suez Canal,22,11,13,2,13,48,61,1670225,688381,37401,6166,283342,2402176,2685518,669
2020/10/31,2020,10,31,chokepoint1,Suez Canal,15,28,5,1,8,49,57,1024730,616391,14627,5380,338759,1661130,1999889,670
2020/11/01,2020,11,1,chokepoint1,Suez Canal,17,12,1,4,12,34,46,1010955,726779,3908,6921,580381,1748566,2328947,671
2020/11/02,2020,11,2,chokepoint1,Suez Canal,15,16,8,0,15,39,54,810756,596007,18978,0,450657,1425742,1876399,672
2020/11/03,2020,11,3,chokepoint1,Suez Canal,16,16,3,1,17,36,53,1088929,759688,6215,8919,949639,1863752,2813391,673
2020/11/04,2020,11,4,chokepoint1,Suez Canal,12,17,5,3,14,37,51,825490,635641,19816,11249,819491,1492197,2311688,674
2020/11/05,2020,11,5,chokepoint1,Suez Canal,15,22,5,1,15,43,58,936374,928808,6612,4119,545331,1875914,2421246,675
2020/11/06,2020,11,6,chokepoint1,Suez Canal,24,7,3,3,10,37,47,1629588,367118,41313,14879,686952,2052899,2739852,676
2020/11/07,2020,11,7,chokepoint1,Suez Canal,22,10,5,3,12,40,52,1398954,574449,19270,23870,387169,2016545,2403715,677
2020/11/08,2020,11,8,chokepoint1,Suez Canal,13,22,6,3,16,44,60,925854,974777,29991,27379,596516,1958003,2554520,678
2020/11/09,2020,11,9,chokepoint1,Suez Canal,15,23,7,3,17,48,65,676121,984552,38813,13592,488522,1713081,2201604,679
2020/11/10,2020,11,10,chokepoint1,Suez Canal,12,12,7,2,15,33,48,763367,567947,34758,7695,1036506,1373768,2410275,680
2020/11/11,2020,11,11,chokepoint1,Suez Canal,17,16,11,2,16,46,62,1035211,1030718,58123,5256,675637,2129310,2804948,681
2020/11/12,2020,11,12,chokepoint1,Suez Canal,18,12,4,2,12,36,48,1250138,537082,3519,5665,490029,1796405,2286435,682
2020/11/13,2020,11,13,chokepoint1,Suez Canal,14,15,9,1,15,39,54,871049,814419,47862,2779,568543,1736110,2304653,683
2020/11/14,2020,11,14,chokepoint1,Suez Canal,19,17,10,4,16,50,66,1125374,786358,43166,10549,567559,1965448,2533008,684
2020/11/15,2020,11,15,chokepoint1,Suez Canal,15,14,9,3,12,41,53,1073389,587821,49841,12891,681356,1723943,2405300,685
2020/11/16,2020,11,16,chokepoint1,Suez Canal,14,12,7,3,16,36,52,757618,654435,17240,12695,584748,1441989,2026738,686
2020/11/17,2020,11,17,chokepoint1,Suez Canal,20,18,10,3,13,51,64,997470,1006442,57553,13617,691412,2075084,2766496,687
2020/11/18,2020,11,18,chokepoint1,Suez Canal,19,12,2,2,18,35,53,1555230,957935,7283,9618,853573,2530067,3383640,688
2020/11/19,2020,11,19,chokepoint1,Suez Canal,15,15,3,3,18,36,54,859157,698962,29738,11677,452470,1599535,2052005,689
2020/11/20,2020,11,20,chokepoint1,Suez Canal,16,14,5,0,21,35,56,1062813,617727,19065,0,1117130,1699606,2816737,690
2020/11/21,2020,11,21,chokepoint1,Suez Canal,22,24,1,1,15,48,63,1460997,1225881,1115,3221,691950,2691215,3383165,691
2020/11/22,2020,11,22,chokepoint1,Suez Canal,13,18,9,2,16,42,58,829992,821256,47934,8929,502188,1708112,2210301,692
2020/11/23,2020,11,23,chokepoint1,Suez Canal,18,17,3,5,9,43,52,1174119,955726,3322,22321,439174,2155491,2594666,693
2020/11/24,2020,11,24,chokepoint1,Suez Canal,15,7,4,3,10,29,39,957599,631985,3426,19239,652562,1612251,2264814,694
2020/11/25,2020,11,25,chokepoint1,Suez Canal,15,14,11,3,15,43,58,920168,577513,36044,12627,505473,1546354,2051827,695
2020/11/26,2020,11,26,chokepoint1,Suez Canal,21,8,6,1,11,36,47,1367097,560563,8996,0,457202,1936657,2393860,696
2020/11/27,2020,11,27,chokepoint1,Suez Canal,18,16,6,4,17,44,61,1142429,482214,15444,21253,374426,1661342,2035769,697
2020/11/28,2020,11,28,chokepoint1,Suez Canal,20,17,6,3,15,46,61,1226455,872717,14436,15570,557853,2129181,2687034,698
2020/11/29,2020,11,29,chokepoint1,Suez Canal,18,15,5,4,17,42,59,1102404,1049491,54101,15833,881198,2221830,3103029,699
2020/11/30,2020,11,30,chokepoint1,Suez Canal,18,6,5,3,12,32,44,1140240,486315,10590,14293,554921,1651439,2206361,700
2020/12/01,2020,12,1,chokepoint1,Suez Canal,10,14,3,0,16,27,43,605872,715954,8752,0,386100,1330579,1716680,701
2020/12/02,2020,12,2,chokepoint1,Suez Canal,14,23,5,3,10,45,55,1055571,986616,17571,6678,565613,2066438,2632051,702
2020/12/03,2020,12,3,chokepoint1,Suez Canal,19,6,4,2,13,31,44,1222985,360295,31229,11160,742924,1625671,2368595,703
2020/12/04,2020,12,4,chokepoint1,Suez Canal,19,19,6,0,22,44,66,1171466,813458,37350,0,703935,2022276,2726211,704
2020/12/05,2020,12,5,chokepoint1,Suez Canal,16,13,3,2,16,34,50,1188143,578852,302,12156,395764,1779455,2175220,705
2020/12/06,2020,12,6,chokepoint1,Suez Canal,16,14,5,2,14,37,51,1193550,859035,14489,805,691589,2067880,2759470,706
2020/12/07,2020,12,7,chokepoint1,Suez Canal,14,13,6,3,23,36,59,505139,632980,12660,8757,1084015,1159537,2243553,707
2020/12/08,2020,12,8,chokepoint1,Suez Canal,19,13,6,1,16,39,55,977168,900001,27012,5777,719983,1909959,2629942,708
2020/12/09,2020,12,9,chokepoint1,Suez Canal,13,8,9,2,21,32,53,1094518,358258,28809,18334,1229104,1499919,2729024,709
2020/12/10,2020,12,10,chokepoint1,Suez Canal,15,21,5,0,13,41,54,1115249,1229544,15324,0,495725,2360118,2855844,710
2020/12/11,2020,12,11,chokepoint1,Suez Canal,19,7,6,0,20,32,52,1435674,510365,28959,0,1418579,1974999,3393578,711
2020/12/12,2020,12,12,chokepoint1,Suez Canal,11,12,3,4,14,30,44,609127,340881,24465,15764,275226,990239,1265466,712
2020/12/13,2020,12,13,chokepoint1,Suez Canal,24,14,5,0,7,43,50,1248938,915848,11088,0,323656,2175876,2499533,713
2020/12/14,2020,12,14,chokepoint1,Suez Canal,21,12,1,4,16,38,54,1416201,651296,4250,19015,337476,2090764,2428241,714
2020/12/15,2020,12,15,chokepoint1,Suez Canal,17,10,4,2,14,33,47,1004307,446095,29305,6697,667973,1486406,2154379,715
2020/12/16,2020,12,16,chokepoint1,Suez Canal,9,16,9,2,12,36,48,606970,477541,10103,4050,434977,1098666,1533643,716
2020/12/17,2020,12,17,chokepoint1,Suez Canal,19,24,3,3,11,49,60,1513738,1444366,27890,11732,290055,2997727,3287782,717
2020/12/18,2020,12,18,chokepoint1,Suez Canal,14,10,8,2,15,34,49,1053214,615563,24549,9416,681498,1702744,2384243,718
2020/12/19,2020,12,19,chokepoint1,Suez Canal,18,14,8,2,20,42,62,1135713,801038,24216,17861,544984,1978830,2523815,719
2020/12/20,2020,12,20,chokepoint1,Suez Canal,20,8,3,3,19,34,53,1180671,612894,10023,19634,892617,1823223,2715841,720
2020/12/21,2020,12,21,chokepoint1,Suez Canal,18,18,7,2,12,45,57,1019801,784200,28876,8572,627813,1841451,2469264,721
2020/12/22,2020,12,22,chokepoint1,Suez Canal,16,14,4,3,14,37,51,969765,802473,7405,13021,651331,1792666,2443997,722
2020/12/23,2020,12,23,chokepoint1,Suez Canal,11,7,2,2,24,22,46,767670,428877,3562,7757,740973,1207867,1948840,723
2020/12/24,2020,12,24,chokepoint1,Suez Canal,17,14,8,3,11,42,53,1180083,552600,51089,15361,386572,1799133,2185706,724
2020/12/25,2020,12,25,chokepoint1,Suez Canal,18,16,7,2,19,43,62,1139795,798224,64822,16396,686758,2019239,2705997,725
2020/12/26,2020,12,26,chokepoint1,Suez Canal,14,14,4,2,18,34,52,916213,972363,23315,0,623596,1911893,2535489,726
2020/12/27,2020,12,27,chokepoint1,Suez Canal,13,15,4,3,17,35,52,983598,680774,14169,11559,864985,1690102,2555087,727
2020/12/28,2020,12,28,chokepoint1,Suez Canal,15,12,4,2,14,33,47,910643,948875,22738,6517,637883,1888775,2526658,728
2020/12/29,2020,12,29,chokepoint1,Suez Canal,18,11,3,2,11,34,45,1106295,610936,3602,11194,373323,1732029,2105352,729
2020/12/30,2020,12,30,chokepoint1,Suez Canal,12,13,9,1,16,35,51,863942,666085,15511,4812,522315,1550352,2072667,730
2020/12/31,2020,12,31,chokepoint1,Suez Canal,16,15,4,1,18,36,54,1048753,976896,41623,3748,626442,2071022,2697465,731
2021/01/01,2021,1,1,chokepoint1,Suez Canal,20,15,7,3,14,45,59,1419895,730580,19444,12480,510900,2182400,2693301,732
2021/01/02,2021,1,2,chokepoint1,Suez Canal,21,14,9,3,15,47,62,1075441,841142,61191,14816,684574,1992591,2677166,733
2021/01/03,2021,1,3,chokepoint1,Suez Canal,18,13,3,2,13,36,49,1022310,465861,20185,0,410464,1508357,1918821,734
2021/01/04,2021,1,4,chokepoint1,Suez Canal,16,19,2,5,13,42,55,938588,878411,5013,17109,448128,1839122,2287251,735
2021/01/05,2021,1,5,chokepoint1,Suez Canal,10,14,4,3,16,31,47,721776,803423,10273,4042,841828,1539516,2381345,736
2021/01/06,2021,1,6,chokepoint1,Suez Canal,13,14,4,2,19,33,52,718970,942156,26924,11532,919971,1699584,2619555,737
2021/01/07,2021,1,7,chokepoint1,Suez Canal,15,6,1,0,19,22,41,1099087,554319,972,0,1426653,1654379,3081033,738
2021/01/08,2021,1,8,chokepoint1,Suez Canal,22,19,1,6,16,48,64,1492097,865200,3908,35379,897335,2396587,3293922,739
2021/01/09,2021,1,9,chokepoint1,Suez Canal,16,18,5,1,17,40,57,1111236,892894,16859,5475,829642,2026466,2856109,740
2021/01/10,2021,1,10,chokepoint1,Suez Canal,16,14,4,4,22,38,60,1039808,750354,13176,18149,792463,1821488,2613952,741
2021/01/11,2021,1,11,chokepoint1,Suez Canal,16,8,3,0,22,27,49,1000555,538522,14433,0,853770,1553511,2407282,742
2021/01/12,2021,1,12,chokepoint1,Suez Canal,18,14,6,3,8,41,49,728793,671593,6693,8347,597711,1415428,2013139,743
2021/01/13,2021,1,13,chokepoint1,Suez Canal,18,15,4,1,12,38,50,892570,1008722,20680,3034,259163,1925007,2184171,744
2021/01/14,2021,1,14,chokepoint1,Suez Canal,13,12,8,4,14,37,51,963425,359666,26291,14770,580043,1364154,1944198,745
2021/01/15,2021,1,15,chokepoint1,Suez Canal,17,9,5,0,24,31,55,1066881,546564,13512,0,832098,1626958,2459056,746
2021/01/16,2021,1,16,chokepoint1,Suez Canal,13,12,4,2,22,31,53,774639,308376,62002,4860,544412,1149880,1694293,747
2021/01/17,2021,1,17,chokepoint1,Suez Canal,15,8,7,2,22,32,54,992891,743723,29828,5345,859893,1771788,2631682,748
2021/01/18,2021,1,18,chokepoint1,Suez Canal,11,15,6,3,14,35,49,540753,692910,20668,8590,911871,1262923,2174795,749
2021/01/19,2021,1,19,chokepoint1,Suez Canal,17,11,2,2,11,32,43,1024343,478902,5727,10428,540022,1519402,2059424,750
2021/01/20,2021,1,20,chokepoint1,Suez Canal,10,17,3,1,16,31,47,694256,968024,9695,0,668800,1671976,2340777,751
2021/01/21,2021,1,21,chokepoint1,Suez Canal,22,10,7,1,17,40,57,1234029,486216,55798,0,1133361,1776044,2909406,752
2021/01/22,2021,1,22,chokepoint1,Suez Canal,22,8,5,0,18,35,53,1412313,420799,6726,0,393574,1839838,2233412,753
2021/01/23,2021,1,23,chokepoint1,Suez Canal,16,13,4,0,13,33,46,931199,552309,12233,0,516668,1495743,2012411,754
2021/01/24,2021,1,24,chokepoint1,Suez Canal,21,15,8,2,22,46,68,1249204,736532,23109,3804,503640,2012651,2516291,755
2021/01/25,2021,1,25,chokepoint1,Suez Canal,16,15,3,3,17,37,54,877133,1073112,4296,22316,740367,1976859,2717226,756
2021/01/26,2021,1,26,chokepoint1,Suez Canal,15,7,5,2,19,29,48,1053867,163993,26432,10872,448858,1255165,1704023,757
2021/01/27,2021,1,27,chokepoint1,Suez Canal,16,9,4,3,11,32,43,862982,404951,23802,9980,412456,1301717,1714173,758
2021/01/28,2021,1,28,chokepoint1,Suez Canal,11,15,12,3,8,41,49,626243,605914,13344,2677,151579,1248179,1399759,759
2021/01/29,2021,1,29,chokepoint1,Suez Canal,21,13,6,3,18,43,61,1108292,320538,31190,7085,908220,1467106,2375327,760
2021/01/30,2021,1,30,chokepoint1,Suez Canal,18,12,4,5,14,39,53,1192584,896390,19213,23046,331569,2131236,2462805,761
2021/01/31,2021,1,31,chokepoint1,Suez Canal,11,10,7,2,16,30,46,821823,204963,51702,11619,592195,1090108,1682304,762
2021/02/01,2021,2,1,chokepoint1,Suez Canal,16,12,5,2,15,35,50,869893,684774,11256,17233,775897,1583157,2359055,763
2021/02/02,2021,2,2,chokepoint1,Suez Canal,24,8,1,1,16,34,50,1624134,621802,18045,0,527519,2263982,2791502,764
2021/02/03,2021,2,3,chokepoint1,Suez Canal,14,16,9,4,21,43,64,873908,618711,33383,13466,801072,1539470,2340542,765
2021/02/04,2021,2,4,chokepoint1,Suez Canal,14,17,3,2,21,36,57,754724,858765,9199,12791,1119652,1635481,2755133,766
2021/02/05,2021,2,5,chokepoint1,Suez Canal,27,12,4,2,21,45,66,1687474,441686,9389,16302,657297,2154853,2812150,767
2021/02/06,2021,2,6,chokepoint1,Suez Canal,10,8,8,0,14,26,40,665468,308203,52842,0,562144,1026514,1588658,768
2021/02/07,2021,2,7,chokepoint1,Suez Canal,13,8,6,2,14,29,43,644343,429966,14188,3459,965342,1091957,2057299,769
2021/02/08,2021,2,8,chokepoint1,Suez Canal,19,12,7,1,14,39,53,1157624,645773,36308,4551,444648,1844257,2288906,770
2021/02/09,2021,2,9,chokepoint1,Suez Canal,15,15,5,2,18,37,55,993971,307349,6405,10005,528915,1317731,1846646,771
2021/02/10,2021,2,10,chokepoint1,Suez Canal,17,22,7,2,17,48,65,1042914,1212101,32320,8704,676460,2296040,2972501,772
2021/02/11,2021,2,11,chokepoint1,Suez Canal,17,25,8,2,15,52,67,999916,1195315,31487,5475,805791,2232196,3037987,773
2021/02/12,2021,2,12,chokepoint1,Suez Canal,23,16,9,2,15,50,65,1813171,886401,61685,12639,381743,2773898,3155642,774
2021/02/13,2021,2,13,chokepoint1,Suez Canal,17,18,8,3,14,46,60,1297167,1302058,53964,24300,492721,2677490,3170212,775
2021/02/14,2021,2,14,chokepoint1,Suez Canal,11,18,4,6,16,39,55,820902,742445,56962,37287,290734,1657598,1948332,776
2021/02/15,2021,2,15,chokepoint1,Suez Canal,18,15,4,4,9,41,50,1253640,580095,7525,20763,407109,1862025,2269135,777
2021/02/16,2021,2,16,chokepoint1,Suez Canal,16,5,3,2,15,26,41,1001657,489621,9644,2429,962635,1503353,2465989,778
2021/02/17,2021,2,17,chokepoint1,Suez Canal,11,17,4,2,16,34,50,556171,977079,34060,3247,319080,1570558,1889638,779
2021/02/18,2021,2,18,chokepoint1,Suez Canal,18,14,5,4,18,41,59,1235940,702089,8433,12886,1137843,1959350,3097194,780
2021/02/19,2021,2,19,chokepoint1,Suez Canal,20,20,9,1,19,50,69,1109790,990628,32347,4407,876619,2137172,3013792,781
2021/02/20,2021,2,20,chokepoint1,Suez Canal,19,14,7,3,23,43,66,1011852,789806,97611,13173,1156273,1912444,3068717,782
2021/02/21,2021,2,21,chokepoint1,Suez Canal,17,12,4,0,14,33,47,1087095,506172,9590,0,754887,1602857,2357745,783
2021/02/22,2021,2,22,chokepoint1,Suez Canal,8,13,6,2,25,29,54,266353,566607,49914,15754,1928200,898630,2826831,784
2021/02/23,2021,2,23,chokepoint1,Suez Canal,21,13,5,2,21,41,62,1353552,550008,30342,4942,545750,1938845,2484595,785
2021/02/24,2021,2,24,chokepoint1,Suez Canal,15,15,3,3,14,36,50,840674,1101265,10107,16135,966709,1968182,2934892,786
2021/02/25,2021,2,25,chokepoint1,Suez Canal,14,18,13,4,16,49,65,1142728,730810,46524,23061,785357,1943124,2728481,787
2021/02/26,2021,2,26,chokepoint1,Suez Canal,19,19,4,5,18,47,65,1010022,1070280,34826,15963,857172,2131092,2988265,788
2021/02/27,2021,2,27,chokepoint1,Suez Canal,16,10,5,1,11,32,43,921946,585967,10797,6388,296521,1525099,1821621,789
2021/02/28,2021,2,28,chokepoint1,Suez Canal,17,25,8,2,12,52,64,999517,1364800,35914,12460,487776,2412693,2900469,790
2021/03/01,2021,3,1,chokepoint1,Suez Canal,23,12,9,4,16,48,64,1382743,661206,10123,16985,807625,2071059,2878685,791
2021/03/02,2021,3,2,chokepoint1,Suez Canal,17,18,4,3,9,42,51,800648,932812,19794,12509,278532,1765764,2044297,792
2021/03/03,2021,3,3,chokepoint1,Suez Canal,14,11,8,7,25,40,65,925848,699163,32827,33456,1128078,1691296,2819375,793
2021/03/04,2021,3,4,chokepoint1,Suez Canal,20,11,6,1,20,38,58,1325043,486890,20142,4730,949927,1836806,2786733,794
2021/03/05,2021,3,5,chokepoint1,Suez Canal,19,13,5,2,22,39,61,1206504,691959,53680,0,1016161,1952144,2968305,795
2021/03/06,2021,3,6,chokepoint1,Suez Canal,19,15,5,2,13,41,54,1267244,891878,3580,9299,526094,2172003,2698097,796
2021/03/07,2021,3,7,chokepoint1,Suez Canal,16,15,9,3,22,43,65,800221,644867,58415,15691,697770,1519195,2216966,797
2021/03/08,2021,3,8,chokepoint1,Suez Canal,19,18,4,3,13,44,57,1025592,741419,15323,4913,417791,1787249,2205040,798
2021/03/09,2021,3,9,chokepoint1,Suez Canal,21,22,11,2,13,56,69,1207044,1035250,46881,11822,688535,2300999,2989534,799
2021/03/10,2021,3,10,chokepoint1,Suez Canal,18,15,4,0,24,37,61,1310466,838568,7231,0,971283,2156266,3127549,800
2023/05/20,2023,5,20,chokepoint1,Suez Canal,21,26,7,4,25,58,83,1148714,1546236,34634,10421,1503404,2740007,4243411,801
2023/05/21,2023,5,21,chokepoint1,Suez Canal,21,22,4,1,20,48,68,1053113,1593665,7970,4258,846416,2659007,3505423,802
2023/05/22,2023,5,22,chokepoint1,Suez Canal,20,14,5,3,24,42,66,1237461,715973,20024,16595,911128,1990055,2901183,803
2023/05/23,2023,5,23,chokepoint1,Suez Canal,12,28,7,4,44,51,95,374869,1311755,19619,16527,1840999,1722772,3563771,804
2023/05/24,2023,5,24,chokepoint1,Suez Canal,23,15,5,2,28,45,73,1046298,775449,15971,3812,1533529,1841531,3375060,805
2023/05/25,2023,5,25,chokepoint1,Suez Canal,23,12,3,1,10,39,49,1256223,895913,8370,4096,586553,2164605,2751158,806
2023/05/26,2023,5,26,chokepoint1,Suez Canal,19,25,6,6,32,56,88,976771,1298490,21026,34002,1519852,2330290,3850143,807
2023/05/27,2023,5,27,chokepoint1,Suez Canal,18,24,8,3,17,53,70,1380247,1403189,30488,14973,899239,2828899,3728139,808
2023/05/28,2023,5,28,chokepoint1,Suez Canal,30,27,5,3,24,65,89,1929421,1124771,18787,19042,1228813,3092022,4320836,809
2023/05/29,2023,5,29,chokepoint1,Suez Canal,18,19,3,3,26,43,69,749688,1264811,5537,10395,1583395,2030433,3613828,810
2023/05/30,2023,5,30,chokepoint1,Suez Canal,21,26,9,1,32,57,89,963487,1410526,60063,7212,1478426,2441291,3919717,811
2023/05/31,2023,5,31,chokepoint1,Suez Canal,20,20,6,3,21,49,70,920706,847685,20575,15624,1303793,1804591,3108385,812
2023/06/01,2023,6,1,chokepoint1,Suez Canal,18,24,2,2,18,46,64,958924,1120978,1442,13214,1121269,2094560,3215829,813
2023/06/02,2023,6,2,chokepoint1,Suez Canal,26,30,3,4,27,63,90,1449042,1251020,32215,19087,1021561,2751365,3772926,814
2023/06/03,2023,6,3,chokepoint1,Suez Canal,17,18,6,1,22,42,64,1112889,795219,22022,9612,1313729,1939744,3253474,815
2023/06/04,2023,6,4,chokepoint1,Suez Canal,15,11,2,3,31,31,62,825878,452428,1452,16703,1352354,1296462,2648817,816
2023/06/05,2023,6,5,chokepoint1,Suez Canal,21,19,9,2,21,51,72,1161352,812257,28279,16373,1291558,2018263,3309822,817
2023/06/06,2023,6,6,chokepoint1,Suez Canal,21,24,4,3,21,52,73,909113,1200655,21761,19501,1138966,2151031,3289998,818
2023/06/07,2023,6,7,chokepoint1,Suez Canal,28,23,4,7,27,62,89,1113125,1104509,22608,43119,1237484,2283363,3520847,819
2023/06/08,2023,6,8,chokepoint1,Suez Canal,22,19,11,0,32,52,84,1131098,909679,34209,0,1321546,2074987,3396533,820
2023/06/09,2023,6,9,chokepoint1,Suez Canal,17,18,4,6,29,45,74,1085177,1203306,35571,25781,1986029,2349836,4335866,821
2023/06/10,2023,6,10,chokepoint1,Suez Canal,18,14,5,3,40,40,80,970122,977499,16366,6560,1962109,1970548,3932658,822
2023/06/11,2023,6,11,chokepoint1,Suez Canal,29,11,3,1,30,44,74,1116343,513581,14687,4958,1477594,1649571,3127165,823
2023/06/12,2023,6,12,chokepoint1,Suez Canal,19,28,10,0,19,57,76,857369,1825167,51027,0,992050,2733564,3725614,824
2023/06/13,2023,6,13,chokepoint1,Suez Canal,15,16,7,2,30,40,70,1066328,994090,50283,8976,1012479,2119678,3132157,825
2023/06/14,2023,6,14,chokepoint1,Suez Canal,15,24,3,3,32,45,77,785088,1017391,21602,14904,1414338,1838986,3253325,826
2023/06/15,2023,6,15,chokepoint1,Suez Canal,16,16,5,5,25,42,67,768992,1126017,25510,24080,1481619,1944600,3426220,827
2023/06/16,2023,6,16,chokepoint1,Suez Canal,23,19,5,4,26,51,77,1567705,1121516,43545,10247,1331980,2743014,4074995,828
2023/06/17,2023,6,17,chokepoint1,Suez Canal,23,14,1,3,25,41,66,1592917,675587,9086,7515,1363510,2285108,3648618,829
2023/06/18,2023,6,18,chokepoint1,Suez Canal,13,25,9,9,28,56,84,761360,1409767,40781,34154,1494713,2246063,3740776,830
2023/06/19,2023,6,19,chokepoint1,Suez Canal,23,16,5,1,24,45,69,837182,947176,22453,3910,1309889,1810723,3120613,831
2023/06/20,2023,6,20,chokepoint1,Suez Canal,20,14,1,2,20,37,57,1335272,892505,3259,11033,1085026,2242072,3327098,832
2023/06/21,2023,6,21,chokepoint1,Suez Canal,20,12,5,7,29,44,73,1020395,696150,17430,24680,1656772,1758657,3415430,833
2023/06/22,2023,6,22,chokepoint1,Suez Canal,23,30,5,7,34,65,99,1214953,1400427,14189,31472,1297141,2661042,3958184,834
2023/06/23,2023,6,23,chokepoint1,Suez Canal,22,17,2,2,29,43,72,1267299,751683,3136,14913,1533480,2037032,3570512,835
2023/06/24,2023,6,24,chokepoint1,Suez Canal,26,28,11,5,26,70,96,1444483,1361439,50360,23139,762765,2879423,3642189,836
2023/06/25,2023,6,25,chokepoint1,Suez Canal,21,33,8,5,22,67,89,1154600,1733377,51170,25917,1614279,2965065,4579345,837
2023/06/26,2023,6,26,chokepoint1,Suez Canal,20,16,6,2,16,44,60,720198,782785,31594,13415,722780,1547994,2270775,838
2023/06/27,2023,6,27,chokepoint1,Suez Canal,19,18,9,1,32,47,79,1235812,968885,28878,3453,1410166,2237030,3647196,839
2023/06/28,2023,6,28,chokepoint1,Suez Canal,10,29,11,6,30,56,86,712405,1626586,61152,24658,1226612,2424803,3651415,840
2023/06/29,2023,6,29,chokepoint1,Suez Canal,18,12,0,0,21,30,51,796980,689547,0,0,1340881,1486527,2827408,841
2023/06/30,2023,6,30,chokepoint1,Suez Canal,18,27,8,2,29,55,84,1018222,999639,28570,3743,1346373,2050175,3396548,842
2023/07/01,2023,7,1,chokepoint1,Suez Canal,26,15,4,1,27,46,73,1731254,759567,13918,3202,1239723,2507942,3747666,843
2023/07/02,2023,7,2,chokepoint1,Suez Canal,24,13,9,7,27,53,80,1429898,774805,36996,26016,1281167,2267716,3548884,844
2023/07/03,2023,7,3,chokepoint1,Suez Canal,16,18,5,0,26,39,65,960602,1291002,10177,0,1461583,2261781,3723365,845
2023/07/04,2023,7,4,chokepoint1,Suez Canal,20,14,4,0,23,38,61,675289,885699,25379,0,973656,1586368,2560024,846
2023/07/05,2023,7,5,chokepoint1,Suez Canal,23,15,10,8,28,56,84,1200634,584947,58437,51537,906163,1895556,2801719,847
2023/07/06,2023,7,6,chokepoint1,Suez Canal,12,21,5,2,24,40,64,649744,1161557,22811,10817,1492991,1844931,3337923,848
2023/07/07,2023,7,7,chokepoint1,Suez Canal,24,9,5,2,28,40,68,1207946,443183,6552,5319,1148234,1663002,2811236,849
2023/07/08,2023,7,8,chokepoint1,Suez Canal,27,16,6,3,27,52,79,1422695,820074,38907,3302,1145234,2284979,3430213,850
2023/07/09,2023,7,9,chokepoint1,Suez Canal,27,17,5,1,20,50,70,1423753,890691,16126,4851,476735,2335424,2812159,851
2023/07/10,2023,7,10,chokepoint1,Suez Canal,24,31,6,6,22,67,89,1316205,1806929,32221,35914,818447,3191271,4009718,852
2023/07/11,2023,7,11,chokepoint1,Suez Canal,19,8,10,0,19,37,56,987083,611187,35450,0,1236217,1633721,2869939,853
2023/07/12,2023,7,12,chokepoint1,Suez Canal,17,9,4,2,22,32,54,759919,387694,6594,4434,1636996,1158644,2795640,854
2023/07/13,2023,7,13,chokepoint1,Suez Canal,14,21,7,5,27,47,74,903036,1089932,50563,12686,991327,2056217,3047545,855
2023/07/14,2023,7,14,chokepoint1,Suez Canal,20,17,8,3,36,48,84,874730,746773,42858,12602,1646250,1676965,3323216,856
2023/07/15,2023,7,15,chokepoint1,Suez Canal,28,15,8,4,26,55,81,1903253,629441,44512,26584,1629355,2603791,4233146,857
2023/07/16,2023,7,16,chokepoint1,Suez Canal,21,14,3,4,31,42,73,989889,944545,3639,15132,751350,1953207,2704558,858
2023/07/17,2023,7,17,chokepoint1,Suez Canal,21,4,1,0,29,26,55,1191418,286150,11314,0,1793220,1488884,3282105,859
2023/07/18,2023,7,18,chokepoint1,Suez Canal,22,20,4,2,35,48,83,1209828,1259022,5449,3193,1622489,2477494,4099984,860
2023/07/19,2023,7,19,chokepoint1,Suez Canal,24,16,8,0,29,48,77,1164968,735608,39269,0,1390545,1939846,3330392,861
2023/07/20,2023,7,20,chokepoint1,Suez Canal,17,26,2,2,31,47,78,964817,1215904,8767,8581,1543643,2198071,3741715,862
2023/07/21,2023,7,21,chokepoint1,Suez Canal,23,19,4,1,25,47,72,860781,772383,8234,3437,1055518,1644836,2700354,863
2023/07/22,2023,7,22,chokepoint1,Suez Canal,20,15,6,3,30,44,74,1282923,659349,34745,12854,1091440,1989872,3081313,864
2023/07/23,2023,7,23,chokepoint1,Suez Canal,20,16,9,3,24,48,72,1125427,750203,26700,14570,850246,1916902,2767149,865
2023/07/24,2023,7,24,chokepoint1,Suez Canal,20,13,5,3,25,41,66,783921,776297,27605,14817,1269804,1602641,2872446,866
2023/07/25,2023,7,25,chokepoint1,Suez Canal,19,15,5,5,24,44,68,1074324,1036765,15289,34322,987934,2160701,3148635,867
2023/07/26,2023,7,26,chokepoint1,Suez Canal,21,19,7,5,23,52,75,916630,996711,31608,16518,878926,1961469,2840396,868
2023/07/27,2023,7,27,chokepoint1,Suez Canal,20,16,5,4,23,45,68,1323097,876124,24608,16180,1417557,2240010,3657568,869
2023/07/28,2023,7,28,chokepoint1,Suez Canal,23,13,8,4,21,48,69,1113675,848356,33087,16768,1087002,2011888,3098891,870
2023/07/29,2023,7,29,chokepoint1,Suez Canal,18,13,4,0,31,35,66,1123353,670646,27089,0,1300981,1821089,3122071,871
2023/07/30,2023,7,30,chokepoint1,Suez Canal,20,17,11,2,16,50,66,1154985,969662,75834,3202,829350,2203684,3033035,872
2023/07/31,2023,7,31,chokepoint1,Suez Canal,16,17,4,1,30,38,68,716375,900332,13326,0,1210545,1630035,2840580,873
2023/08/01,2023,8,1,chokepoint1,Suez Canal,21,15,5,1,19,42,61,1313399,898748,14796,4401,878094,2231346,3109441,874
2023/08/02,2023,8,2,chokepoint1,Suez Canal,22,26,5,7,23,60,83,1072231,1206034,25797,29029,936237,2333093,3269330,875
2023/08/03,2023,8,3,chokepoint1,Suez Canal,15,11,9,1,22,36,58,927512,932572,53642,0,1508941,1913726,3422668,876
2023/08/04,2023,8,4,chokepoint1,Suez Canal,26,19,3,7,23,55,78,1266602,974338,12973,52430,920481,2306345,3226826,877
2023/08/05,2023,8,5,chokepoint1,Suez Canal,18,19,3,2,18,42,60,1118488,1186355,8621,9487,721339,2322953,3044293,878
2023/08/06,2023,8,6,chokepoint1,Suez Canal,23,11,1,3,15,38,53,1120908,772572,0,8855,800399,1902335,2702735,879
2023/08/07,2023,8,7,chokepoint1,Suez Canal,17,25,9,4,25,55,80,740297,1504350,35446,16092,1007235,2296187,3303422,880
2023/08/08,2023,8,8,chokepoint1,Suez Canal,18,19,7,3,26,47,73,966658,718024,16707,7442,1421625,1708833,3130458,881
2023/08/09,2023,8,9,chokepoint1,Suez Canal,26,6,4,5,33,41,74,1484423,358008,4514,28696,1293022,1875643,3168665,882
2023/08/10,2023,8,10,chokepoint1,Suez Canal,21,11,5,4,25,41,66,1155497,587697,17720,22527,1161268,1783443,2944711,883
2023/08/11,2023,8,11,chokepoint1,Suez Canal,21,16,3,5,27,45,72,1047208,1022114,12746,13732,1391681,2095801,3487483,884
2023/08/12,2023,8,12,chokepoint1,Suez Canal,25,12,2,4,17,43,60,1311052,1020220,15236,23162,913669,2369672,3283341,885
2023/08/13,2023,8,13,chokepoint1,Suez Canal,29,15,3,6,30,53,83,1349201,676499,4089,12858,1355607,2042649,3398257,886
2023/08/14,2023,8,14,chokepoint1,Suez Canal,22,21,5,0,25,48,73,1322475,1004442,40487,0,1098704,2367405,3466109,887
2023/08/15,2023,8,15,chokepoint1,Suez Canal,17,15,6,2,21,40,61,967395,879124,27077,10647,1190272,1884245,3074517,888
2023/08/16,2023,8,16,chokepoint1,Suez Canal,24,22,6,3,25,55,80,893107,1077844,37871,10772,1325395,2019596,3344991,889
2023/08/17,2023,8,17,chokepoint1,Suez Canal,22,16,6,4,23,48,71,1428500,944081,25408,18858,1119437,2416849,3536287,890
2023/08/18,2023,8,18,chokepoint1,Suez Canal,26,25,7,2,24,60,84,1501558,1300592,45192,20126,945005,2867470,3812475,891
2023/08/19,2023,8,19,chokepoint1,Suez Canal,21,20,11,3,31,55,86,945355,813967,55171,11070,1886931,1825564,3712495,892
2023/08/20,2023,8,20,chokepoint1,Suez Canal,20,23,6,1,29,50,79,1248799,1062335,27999,4594,1038561,2343730,3382292,893
2023/08/21,2023,8,21,chokepoint1,Suez Canal,21,14,6,6,20,47,67,1148827,1003089,27494,11869,870985,2191279,3062264,894
2023/08/22,2023,8,22,chokepoint1,Suez Canal,19,18,8,2,23,47,70,1000052,932512,21312,3754,1018166,1957633,2975799,895
2023/08/23,2023,8,23,chokepoint1,Suez Canal,21,14,9,3,18,47,65,1010277,741649,53038,14407,950088,1819372,2769461,896
2023/08/24,2023,8,24,chokepoint1,Suez Canal,21,26,8,5,24,60,84,1199957,1570019,28968,16529,1323378,2815476,4138854,897
2023/08/25,2023,8,25,chokepoint1,Suez Canal,18,23,5,2,18,48,66,832751,1127778,28887,17584,981537,2007001,2988539,898
2023/08/26,2023,8,26,chokepoint1,Suez Canal,19,21,5,2,21,47,68,1097499,967756,16392,7093,1034333,2088741,3123075,899
2023/08/27,2023,8,27,chokepoint1,Suez Canal,20,20,1,5,24,46,70,1226763,654257,650,13123,845345,1894794,2740140,900
2023/08/28,2023,8,28,chokepoint1,Suez Canal,22,21,5,6,29,54,83,1021426,911525,19216,24357,1319554,1976526,3296081,901
2023/08/29,2023,8,29,chokepoint1,Suez Canal,14,21,6,2,24,43,67,840527,1169449,23575,3456,1332777,2037008,3369786,902
2023/08/30,2023,8,30,chokepoint1,Suez Canal,20,20,7,3,21,50,71,896315,1084506,58646,14291,977380,2053760,3031140,903
2023/08/31,2023,8,31,chokepoint1,Suez Canal,19,20,6,3,24,48,72,1100215,1021361,31572,20034,1186122,2173184,3359306,904
2023/09/01,2023,9,1,chokepoint1,Suez Canal,22,10,9,3,26,44,70,1100072,517879,37845,7315,1011702,1663112,2674815,905
2023/09/02,2023,9,2,chokepoint1,Suez Canal,24,17,7,2,25,50,75,1277773,1043166,49552,3987,1387011,2374480,3761491,906
2023/09/03,2023,9,3,chokepoint1,Suez Canal,22,17,4,2,24,45,69,1056775,1094546,18948,9671,1102233,2179942,3282175,907
2023/09/04,2023,9,4,chokepoint1,Suez Canal,21,18,4,5,19,48,67,1116530,816246,9516,22922,1120776,1965214,3085991,908
2023/09/05,2023,9,5,chokepoint1,Suez Canal,17,9,3,3,23,32,55,733988,534583,11650,15663,956960,1295886,2252846,909
2023/09/06,2023,9,6,chokepoint1,Suez Canal,20,23,12,6,26,61,87,935333,1272351,46909,41602,1319642,2296196,3615839,910
2023/09/07,2023,9,7,chokepoint1,Suez Canal,26,24,6,4,25,60,85,1256774,1417817,15878,12473,1345331,2702944,4048275,911
2023/09/08,2023,9,8,chokepoint1,Suez Canal,27,24,4,2,24,57,81,1430326,1371983,13271,10084,1365088,2825666,4190754,912
2023/09/09,2023,9,9,chokepoint1,Suez Canal,21,15,7,4,27,47,74,1459383,920004,22389,20157,1300614,2421934,3722548,913
2023/09/10,2023,9,10,chokepoint1,Suez Canal,16,19,7,3,33,45,78,964538,845593,24603,16476,1579444,1851211,3430655,914
2023/09/11,2023,9,11,chokepoint1,Suez Canal,24,31,9,3,27,67,94,1192581,1601546,47741,0,1297037,2841869,4138906,915
2023/09/12,2023,9,12,chokepoint1,Suez Canal,17,14,5,2,32,38,70,899082,1013662,9576,8731,1746439,1931053,3677492,916
2023/09/13,2023,9,13,chokepoint1,Suez Canal,14,27,6,6,26,53,79,951643,1358232,46858,32651,1242192,2389385,3631578,917
2023/09/14,2023,9,14,chokepoint1,Suez Canal,21,19,7,1,24,48,72,1561546,1134287,32817,0,1406879,2728651,4135530,918
2023/09/15,2023,9,15,chokepoint1,Suez Canal,19,19,5,4,28,47,75,936564,757952,6537,15777,1581932,1716830,3298763,919
2023/09/16,2023,9,16,chokepoint1,Suez Canal,23,10,7,3,17,43,60,1168932,635170,13864,10816,1057105,1828784,2885890,920
2023/09/17,2023,9,17,chokepoint1,Suez Canal,24,21,8,2,22,55,77,1333903,911030,34376,4558,629177,2283869,2913046,921
2023/09/18,2023,9,18,chokepoint1,Suez Canal,21,12,2,5,32,40,72,1144407,631726,3057,11718,1476749,1790910,3267659,922
2023/09/19,2023,9,19,chokepoint1,Suez Canal,17,18,4,3,27,42,69,772842,1247696,16987,25305,1702885,2062833,3765719,923
2023/09/20,2023,9,20,chokepoint1,Suez Canal,22,24,6,2,25,54,79,1028121,1152426,33725,4580,744841,2218854,2963695,924
2023/09/21,2023,9,21,chokepoint1,Suez Canal,20,20,8,1,27,49,76,1467113,1269984,29708,4780,1166297,2771587,3937884,925
2023/09/22,2023,9,22,chokepoint1,Suez Canal,20,15,2,2,20,39,59,1214891,936962,15668,8113,786718,2175636,2962354,926
2023/09/23,2023,9,23,chokepoint1,Suez Canal,26,18,4,2,28,50,78,1232826,810464,8090,8779,1518348,2060162,3578510,927
2023/09/24,2023,9,24,chokepoint1,Suez Canal,15,23,1,5,24,44,68,1003287,1028895,1074,19926,671211,2053184,2724395,928
2023/09/25,2023,9,25,chokepoint1,Suez Canal,16,15,5,4,27,40,67,1137598,904690,9189,27209,1639014,2078688,3717703,929
2023/09/26,2023,9,26,chokepoint1,Suez Canal,18,22,7,10,22,57,79,1114932,952638,47349,42662,848957,2157582,3006539,930
2023/09/27,2023,9,27,chokepoint1,Suez Canal,24,15,8,1,23,48,71,1184759,728151,75810,4259,1347535,1992980,3340516,931
2023/09/28,2023,9,28,chokepoint1,Suez Canal,24,25,1,4,28,54,82,1419968,1237014,27654,0,1386939,2684638,4071578,932
2023/09/29,2023,9,29,chokepoint1,Suez Canal,18,35,4,5,22,62,84,761582,1503540,13121,15205,801787,2293449,3095237,933
2023/09/30,2023,9,30,chokepoint1,Suez Canal,22,27,4,0,22,53,75,1270529,1710342,26027,0,1273253,3006899,4280153,934
2023/10/01,2023,10,1,chokepoint1,Suez Canal,22,28,1,7,24,58,82,897458,1452405,3035,33419,989832,2386318,3376150,935
2023/10/02,2023,10,2,chokepoint1,Suez Canal,23,17,5,5,21,50,71,1262821,828060,18839,19041,1160463,2128762,3289225,936
2023/10/03,2023,10,3,chokepoint1,Suez Canal,19,23,3,2,18,47,65,1171929,1531783,20233,9854,890725,2733800,3624526,937
2023/10/04,2023,10,4,chokepoint1,Suez Canal,13,22,7,1,20,43,63,838646,638185,24959,3902,1067058,1505693,2572751,938
2023/10/05,2023,10,5,chokepoint1,Suez Canal,30,17,6,2,27,55,82,1594786,803691,24611,12147,1689596,2435237,4124833,939
2023/10/06,2023,10,6,chokepoint1,Suez Canal,22,13,8,1,31,44,75,1395413,633316,39975,7492,1130118,2076198,3206316,940
2023/10/07,2023,10,7,chokepoint1,Suez Canal,20,26,7,1,23,54,77,1184724,1597874,21146,6195,1056972,2809940,3866913,941
2023/10/08,2023,10,8,chokepoint1,Suez Canal,21,30,8,4,28,63,91,795219,1479134,19225,19961,1526112,2313540,3839653,942
2023/10/09,2023,10,9,chokepoint1,Suez Canal,20,20,9,6,29,55,84,1223905,850769,36557,28561,968920,2139794,3108714,943
2023/10/10,2023,10,10,chokepoint1,Suez Canal,20,20,9,2,26,51,77,1163172,1240084,75700,13818,1566312,2492776,4059088,944
2023/10/11,2023,10,11,chokepoint1,Suez Canal,23,16,4,2,27,45,72,1118822,515394,9024,7547,1083894,1650788,2734683,945
2023/10/12,2023,10,12,chokepoint1,Suez Canal,17,21,9,5,27,52,79,1159611,1235492,50472,19160,1451621,2464737,3916359,946
2023/10/13,2023,10,13,chokepoint1,Suez Canal,27,20,5,5,23,57,80,1351624,570412,19618,20309,986061,1961965,2948026,947
2023/10/14,2023,10,14,chokepoint1,Suez Canal,20,22,10,1,28,53,81,1182220,1111775,46680,8397,1772613,2349073,4121686,948
2023/10/15,2023,10,15,chokepoint1,Suez Canal,25,13,6,4,32,48,80,1408582,751437,17600,15034,1111986,2192654,3304640,949
2023/10/16,2023,10,16,chokepoint1,Suez Canal,21,26,9,3,26,59,85,1159319,1353525,43553,13265,1328169,2569664,3897833,950
2023/10/17,2023,10,17,chokepoint1,Suez Canal,15,21,4,3,26,43,69,919694,1034511,20035,10898,1314045,1985138,3299184,951
2023/10/18,2023,10,18,chokepoint1,Suez Canal,16,15,7,3,18,41,59,1075675,920924,35899,7930,769987,2040429,2810417,952
2023/10/19,2023,10,19,chokepoint1,Suez Canal,21,25,1,1,31,48,79,1126859,1148676,5416,6745,1303157,2287697,3590854,953
2023/10/20,2023,10,20,chokepoint1,Suez Canal,18,25,11,3,29,57,86,999811,1141570,55729,4686,1895402,2201798,4097200,954
2023/10/21,2023,10,21,chokepoint1,Suez Canal,21,5,4,1,27,31,58,1342262,278690,8317,3540,1778406,1632809,3411216,955
2023/10/22,2023,10,22,chokepoint1,Suez Canal,28,23,9,6,19,66,85,1456312,1248450,60137,20210,788631,2785109,3573740,956
2023/10/23,2023,10,23,chokepoint1,Suez Canal,16,24,2,6,30,48,78,940748,1042207,11614,32706,1255373,2027277,3282650,957
2023/10/24,2023,10,24,chokepoint1,Suez Canal,17,27,5,5,29,54,83,695137,1577845,17843,30914,1496360,2321741,3818101,958
2023/10/25,2023,10,25,chokepoint1,Suez Canal,22,24,7,1,25,54,79,1130018,1299901,24145,11001,1159755,2465067,3624823,959
2023/10/26,2023,10,26,chokepoint1,Suez Canal,14,28,9,1,24,52,76,610354,1119363,60464,0,1511400,1790183,3301584,960
2023/10/27,2023,10,27,chokepoint1,Suez Canal,20,25,6,0,23,51,74,1183344,1606535,27753,0,778360,2817633,3595993,961
2023/10/28,2023,10,28,chokepoint1,Suez Canal,21,35,5,3,25,64,89,1153726,1464383,19425,11304,1094747,2648840,3743587,962
2023/10/29,2023,10,29,chokepoint1,Suez Canal,18,21,2,11,12,52,64,1245637,888963,3057,43580,430039,2181238,2611278,963
2023/10/30,2023,10,30,chokepoint1,Suez Canal,25,18,4,4,22,51,73,1254920,619857,13873,10218,1159925,1898868,3058794,964
2023/10/31,2023,10,31,chokepoint1,Suez Canal,19,19,3,2,24,43,67,1184946,1061826,2946,13653,913463,2263372,3176836,965
2023/11/01,2023,11,1,chokepoint1,Suez Canal,13,21,6,3,33,43,76,847429,916111,55881,11955,1852777,1831379,3684156,966
2023/11/02,2023,11,2,chokepoint1,Suez Canal,22,25,4,2,27,53,80,1290184,1363261,21396,11768,633287,2686610,3319897,967
2023/11/03,2023,11,3,chokepoint1,Suez Canal,18,23,8,1,24,50,74,1215770,711527,24297,0,944160,1951596,2895757,968
2023/11/04,2023,11,4,chokepoint1,Suez Canal,23,20,5,2,32,50,82,1014379,844353,25315,4971,1505719,1889019,3394738,969
2023/11/05,2023,11,5,chokepoint1,Suez Canal,18,33,6,4,19,61,80,933503,1843230,26795,21544,1291864,2825073,4116938,970
2023/11/06,2023,11,6,chokepoint1,Suez Canal,17,27,8,4,21,56,77,808525,1440074,72231,29937,665631,2350768,3016399,971
2023/11/07,2023,11,7,chokepoint1,Suez Canal,21,19,5,6,16,51,67,1273903,1035628,40472,16824,520596,2366829,2887425,972
2023/11/08,2023,11,8,chokepoint1,Suez Canal,17,35,5,3,27,60,87,1113415,1688793,12201,9271,1422576,2823681,4246258,973
2023/11/09,2023,11,9,chokepoint1,Suez Canal,15,25,4,3,29,47,76,1133613,1397717,11135,10618,1714546,2553085,4267631,974
2023/11/10,2023,11,10,chokepoint1,Suez Canal,14,24,9,2,27,49,76,802805,1348265,39782,3213,1406251,2194066,3600317,975
2023/11/11,2023,11,11,chokepoint1,Suez Canal,19,27,4,1,20,51,71,1111324,1532774,29844,2427,1266276,2676370,3942646,976
2023/11/12,2023,11,12,chokepoint1,Suez Canal,20,15,9,4,24,48,72,780937,595466,26934,8567,1450189,1411905,2862095,977
2023/11/13,2023,11,13,chokepoint1,Suez Canal,22,24,5,5,27,56,83,1029108,1122149,18439,28068,1026127,2197765,3223892,978
2023/11/14,2023,11,14,chokepoint1,Suez Canal,28,15,5,4,27,52,79,1510427,666436,2768,14141,1216062,2193773,3409835,979
2023/11/15,2023,11,15,chokepoint1,Suez Canal,26,22,7,9,23,64,87,1184640,827105,20368,28061,751758,2060175,2811934,980
2023/11/16,2023,11,16,chokepoint1,Suez Canal,24,18,7,6,19,55,74,1264644,855094,55118,22727,1230651,2197585,3428236,981
2023/11/17,2023,11,17,chokepoint1,Suez Canal,19,35,1,3,37,58,95,1095665,1900060,17168,11344,2370287,3024238,5394525,982
2023/11/18,2023,11,18,chokepoint1,Suez Canal,18,25,7,1,20,51,71,1119156,1407907,49786,2841,1552785,2579692,4132477,983
2023/11/19,2023,11,19,chokepoint1,Suez Canal,17,24,1,3,21,45,66,1021160,1164091,16662,19463,1279693,2221377,3501070,984
2023/11/20,2023,11,20,chokepoint1,Suez Canal,16,24,2,4,24,46,70,601385,1070197,4844,7643,781498,1684070,2465569,985
2023/11/21,2023,11,21,chokepoint1,Suez Canal,22,18,7,2,21,49,70,1333533,1355694,13159,21331,1119969,2723719,3843689,986
2023/11/22,2023,11,22,chokepoint1,Suez Canal,17,26,11,4,27,58,85,1034810,1459191,49028,0,1321564,2543030,3864594,987
2023/11/23,2023,11,23,chokepoint1,Suez Canal,21,15,3,0,24,39,63,1364208,844440,20547,0,1380626,2229196,3609823,988
2023/11/24,2023,11,24,chokepoint1,Suez Canal,23,21,3,6,33,53,86,1368970,1069311,4351,28754,1142634,2471387,3614022,989
2023/11/25,2023,11,25,chokepoint1,Suez Canal,17,21,11,2,26,51,77,894880,1093437,80966,9076,1201898,2078360,3280259,990
2023/11/26,2023,11,26,chokepoint1,Suez Canal,21,21,8,2,28,52,80,1189767,1111351,45055,8529,883513,2354703,3238216,991
2023/11/27,2023,11,27,chokepoint1,Suez Canal,19,23,4,1,23,47,70,911006,1364014,23437,1910,862558,2300368,3162927,992
2023/11/28,2023,11,28,chokepoint1,Suez Canal,15,30,6,4,22,55,77,755249,1647366,11651,9913,1223850,2424180,3648031,993
2023/11/29,2023,11,29,chokepoint1,Suez Canal,21,17,4,5,24,47,71,1163269,583061,7239,10365,621897,1763935,2385833,994
2023/11/30,2023,11,30,chokepoint1,Suez Canal,21,22,8,4,20,55,75,1761352,1222056,81426,21366,1200214,3086200,4286415,995
2023/12/01,2023,12,1,chokepoint1,Suez Canal,18,21,7,3,30,49,79,959734,1042239,22472,0,1608359,2024445,3632805,996
2023/12/02,2023,12,2,chokepoint1,Suez Canal,17,24,4,1,25,46,71,1206501,1042627,3106,0,1383480,2252236,3635717,997
2023/12/03,2023,12,3,chokepoint1,Suez Canal,11,37,5,0,29,53,82,619822,1694403,6147,0,1139483,2320374,3459858,998
2023/12/04,2023,12,4,chokepoint1,Suez Canal,16,18,9,3,24,46,70,827248,890267,43990,11755,1131660,1773262,2904922,999
2023/12/05,2023,12,5,chokepoint1,Suez Canal,18,26,6,3,23,53,76,984915,1792657,45150,10960,778319,2833683,3612002,1000
2023/12/06,2023,12,6,chokepoint1,Suez Canal,21,17,6,1,22,45,67,1282507,604929,57798,3871,1010803,1949106,2959909,1001
2023/12/07,2023,12,7,chokepoint1,Suez Canal,20,17,6,2,22,45,67,1115474,802381,31548,6006,700062,1955410,2655473,1002
2023/12/08,2023,12,8,chokepoint1,Suez Canal,19,33,5,2,29,59,88,1068796,1218989,14477,8622,1112139,2310886,3423026,1003
2023/12/09,2023,12,9,chokepoint1,Suez Canal,17,14,11,2,33,44,77,892034,814147,107448,16453,1528499,1830083,3358583,1004
2023/12/10,2023,12,10,chokepoint1,Suez Canal,12,27,8,2,22,49,71,771030,1661373,17331,0,688078,2449734,3137813,1005
2023/12/11,2023,12,11,chokepoint1,Suez Canal,16,15,7,5,33,43,76,889236,634817,30118,21309,1425633,1575481,3001115,1006
2023/12/12,2023,12,12,chokepoint1,Suez Canal,30,16,7,1,30,54,84,1951627,753309,35805,1998,1476069,2742740,4218810,1007
2023/12/13,2023,12,13,chokepoint1,Suez Canal,16,35,5,3,24,59,83,883341,1856245,33167,24210,826295,2796965,3623261,1008
2023/12/14,2023,12,14,chokepoint1,Suez Canal,15,13,12,5,28,45,73,1163110,682489,92074,6853,1203421,1944528,3147949,1009
2023/12/15,2023,12,15,chokepoint1,Suez Canal,14,25,5,4,24,48,72,768277,1265966,21210,14436,1195711,2069891,3265602,1010
2023/12/16,2023,12,16,chokepoint1,Suez Canal,13,18,9,5,24,45,69,720304,904294,19298,20136,1163039,1664033,2827073,1011
2023/12/17,2023,12,17,chokepoint1,Suez Canal,19,28,8,2,34,57,91,930844,1270181,50466,7815,1024056,2259308,3283365,1012
2023/12/18,2023,12,18,chokepoint1,Suez Canal,17,23,3,4,28,47,75,754125,801797,26684,11988,1371549,1594596,2966145,1013
2023/12/19,2023,12,19,chokepoint1,Suez Canal,14,28,9,7,18,58,76,801211,1363665,37051,13132,1094129,2215060,3309190,1014
2023/12/20,2023,12,20,chokepoint1,Suez Canal,15,30,5,1,28,51,79,688328,1276307,33003,0,1348902,1997639,3346542,1015
2023/12/21,2023,12,21,chokepoint1,Suez Canal,13,26,9,3,27,51,78,785116,1053431,54350,9635,1442166,1902534,3344700,1016
2023/12/22,2023,12,22,chokepoint1,Suez Canal,12,31,5,2,22,50,72,452877,1846752,30338,0,931466,2329969,3261436,1017
2023/12/23,2023,12,23,chokepoint1,Suez Canal,10,20,3,4,19,37,56,364321,712445,18406,28559,832927,1123733,1956660,1018
2023/12/24,2023,12,24,chokepoint1,Suez Canal,8,23,9,1,19,41,60,229114,1084615,61112,11250,1138151,1386093,2524244,1019
2023/12/25,2023,12,25,chokepoint1,Suez Canal,11,13,4,7,23,35,58,368095,529824,18010,9133,1308527,925064,2233592,1020
2023/12/26,2023,12,26,chokepoint1,Suez Canal,7,24,4,2,21,37,58,198063,1700297,10975,0,992460,1909336,2901797,1021
2023/12/27,2023,12,27,chokepoint1,Suez Canal,7,26,6,1,14,40,54,278515,1286325,32178,4906,655068,1601926,2256994,1022
2023/12/28,2023,12,28,chokepoint1,Suez Canal,12,27,6,3,23,48,71,547260,1078145,13343,0,1027635,1638749,2666384,1023
2023/12/29,2023,12,29,chokepoint1,Suez Canal,13,18,7,1,22,39,61,318939,749766,76863,0,1199314,1145569,2344884,1024
2023/12/30,2023,12,30,chokepoint1,Suez Canal,10,31,6,3,18,50,68,412457,1901984,30156,10582,1114826,2355180,3470006,1025
2023/12/31,2023,12,31,chokepoint1,Suez Canal,7,14,4,1,26,26,52,206710,787730,16931,3087,1322145,1014459,2336605,1026
2024/01/01,2024,1,1,chokepoint1,Suez Canal,7,15,5,0,18,27,45,121054,491433,34497,0,868879,646985,1515864,1027
2024/01/02,2024,1,2,chokepoint1,Suez Canal,12,17,7,3,22,39,61,521916,785048,21436,7197,887518,1335598,2223117,1028
2024/01/03,2024,1,3,chokepoint1,Suez Canal,7,23,6,1,16,37,53,190816,1193991,50161,0,931461,1434969,2366430,1029
2024/01/04,2024,1,4,chokepoint1,Suez Canal,7,25,9,0,19,41,60,355577,1015488,19354,0,873807,1390420,2264228,1030
2024/01/05,2024,1,5,chokepoint1,Suez Canal,7,16,2,1,23,26,49,209064,537641,4344,1528,975164,752579,1727744,1031
2024/01/06,2024,1,6,chokepoint1,Suez Canal,12,13,4,2,22,31,53,604489,599537,33378,3972,1352713,1241378,2594091,1032
2024/01/07,2024,1,7,chokepoint1,Suez Canal,13,24,3,1,16,41,57,407518,973604,5959,3924,667559,1391006,2058566,1033
2024/01/08,2024,1,8,chokepoint1,Suez Canal,21,24,5,0,13,50,63,656919,1250268,36737,0,672334,1943925,2616260,1034
2024/01/09,2024,1,9,chokepoint1,Suez Canal,9,21,6,1,17,37,54,405685,1013996,8381,0,968462,1428064,2396526,1035
2024/01/10,2024,1,10,chokepoint1,Suez Canal,8,15,7,1,17,31,48,272078,1043956,46013,6258,717148,1368306,2085454,1036
2024/01/11,2024,1,11,chokepoint1,Suez Canal,6,21,2,2,19,31,50,180789,1014782,12621,0,913734,1208193,2121927,1037
2024/01/12,2024,1,12,chokepoint1,Suez Canal,7,18,1,0,10,26,36,158505,668948,1168,0,121131,828622,949754,1038
2024/01/13,2024,1,13,chokepoint1,Suez Canal,9,15,6,3,14,33,47,332049,631526,26010,11292,607085,1000879,1607964,1039
2024/01/14,2024,1,14,chokepoint1,Suez Canal,10,19,4,3,13,36,49,359626,753488,9857,10036,577280,1133009,1710289,1040
2024/01/15,2024,1,15,chokepoint1,Suez Canal,8,24,3,1,17,36,53,282976,1016925,19194,4227,1593330,1323324,2916655,1041
2024/01/16,2024,1,16,chokepoint1,Suez Canal,7,17,3,1,20,28,48,308136,717063,4436,5852,1182817,1035488,2218305,1042
2024/01/17,2024,1,17,chokepoint1,Suez Canal,14,21,7,0,16,42,58,505125,714806,33088,0,826515,1253020,2079536,1043
2024/01/18,2024,1,18,chokepoint1,Suez Canal,10,21,5,1,24,37,61,259924,1148435,18578,0,1283197,1426938,2710136,1044
2024/01/19,2024,1,19,chokepoint1,Suez Canal,8,15,3,2,19,28,47,145783,779389,6522,2730,485383,934425,1419809,1045
2024/01/20,2024,1,20,chokepoint1,Suez Canal,11,8,9,0,9,28,37,450265,212204,90097,0,768099,752567,1520666,1046
2024/01/21,2024,1,21,chokepoint1,Suez Canal,11,18,7,1,14,37,51,271482,546423,11981,3770,681852,833657,1515510,1047
2024/01/22,2024,1,22,chokepoint1,Suez Canal,7,21,3,1,14,32,46,428134,655083,18733,0,654607,1101951,1756558,1048
2024/01/23,2024,1,23,chokepoint1,Suez Canal,8,14,3,0,14,25,39,389023,670270,10811,0,634143,1070105,1704248,1049
2024/01/24,2024,1,24,chokepoint1,Suez Canal,9,10,4,1,17,24,41,205518,624195,10310,7212,874608,847236,1721844,1050
2024/01/25,2024,1,25,chokepoint1,Suez Canal,7,11,9,1,16,28,44,204177,397633,27589,0,262366,629401,891767,1051
2024/01/26,2024,1,26,chokepoint1,Suez Canal,9,14,5,1,11,29,40,193759,499558,18664,0,560977,711983,1272961,1052
2024/01/27,2024,1,27,chokepoint1,Suez Canal,4,16,5,1,9,26,35,135339,704078,43444,0,305288,882862,1188150,1053
2024/01/28,2024,1,28,chokepoint1,Suez Canal,12,19,7,0,16,38,54,560869,809098,22260,0,882592,1392227,2274820,1054
2024/01/29,2024,1,29,chokepoint1,Suez Canal,10,13,3,1,9,27,36,332196,638248,3309,4621,268288,978375,1246663,1055
2024/01/30,2024,1,30,chokepoint1,Suez Canal,7,12,2,0,13,21,34,175213,568746,6142,0,614027,750103,1364130,1056
2024/01/31,2024,1,31,chokepoint1,Suez Canal,8,12,5,1,14,26,40,268928,498773,6819,5476,595587,779998,1375586,1057
2024/02/01,2024,2,1,chokepoint1,Suez Canal,9,14,7,0,8,30,38,198153,516718,62952,0,519249,777824,1297073,1058
2024/02/02,2024,2,2,chokepoint1,Suez Canal,5,11,9,0,12,25,37,304186,304502,33313,0,572388,642002,1214391,1059
2024/02/03,2024,2,3,chokepoint1,Suez Canal,8,14,2,3,16,27,43,297484,535666,2801,8094,840357,844046,1684403,1060
2024/02/04,2024,2,4,chokepoint1,Suez Canal,12,18,2,0,13,32,45,388092,981461,6715,0,551340,1376269,1927610,1061
2024/02/05,2024,2,5,chokepoint1,Suez Canal,9,16,4,1,12,30,42,314431,1034312,7380,0,556171,1356125,1912296,1062
2024/02/06,2024,2,6,chokepoint1,Suez Canal,6,21,6,0,7,33,40,149496,1048039,22355,0,116921,1219891,1336812,1063
2024/02/07,2024,2,7,chokepoint1,Suez Canal,5,13,10,4,14,32,46,144809,420092,23377,3322,616188,591601,1207790,1064
2024/02/08,2024,2,8,chokepoint1,Suez Canal,12,16,7,0,12,35,47,357800,583255,50698,0,442520,991755,1434276,1065
2024/02/09,2024,2,9,chokepoint1,Suez Canal,9,15,6,2,11,32,43,172471,770560,19257,2968,548104,965259,1513363,1066
2024/02/10,2024,2,10,chokepoint1,Suez Canal,8,19,5,0,15,32,47,302516,1215947,19876,0,671799,1538340,2210139,1067
2024/02/11,2024,2,11,chokepoint1,Suez Canal,5,9,4,0,15,18,33,203343,405948,17943,0,485327,627236,1112564,1068
2024/02/12,2024,2,12,chokepoint1,Suez Canal,11,16,4,0,16,31,47,181296,670773,11042,0,860338,863113,1723451,1069
2024/02/13,2024,2,13,chokepoint1,Suez Canal,14,15,8,1,15,38,53,323711,604544,18949,0,617722,947205,1564927,1070
2024/02/14,2024,2,14,chokepoint1,Suez Canal,12,13,4,0,9,29,38,119007,369042,53254,0,604647,541304,1145951,1071
2024/02/15,2024,2,15,chokepoint1,Suez Canal,9,8,1,0,10,18,28,219555,333150,866,0,334470,553572,888043,1072
2024/02/16,2024,2,16,chokepoint1,Suez Canal,4,14,4,1,20,23,43,36868,604857,17754,1535,1374232,661015,2035247,1073
2024/02/17,2024,2,17,chokepoint1,Suez Canal,9,5,5,1,14,20,34,190458,184910,12646,0,904301,388014,1292315,1074
2024/02/18,2024,2,18,chokepoint1,Suez Canal,7,15,5,1,8,28,36,91587,629150,41342,1853,571729,763934,1335663,1075
2024/02/19,2024,2,19,chokepoint1,Suez Canal,7,12,3,0,26,22,48,252129,267397,2771,0,1660929,522298,2183228,1076
2024/02/20,2024,2,20,chokepoint1,Suez Canal,8,15,2,3,9,28,37,124990,747856,3520,9093,460632,885461,1346094,1077
2024/02/21,2024,2,21,chokepoint1,Suez Canal,11,16,3,1,10,31,41,305885,721492,2768,4162,671937,1034309,1706247,1078
2024/02/22,2024,2,22,chokepoint1,Suez Canal,8,21,2,1,14,32,46,122929,998403,13764,2959,931989,1138056,2070045,1079
2024/02/23,2024,2,23,chokepoint1,Suez Canal,5,14,9,0,18,28,46,248120,525684,38206,0,1011816,812011,1823827,1080
2024/02/24,2024,2,24,chokepoint1,Suez Canal,14,18,4,0,15,36,51,278773,918000,11686,0,635488,1208461,1843949,1081
2024/02/25,2024,2,25,chokepoint1,Suez Canal,9,19,3,0,12,31,43,266782,539109,3109,0,593018,809001,1402019,1082
2024/02/26,2024,2,26,chokepoint1,Suez Canal,13,15,5,1,13,34,47,242204,682499,9508,2906,499429,937119,1436549,1083
2024/02/27,2024,2,27,chokepoint1,Suez Canal,12,10,5,1,14,28,42,160656,456997,31640,0,978457,649294,1627751,1084
2024/02/28,2024,2,28,chokepoint1,Suez Canal,7,14,4,1,14,26,40,238715,571294,10267,5645,1138544,825922,1964466,1085
2024/02/29,2024,2,29,chokepoint1,Suez Canal,7,18,6,1,16,32,48,220557,817326,27179,3558,859056,1068622,1927678,1086
2024/03/01,2024,3,1,chokepoint1,Suez Canal,7,10,5,1,12,23,35,290392,380002,22484,1218,569196,694098,1263294,1087
2024/03/02,2024,3,2,chokepoint1,Suez Canal,8,14,10,0,11,32,43,106985,378931,59668,0,642716,545585,1188302,1088
2024/03/03,2024,3,3,chokepoint1,Suez Canal,7,10,2,0,13,19,32,330346,152747,31438,0,442649,514531,957181,1089
2024/03/04,2024,3,4,chokepoint1,Suez Canal,11,8,2,0,7,21,28,147523,389461,9520,0,143395,546505,689901,1090
2024/03/05,2024,3,5,chokepoint1,Suez Canal,6,9,3,0,18,18,36,126881,396072,8009,0,604885,530963,1135849,1091
2024/03/06,2024,3,6,chokepoint1,Suez Canal,7,13,4,0,9,24,33,255292,679105,9325,0,239212,943723,1182936,1092
2024/03/07,2024,3,7,chokepoint1,Suez Canal,12,11,5,0,16,28,44,178120,571526,11465,0,798454,761112,1559567,1093
2024/03/08,2024,3,8,chokepoint1,Suez Canal,10,18,7,0,18,35,53,187048,611394,20011,0,1060085,818454,1878539,1094
2024/03/09,2024,3,9,chokepoint1,Suez Canal,15,14,5,0,16,34,50,328667,453317,31976,0,777761,813962,1591723,1095
2024/03/10,2024,3,10,chokepoint1,Suez Canal,7,16,3,1,15,27,42,294015,680692,26006,3322,642243,1004036,1646280,1096
2024/03/11,2024,3,11,chokepoint1,Suez Canal,9,13,2,0,13,24,37,258296,484684,2484,0,653658,745465,1399123,1097
2024/03/12,2024,3,12,chokepoint1,Suez Canal,11,15,1,1,16,28,44,163790,667804,2720,0,540551,834315,1374866,1098
2024/03/13,2024,3,13,chokepoint1,Suez Canal,3,18,7,0,14,28,42,74908,809270,19130,0,732599,903310,1635909,1099
2024/03/14,2024,3,14,chokepoint1,Suez Canal,6,12,4,0,14,22,36,157454,653592,21464,0,502868,832511,1335379,1100
2024/03/15,2024,3,15,chokepoint1,Suez Canal,7,11,3,1,13,22,35,137234,463626,3433,5668,744985,609964,1354949,1101
2024/03/16,2024,3,16,chokepoint1,Suez Canal,10,13,2,0,14,25,39,154495,612301,15967,0,413378,782764,1196143,1102
2024/03/17,2024,3,17,chokepoint1,Suez Canal,4,13,6,3,10,26,36,148317,816954,24365,8431,301262,998069,1299331,1103
2024/03/18,2024,3,18,chokepoint1,Suez Canal,7,10,2,1,20,20,40,218537,545848,14411,1987,1022390,780785,1803176,1104
2024/03/19,2024,3,19,chokepoint1,Suez Canal,6,12,7,1,13,26,39,187060,448009,64117,0,240555,699187,939743,1105
2024/03/20,2024,3,20,chokepoint1,Suez Canal,8,8,1,0,19,17,36,158157,326160,7060,0,1409673,491377,1901051,1106
2024/03/21,2024,3,21,chokepoint1,Suez Canal,9,13,4,0,13,26,39,257562,698713,49266,0,822535,1005542,1828078,1107
2024/03/22,2024,3,22,chokepoint1,Suez Canal,8,9,5,1,12,23,35,236409,368460,15173,3455,221181,623499,844680,1108
2024/03/23,2024,3,23,chokepoint1,Suez Canal,8,16,7,1,13,32,45,114365,644430,55302,4660,635381,818759,1454141,1109
2024/03/24,2024,3,24,chokepoint1,Suez Canal,11,13,6,1,6,31,37,302990,486129,24900,0,240348,814020,1054368,1110
2024/03/25,2024,3,25,chokepoint1,Suez Canal,9,14,5,0,19,28,47,227611,530416,16585,0,800056,774613,1574670,1111
2024/03/26,2024,3,26,chokepoint1,Suez Canal,10,12,2,0,14,24,38,263352,820682,16406,0,887571,1100441,1988012,1112
2024/03/27,2024,3,27,chokepoint1,Suez Canal,14,7,8,0,15,29,44,292153,311350,24730,0,682011,628235,1310247,1113
2024/03/28,2024,3,28,chokepoint1,Suez Canal,7,12,1,0,11,20,31,209446,482328,904,0,503587,692679,1196267,1114
2024/03/29,2024,3,29,chokepoint1,Suez Canal,5,12,6,1,10,24,34,148267,659139,32508,3218,250320,843134,1093455,1115
2024/03/30,2024,3,30,chokepoint1,Suez Canal,11,11,3,1,15,26,41,123136,488439,14390,4689,613477,630656,1244134,1116
2024/03/31,2024,3,31,chokepoint1,Suez Canal,4,15,3,1,11,23,34,91826,719737,37131,3902,464902,852598,1317501,1117
2024/04/01,2024,4,1,chokepoint1,Suez Canal,11,13,2,0,17,26,43,243945,720619,7364,0,848059,971930,1819989,1118
2024/04/02,2024,4,2,chokepoint1,Suez Canal,9,15,2,2,21,28,49,154414,832203,746,0,1051763,987364,2039128,1119
2024/04/03,2024,4,3,chokepoint1,Suez Canal,9,7,9,0,12,25,37,120659,411114,25659,0,446972,557433,1004406,1120
2024/04/04,2024,4,4,chokepoint1,Suez Canal,17,10,6,0,13,33,46,396448,319258,23564,0,438191,739271,1177462,1121
2024/04/05,2024,4,5,chokepoint1,Suez Canal,6,8,8,2,13,24,37,176348,134796,19004,1218,654375,331368,985743,1122
2024/04/06,2024,4,6,chokepoint1,Suez Canal,7,14,6,0,12,27,39,222027,851802,23635,0,432455,1097465,1529921,1123
2024/04/07,2024,4,7,chokepoint1,Suez Canal,10,12,6,0,14,28,42,257687,602493,31386,0,814364,891567,1705932,1124
2024/04/08,2024,4,8,chokepoint1,Suez Canal,4,23,3,1,15,31,46,75131,890586,471,3583,447064,969773,1416837,1125
2024/04/09,2024,4,9,chokepoint1,Suez Canal,8,9,4,0,12,21,33,158326,324581,26687,0,492259,509595,1001855,1126
2024/04/10,2024,4,10,chokepoint1,Suez Canal,3,10,5,0,15,18,33,27042,317819,42552,0,708837,387415,1096252,1127
2024/04/11,2024,4,11,chokepoint1,Suez Canal,10,18,5,0,16,33,49,227114,725649,18412,0,543674,971175,1514849,1128
2024/04/12,2024,4,12,chokepoint1,Suez Canal,10,13,2,1,15,26,41,281541,760283,39629,0,874161,1081454,1955616,1129
2024/04/13,2024,4,13,chokepoint1,Suez Canal,9,12,5,0,12,26,38,83166,554518,14061,0,461324,651746,1113071,1130
2024/04/14,2024,4,14,chokepoint1,Suez Canal,4,11,6,0,12,21,33,137006,440669,9059,0,517511,586735,1104247,1131
2024/04/15,2024,4,15,chokepoint1,Suez Canal,11,10,3,0,19,24,43,260244,624150,20030,0,864685,904425,1769110,1132
2024/04/16,2024,4,16,chokepoint1,Suez Canal,11,15,3,3,14,32,46,207296,419818,866,15053,551368,643034,1194402,1133
2024/04/17,2024,4,17,chokepoint1,Suez Canal,7,17,2,0,16,26,42,129326,739023,2841,0,1106016,871191,1977207,1134
2024/04/18,2024,4,18,chokepoint1,Suez Canal,9,11,2,1,13,23,36,95484,629506,1242,7212,618219,733446,1351666,1135
2024/04/19,2024,4,19,chokepoint1,Suez Canal,7,17,7,4,11,35,46,242173,501253,24439,6412,381449,774279,1155728,1136
2024/04/20,2024,4,20,chokepoint1,Suez Canal,7,18,4,0,7,29,36,179508,1010094,26187,0,403691,1215790,1619481,1137
2024/04/21,2024,4,21,chokepoint1,Suez Canal,10,21,5,0,23,36,59,131812,737490,19901,0,986396,889204,1875601,1138
2024/04/22,2024,4,22,chokepoint1,Suez Canal,12,18,2,0,20,32,52,187380,635220,20184,0,768502,842784,1611287,1139
2024/04/23,2024,4,23,chokepoint1,Suez Canal,9,11,8,0,14,28,42,150069,442812,30121,0,423485,623002,1046488,1140
2024/04/24,2024,4,24,chokepoint1,Suez Canal,5,14,4,2,9,25,34,46577,500427,7794,3902,612766,558702,1171469,1141
2024/04/25,2024,4,25,chokepoint1,Suez Canal,3,9,4,1,14,17,31,155048,141346,21248,0,623553,317642,941196,1142
2024/04/26,2024,4,26,chokepoint1,Suez Canal,16,16,2,0,15,34,49,229454,528918,15220,0,702586,773593,1476179,1143
2024/04/27,2024,4,27,chokepoint1,Suez Canal,5,8,2,0,16,15,31,81551,225846,7050,0,810608,314447,1125056,1144
2024/04/28,2024,4,28,chokepoint1,Suez Canal,13,10,2,0,12,25,37,256786,229024,19893,0,758830,505705,1264536,1145
2024/04/29,2024,4,29,chokepoint1,Suez Canal,11,8,5,1,10,25,35,339096,301728,12149,5645,456196,658620,1114816,1146
2024/04/30,2024,4,30,chokepoint1,Suez Canal,9,9,4,0,19,22,41,116389,347937,62912,0,936284,527239,1463524,1147
2024/05/01,2024,5,1,chokepoint1,Suez Canal,8,6,5,1,14,20,34,220856,420153,44472,5645,836527,691128,1527655,1148
2024/05/02,2024,5,2,chokepoint1,Suez Canal,8,16,2,0,10,26,36,160968,744450,7406,0,387408,912825,1300234,1149
2024/05/03,2024,5,3,chokepoint1,Suez Canal,10,7,5,0,13,22,35,234985,396967,19160,0,386943,651112,1038056,1150
2024/05/04,2024,5,4,chokepoint1,Suez Canal,8,16,7,0,13,31,44,223346,691472,39774,0,626237,954593,1580830,1151
2024/05/05,2024,5,5,chokepoint1,Suez Canal,8,11,3,1,7,23,30,102480,538002,9417,0,312764,649900,962665,1152
2024/05/06,2024,5,6,chokepoint1,Suez Canal,7,10,6,0,12,23,35,78542,508581,20133,0,489396,607257,1096654,1153
2024/05/07,2024,5,7,chokepoint1,Suez Canal,8,5,6,0,23,19,42,173591,149438,30587,0,912438,353617,1266055,1154
2024/05/08,2024,5,8,chokepoint1,Suez Canal,9,12,4,2,17,27,44,250516,338350,56679,6228,815744,651773,1467517,1155
2024/05/09,2024,5,9,chokepoint1,Suez Canal,9,15,5,1,19,30,49,250887,374959,26045,442,577455,652335,1229791,1156
2024/05/10,2024,5,10,chokepoint1,Suez Canal,9,10,6,1,20,26,46,152241,545993,34235,2743,937240,735215,1672455,1157
2024/05/11,2024,5,11,chokepoint1,Suez Canal,8,13,4,0,16,25,41,107177,446228,6595,0,789084,560001,1349086,1158
2024/05/12,2024,5,12,chokepoint1,Suez Canal,7,15,3,0,17,25,42,111131,579577,16540,0,709585,707249,1416834,1159
2024/05/13,2024,5,13,chokepoint1,Suez Canal,8,24,8,2,17,42,59,195760,1202918,29192,3828,524365,1431700,1956065,1160
2024/05/14,2024,5,14,chokepoint1,Suez Canal,10,8,4,1,13,23,36,129324,415616,15178,4092,745882,564211,1310093,1161
2024/05/15,2024,5,15,chokepoint1,Suez Canal,8,11,4,1,14,24,38,231810,339659,10386,0,634180,581857,1216038,1162
2024/05/16,2024,5,16,chokepoint1,Suez Canal,6,11,8,0,19,25,44,80001,241795,19560,0,1156607,341357,1497965,1163
2024/05/17,2024,5,17,chokepoint1,Suez Canal,12,10,5,0,18,27,45,229745,533428,30614,0,537837,793787,1331625,1164
2024/05/18,2024,5,18,chokepoint1,Suez Canal,7,7,5,0,12,19,31,189693,279252,6615,0,721105,475561,1196667,1165
2024/05/19,2024,5,19,chokepoint1,Suez Canal,8,9,3,0,16,20,36,116514,276632,6292,0,855287,399440,1254728,1166
2024/05/20,2024,5,20,chokepoint1,Suez Canal,10,14,3,1,17,28,45,207215,535196,2702,5064,834705,750178,1584884,1167
2024/05/21,2024,5,21,chokepoint1,Suez Canal,8,10,5,2,19,25,44,128937,428129,15907,4302,866477,577277,1443755,1168
2024/05/22,2024,5,22,chokepoint1,Suez Canal,9,12,6,0,16,27,43,193670,285818,14412,0,690193,493901,1184094,1169
2024/05/23,2024,5,23,chokepoint1,Suez Canal,9,18,6,2,19,35,54,112492,764405,36799,5177,761747,918875,1680622,1170
2024/05/24,2024,5,24,chokepoint1,Suez Canal,10,16,2,0,15,28,43,307551,894685,6475,0,461888,1208713,1670601,1171
2024/05/25,2024,5,25,chokepoint1,Suez Canal,7,8,5,0,15,20,35,53268,344490,28835,0,236319,426594,662914,1172
2024/05/26,2024,5,26,chokepoint1,Suez Canal,9,14,5,0,16,28,44,165025,710190,42309,0,565221,917525,1482746,1173
2024/05/27,2024,5,27,chokepoint1,Suez Canal,9,16,3,0,7,28,35,203435,658730,7649,0,199935,869815,1069751,1174
2024/05/28,2024,5,28,chokepoint1,Suez Canal,9,16,4,0,8,29,37,329413,546788,10705,0,291264,886907,1178172,1175
2024/05/29,2024,5,29,chokepoint1,Suez Canal,9,10,2,1,16,22,38,249434,445806,5162,1528,673876,701932,1375808,1176
2024/05/30,2024,5,30,chokepoint1,Suez Canal,13,9,5,0,14,27,41,225222,425945,18168,0,739841,669336,1409177,1177
2024/05/31,2024,5,31,chokepoint1,Suez Canal,9,8,2,0,17,19,36,209865,290503,8751,0,801391,509121,1310512,1178
2024/06/01,2024,6,1,chokepoint1,Suez Canal,8,13,6,1,16,28,44,104665,580883,17114,2730,779139,705392,1484532,1179
2024/06/02,2024,6,2,chokepoint1,Suez Canal,11,14,6,1,15,32,47,322528,729482,19819,0,957232,1071831,2029063,1180
2024/06/03,2024,6,3,chokepoint1,Suez Canal,15,11,4,0,9,30,39,239204,493625,9159,0,532713,741989,1274703,1181
2024/06/04,2024,6,4,chokepoint1,Suez Canal,9,11,4,0,16,24,40,179696,405642,6975,0,878441,592314,1470756,1182
2024/06/05,2024,6,5,chokepoint1,Suez Canal,8,10,5,0,16,23,39,135749,359389,12027,0,664174,507166,1171340,1183
2024/06/06,2024,6,6,chokepoint1,Suez Canal,9,9,8,0,17,26,43,214872,453568,87557,0,751923,755999,1507922,1184
2024/06/07,2024,6,7,chokepoint1,Suez Canal,8,10,2,0,17,20,37,193924,507966,254,0,742113,702146,1444259,1185
2024/06/08,2024,6,8,chokepoint1,Suez Canal,8,14,6,0,9,28,37,68408,641380,14488,0,333286,724277,1057563,1186
2024/06/09,2024,6,9,chokepoint1,Suez Canal,9,13,4,0,17,26,43,269711,694951,17672,0,806090,982335,1788426,1187
2024/06/10,2024,6,10,chokepoint1,Suez Canal,8,9,8,2,17,27,44,117409,333422,16799,8154,496093,475785,971879,1188
2024/06/11,2024,6,11,chokepoint1,Suez Canal,8,11,6,0,13,25,38,88021,349701,31442,0,267143,469164,736308,1189
2024/06/12,2024,6,12,chokepoint1,Suez Canal,10,13,2,1,20,26,46,191920,597256,14610,0,670411,803787,1474198,1190
2024/06/13,2024,6,13,chokepoint1,Suez Canal,9,10,4,0,16,23,39,232124,501619,34774,0,1115463,768518,1883981,1191
2024/06/14,2024,6,14,chokepoint1,Suez Canal,8,18,3,0,13,29,42,186004,1003390,22755,0,467796,1212150,1679947,1192
2024/06/15,2024,6,15,chokepoint1,Suez Canal,10,10,4,0,15,24,39,152446,656452,9338,0,496799,818238,1315037,1193
2024/06/16,2024,6,16,chokepoint1,Suez Canal,7,5,6,0,13,18,31,102738,126797,32208,0,735980,261744,997725,1194
2024/06/17,2024,6,17,chokepoint1,Suez Canal,4,9,3,1,18,17,35,91159,465154,18535,3706,1023918,578555,1602474,1195
2024/06/18,2024,6,18,chokepoint1,Suez Canal,8,11,2,0,12,21,33,180402,337952,3491,0,480533,521846,1002380,1196
2024/06/19,2024,6,19,chokepoint1,Suez Canal,13,6,7,0,15,26,41,351969,317213,30743,0,872829,699926,1572755,1197
2024/06/20,2024,6,20,chokepoint1,Suez Canal,6,13,4,2,22,25,47,211072,650482,33535,4576,676709,899667,1576377,1198
2024/06/21,2024,6,21,chokepoint1,Suez Canal,12,6,3,1,11,22,33,187177,418282,6914,0,757035,612373,1369408,1199
2024/06/22,2024,6,22,chokepoint1,Suez Canal,9,12,2,0,14,23,37,270846,560064,24346,0,520592,855257,1375850,1200
2022/04/15,2022,4,15,chokepoint1,Suez Canal,24,17,9,2,27,52,79,1476791,903979,47324,12762,918694,2440856,3359551,1201
2022/04/16,2022,4,16,chokepoint1,Suez Canal,25,9,6,2,20,42,62,1117041,696415,18169,0,505253,1831625,2336879,1202
2022/04/17,2022,4,17,chokepoint1,Suez Canal,17,19,4,2,24,42,66,926564,857805,19534,15849,1115695,1819754,2935449,1203
2022/04/18,2022,4,18,chokepoint1,Suez Canal,19,14,4,2,22,39,61,967962,695989,5702,9022,1218904,1678678,2897582,1204
2022/04/19,2022,4,19,chokepoint1,Suez Canal,16,20,11,2,23,49,72,960855,1025651,57903,0,821878,2044410,2866289,1205
2022/04/20,2022,4,20,chokepoint1,Suez Canal,16,19,8,2,25,45,70,983321,832129,28115,10488,888058,1854055,2742113,1206
2022/04/21,2022,4,21,chokepoint1,Suez Canal,18,19,4,5,24,46,70,863043,640326,6796,20835,1016943,1531003,2547946,1207
2022/04/22,2022,4,22,chokepoint1,Suez Canal,22,22,6,6,18,56,74,1430250,1287717,45721,13310,488385,2777000,3265386,1208
2022/04/23,2022,4,23,chokepoint1,Suez Canal,18,20,7,3,31,48,79,1152751,808126,38624,22550,1041423,2022052,3063475,1209
2022/04/24,2022,4,24,chokepoint1,Suez Canal,25,8,7,3,20,43,63,1613151,284570,18873,21487,892180,1938083,2830264,1210
2022/04/25,2022,4,25,chokepoint1,Suez Canal,17,16,7,4,22,44,66,702808,536251,23680,17241,949100,1279982,2229082,1211
2022/04/26,2022,4,26,chokepoint1,Suez Canal,19,9,7,1,17,36,53,823996,616661,49205,10420,824338,1500283,2324622,1212
2022/04/27,2022,4,27,chokepoint1,Suez Canal,20,13,6,3,21,42,63,909245,543909,21001,6956,811833,1481113,2292946,1213
2022/04/28,2022,4,28,chokepoint1,Suez Canal,22,9,2,3,26,36,62,1441293,871071,6292,13778,2066569,2332436,4399006,1214
2022/04/29,2022,4,29,chokepoint1,Suez Canal,21,16,10,2,13,49,62,1418903,981540,55936,6600,697484,2462980,3160465,1215
2022/04/30,2022,4,30,chokepoint1,Suez Canal,12,14,2,0,20,28,48,622601,951485,5596,0,1027748,1579683,2607432,1216
2022/05/01,2022,5,1,chokepoint1,Suez Canal,17,22,11,5,17,55,72,927945,901906,44606,21231,742814,1895689,2638503,1217
2022/05/02,2022,5,2,chokepoint1,Suez Canal,20,17,2,3,18,42,60,933671,985054,2279,4475,724243,1925480,2649724,1218
2022/05/03,2022,5,3,chokepoint1,Suez Canal,11,15,5,4,22,35,57,702534,601470,17305,21508,1075071,1342818,2417890,1219
2022/05/04,2022,5,4,chokepoint1,Suez Canal,18,8,5,4,19,35,54,851259,317003,17810,10636,1038889,1196709,2235598,1220
2022/05/05,2022,5,5,chokepoint1,Suez Canal,20,21,15,3,20,59,79,1012279,1082928,81439,10579,661205,2187226,2848432,1221
2022/05/06,2022,5,6,chokepoint1,Suez Canal,21,9,2,3,18,35,53,1058696,401659,7284,21711,869743,1489352,2359095,1222
2022/05/07,2022,5,7,chokepoint1,Suez Canal,23,19,10,0,25,52,77,1096286,1085479,64092,0,1145889,2245858,3391747,1223
2022/05/08,2022,5,8,chokepoint1,Suez Canal,15,15,5,1,24,36,60,788467,611792,27551,0,957366,1427812,2385178,1224
2022/05/09,2022,5,9,chokepoint1,Suez Canal,17,16,4,3,25,40,65,798694,789318,29608,19869,1258700,1637491,2896192,1225
2022/05/10,2022,5,10,chokepoint1,Suez Canal,19,18,3,3,17,43,60,1254303,1027382,4786,15388,729908,2301860,3031769,1226
2022/05/11,2022,5,11,chokepoint1,Suez Canal,23,14,6,3,22,46,68,1083394,832458,22779,16763,756499,1955396,2711896,1227
2022/05/12,2022,5,12,chokepoint1,Suez Canal,16,20,7,4,20,47,67,879888,1215360,21099,18818,925268,2135167,3060436,1228
2022/05/13,2022,5,13,chokepoint1,Suez Canal,24,13,4,3,19,44,63,1380970,652524,21398,10157,1475272,2065051,3540324,1229
2022/05/14,2022,5,14,chokepoint1,Suez Canal,20,21,8,1,25,50,75,1096803,1100966,45364,6525,1230183,2249660,3479843,1230
2022/05/15,2022,5,15,chokepoint1,Suez Canal,22,12,6,1,10,41,51,1456839,929115,51523,4074,478620,2441554,2920174,1231
2022/05/16,2022,5,16,chokepoint1,Suez Canal,16,18,6,6,23,46,69,562935,795842,43082,25075,983461,1426935,2410396,1232
2022/05/17,2022,5,17,chokepoint1,Suez Canal,21,16,5,3,24,45,69,1409163,731282,8084,16071,1204909,2164601,3369511,1233
2022/05/18,2022,5,18,chokepoint1,Suez Canal,13,20,3,4,23,40,63,684013,1017518,18178,23784,1547625,1743495,3291121,1234
2022/05/19,2022,5,19,chokepoint1,Suez Canal,16,19,6,1,15,42,57,940592,1234089,14244,8692,407891,2197618,2605510,1235
2022/05/20,2022,5,20,chokepoint1,Suez Canal,23,17,5,5,17,50,67,1003937,651698,24763,27232,818845,1707631,2526476,1236
2022/05/21,2022,5,21,chokepoint1,Suez Canal,21,18,7,7,24,53,77,777231,946752,39010,29831,938538,1792825,2731364,1237
2022/05/22,2022,5,22,chokepoint1,Suez Canal,21,13,5,2,22,41,63,1702531,630661,9804,12280,927900,2355277,3283177,1238
2022/05/23,2022,5,23,chokepoint1,Suez Canal,15,13,4,3,20,35,55,613712,771919,8423,15899,1183232,1409954,2593187,1239
2022/05/24,2022,5,24,chokepoint1,Suez Canal,21,17,16,2,14,56,70,1008014,727709,72195,9017,367636,1816937,2184573,1240
2022/05/25,2022,5,25,chokepoint1,Suez Canal,27,19,5,2,20,53,73,1319741,1172252,27546,20055,1307155,2539595,3846751,1241
2022/05/26,2022,5,26,chokepoint1,Suez Canal,21,10,7,2,24,40,64,890597,757385,64134,13500,1585549,1725617,3311167,1242
2022/05/27,2022,5,27,chokepoint1,Suez Canal,15,14,3,1,21,33,54,1013124,737867,3066,10838,1340516,1764897,3105414,1243
2022/05/28,2022,5,28,chokepoint1,Suez Canal,16,14,3,3,16,36,52,649392,695013,27670,11555,442972,1383632,1826604,1244
2022/05/29,2022,5,29,chokepoint1,Suez Canal,14,14,7,5,19,40,59,1126379,465285,35347,20877,812720,1647889,2460609,1245
2022/05/30,2022,5,30,chokepoint1,Suez Canal,20,18,8,0,21,46,67,1048241,887634,59361,0,917624,1995236,2912861,1246
2022/05/31,2022,5,31,chokepoint1,Suez Canal,23,12,3,2,21,40,61,1449275,606241,4507,11058,1058668,2071083,3129752,1247
2022/06/01,2022,6,1,chokepoint1,Suez Canal,16,10,7,4,20,37,57,870164,614830,11446,20886,1249055,1517329,2766384,1248
2022/06/02,2022,6,2,chokepoint1,Suez Canal,21,24,6,0,22,51,73,930444,1405986,31261,0,1003313,2367693,3371007,1249
2022/06/03,2022,6,3,chokepoint1,Suez Canal,19,10,2,3,15,34,49,1093212,423109,7519,17087,854917,1540928,2395845,1250
2022/06/04,2022,6,4,chokepoint1,Suez Canal,19,12,10,2,20,43,63,998330,623541,41518,4689,726459,1668079,2394539,1251
2022/06/05,2022,6,5,chokepoint1,Suez Canal,20,22,9,7,29,58,87,616442,942801,42826,27824,1557392,1629895,3187287,1252
2022/06/06,2022,6,6,chokepoint1,Suez Canal,23,15,5,0,25,43,68,1396866,870775,17339,0,1341936,2284981,3626918,1253
2022/06/07,2022,6,7,chokepoint1,Suez Canal,22,18,4,2,23,46,69,1533714,784313,26363,15553,983062,2359944,3343007,1254
2022/06/08,2022,6,8,chokepoint1,Suez Canal,11,17,1,3,25,32,57,491962,821558,386,19100,1097125,1333007,2430133,1255
2022/06/09,2022,6,9,chokepoint1,Suez Canal,19,11,6,4,29,40,69,1064614,673901,35767,15427,1598229,1789710,3387940,1256
2022/06/10,2022,6,10,chokepoint1,Suez Canal,19,17,11,1,18,48,66,1283167,1032168,60630,5917,824338,2381883,3206221,1257
2022/06/11,2022,6,11,chokepoint1,Suez Canal,18,20,4,4,21,46,67,650467,1124502,6788,17440,1366772,1799198,3165971,1258
2022/06/12,2022,6,12,chokepoint1,Suez Canal,25,15,6,1,14,47,61,1008965,916747,29870,4914,669596,1960498,2630094,1259
2022/06/13,2022,6,13,chokepoint1,Suez Canal,23,13,11,1,17,48,65,1515955,869074,26700,872,917256,2412602,3329859,1260
2022/06/14,2022,6,14,chokepoint1,Suez Canal,17,19,7,8,28,51,79,681762,918101,35156,29381,1309507,1664401,2973909,1261
2022/06/15,2022,6,15,chokepoint1,Suez Canal,17,19,7,5,25,48,73,761315,1028478,25447,27015,1156107,1842256,2998364,1262
2022/06/16,2022,6,16,chokepoint1,Suez Canal,29,15,6,1,17,51,68,1492064,750588,15150,6039,798124,2263843,3061967,1263
2022/06/17,2022,6,17,chokepoint1,Suez Canal,16,18,8,2,22,44,66,773469,1099315,31282,7371,867801,1911440,2779241,1264
2022/06/18,2022,6,18,chokepoint1,Suez Canal,15,19,4,1,25,39,64,528037,830219,6036,2966,1111691,1367260,2478952,1265
2022/06/19,2022,6,19,chokepoint1,Suez Canal,19,20,6,6,21,51,72,1128180,1042662,49266,16750,1138633,2236860,3375493,1266
2022/06/20,2022,6,20,chokepoint1,Suez Canal,18,14,6,3,18,41,59,883652,751325,22215,26555,819753,1683749,2503503,1267
2022/06/21,2022,6,21,chokepoint1,Suez Canal,13,12,4,3,22,32,54,813100,709121,4441,11097,945468,1537761,2483230,1268
2022/06/22,2022,6,22,chokepoint1,Suez Canal,17,16,2,3,23,38,61,1101067,856821,23094,17348,1600219,1998330,3598549,1269
2022/06/23,2022,6,23,chokepoint1,Suez Canal,17,18,8,4,28,47,75,1060523,897516,44698,10808,1532186,2013546,3545732,1270
2022/06/24,2022,6,24,chokepoint1,Suez Canal,23,26,10,1,20,60,80,991111,1224389,32940,0,1273814,2248440,3522254,1271
2022/06/25,2022,6,25,chokepoint1,Suez Canal,15,12,3,5,24,35,59,652309,488530,17483,26573,1046625,1184896,2231522,1272
2022/06/26,2022,6,26,chokepoint1,Suez Canal,21,21,4,4,25,50,75,997163,1119696,12838,11042,895103,2140740,3035843,1273
2022/06/27,2022,6,27,chokepoint1,Suez Canal,15,18,1,3,27,37,64,989382,915365,3766,7392,1493217,1915907,3409125,1274
2022/06/28,2022,6,28,chokepoint1,Suez Canal,18,10,7,4,31,39,70,955671,516758,36017,13131,1611431,1521578,3133009,1275
2022/06/29,2022,6,29,chokepoint1,Suez Canal,18,29,4,3,28,54,82,681825,1385565,17429,18606,1020583,2103427,3124010,1276
2022/06/30,2022,6,30,chokepoint1,Suez Canal,21,20,12,1,26,54,80,1365137,939235,109425,11669,1330950,2425468,3756418,1277
2022/07/01,2022,7,1,chokepoint1,Suez Canal,22,23,6,3,25,54,79,1391377,1182304,71486,15953,1162629,2661121,3823750,1278
2022/07/02,2022,7,2,chokepoint1,Suez Canal,26,14,8,6,16,54,70,1138469,692504,27597,13588,526652,1872160,2398812,1279
2022/07/03,2022,7,3,chokepoint1,Suez Canal,21,24,11,0,19,56,75,1211963,1231285,23113,0,856020,2466361,3322381,1280
2022/07/04,2022,7,4,chokepoint1,Suez Canal,19,16,12,2,23,49,72,916402,830204,76040,13980,867022,1836628,2703651,1281
2022/07/05,2022,7,5,chokepoint1,Suez Canal,22,15,11,4,25,52,77,1087942,871741,45482,10069,973109,2015235,2988344,1282
2022/07/06,2022,7,6,chokepoint1,Suez Canal,23,7,3,4,19,37,56,1238560,591356,19191,5399,856361,1854507,2710869,1283
2022/07/07,2022,7,7,chokepoint1,Suez Canal,29,19,5,4,15,57,72,1168216,966384,13329,20128,919314,2168058,3087373,1284
2022/07/08,2022,7,8,chokepoint1,Suez Canal,11,14,11,2,28,38,66,788035,826593,76249,7212,941270,1698091,2639361,1285
2022/07/09,2022,7,9,chokepoint1,Suez Canal,20,14,7,0,22,41,63,680747,551988,37005,0,1180723,1269741,2450464,1286
2022/07/10,2022,7,10,chokepoint1,Suez Canal,16,22,5,1,20,44,64,537416,993972,15893,9093,626096,1556376,2182473,1287
2022/07/11,2022,7,11,chokepoint1,Suez Canal,22,23,7,3,17,55,72,1210572,1141918,29380,21204,833168,2403076,3236244,1288
2022/07/12,2022,7,12,chokepoint1,Suez Canal,26,14,4,5,9,49,58,1629705,728177,3031,20186,683748,2381100,3064848,1289
2022/07/13,2022,7,13,chokepoint1,Suez Canal,23,23,6,1,29,53,82,1231107,1275059,39659,5263,1269986,2551089,3821076,1290
2022/07/14,2022,7,14,chokepoint1,Suez Canal,24,17,7,2,15,50,65,1583080,948248,28983,0,984367,2560312,3544679,1291
2022/07/15,2022,7,15,chokepoint1,Suez Canal,23,18,6,5,34,52,86,1015582,1288480,21764,10241,1061258,2336070,3397328,1292
2022/07/16,2022,7,16,chokepoint1,Suez Canal,21,21,5,6,16,53,69,914062,1119195,28885,42064,852984,2104207,2957191,1293
2022/07/17,2022,7,17,chokepoint1,Suez Canal,17,19,12,4,29,52,81,734693,1086573,36333,14201,1373796,1871802,3245598,1294
2022/07/18,2022,7,18,chokepoint1,Suez Canal,19,12,5,3,25,39,64,929963,527703,8533,15649,1240672,1481849,2722522,1295
2022/07/19,2022,7,19,chokepoint1,Suez Canal,19,10,3,2,15,34,49,1103050,740854,4030,16706,1246482,1864642,3111124,1296
2022/07/20,2022,7,20,chokepoint1,Suez Canal,15,28,9,0,37,52,89,669534,1185077,34644,0,1853852,1889256,3743108,1297
2022/07/21,2022,7,21,chokepoint1,Suez Canal,14,19,4,1,25,38,63,1115201,821399,7324,3992,1028145,1947917,2976063,1298
2022/07/22,2022,7,22,chokepoint1,Suez Canal,24,17,5,2,24,48,72,1051375,1239134,42456,5601,726294,2338568,3064862,1299
2022/07/23,2022,7,23,chokepoint1,Suez Canal,17,20,11,6,26,54,80,813345,793388,34485,19206,1032832,1660425,2693258,1300
2022/07/24,2022,7,24,chokepoint1,Suez Canal,16,14,3,3,19,36,55,1004849,898470,1794,11228,1132328,1916344,3048673,1301
2022/07/25,2022,7,25,chokepoint1,Suez Canal,22,24,6,3,23,55,78,1130714,1223572,11015,4731,1197651,2370034,3567685,1302
2022/07/26,2022,7,26,chokepoint1,Suez Canal,17,23,4,4,17,48,65,710635,1376384,33622,23586,1023928,2144229,3168157,1303
2022/07/27,2022,7,27,chokepoint1,Suez Canal,18,18,5,4,39,45,84,907244,981469,12552,21403,1513323,1922670,3435994,1304
2022/07/28,2022,7,28,chokepoint1,Suez Canal,23,16,5,5,29,49,78,1544317,808224,20412,13863,978849,2386817,3365667,1305
2022/07/29,2022,7,29,chokepoint1,Suez Canal,23,18,8,2,24,51,75,1598063,874430,21536,4050,691294,2498081,3189375,1306
2022/07/30,2022,7,30,chokepoint1,Suez Canal,15,23,11,5,24,54,78,716371,1298816,65526,23614,384761,2104328,2489090,1307
2022/07/31,2022,7,31,chokepoint1,Suez Canal,18,16,5,3,23,42,65,817753,696337,29221,15740,1468953,1559052,3028005,1308
2022/08/01,2022,8,1,chokepoint1,Suez Canal,17,10,4,2,28,33,61,1079951,715963,44172,10623,1684898,1850711,3535610,1309
2022/08/02,2022,8,2,chokepoint1,Suez Canal,21,13,9,3,19,46,65,848108,388565,26603,12447,1130743,1275724,2406468,1310
2022/08/03,2022,8,3,chokepoint1,Suez Canal,24,26,10,3,22,63,85,1052646,855851,43629,4053,765301,1956181,2721483,1311
2022/08/04,2022,8,4,chokepoint1,Suez Canal,19,17,6,3,25,45,70,927242,1147871,16341,10457,1140246,2101913,3242159,1312
2022/08/05,2022,8,5,chokepoint1,Suez Canal,25,27,3,5,21,60,81,1218442,1397088,3639,17504,1135349,2636674,3772023,1313
2022/08/06,2022,8,6,chokepoint1,Suez Canal,26,19,13,1,27,59,86,1333829,1153263,68537,9602,1715915,2565232,4281148,1314
2022/08/07,2022,8,7,chokepoint1,Suez Canal,25,19,7,6,23,57,80,1073735,956357,35772,18168,950900,2084033,3034934,1315
2022/08/08,2022,8,8,chokepoint1,Suez Canal,18,28,4,2,26,52,78,1008282,1721597,10396,10005,1290717,2750281,4040998,1316
2022/08/09,2022,8,9,chokepoint1,Suez Canal,13,22,8,2,29,45,74,732437,1101548,50782,4168,1213590,1888936,3102526,1317
2022/08/10,2022,8,10,chokepoint1,Suez Canal,29,25,9,1,15,64,79,1438533,1220274,24970,3753,693892,2687531,3381424,1318
2022/08/11,2022,8,11,chokepoint1,Suez Canal,24,14,4,1,22,43,65,1433737,880188,32895,0,1207887,2346821,3554709,1319
2022/08/12,2022,8,12,chokepoint1,Suez Canal,19,18,4,3,19,44,63,749682,982781,25377,24435,717254,1782277,2499531,1320
2022/08/13,2022,8,13,chokepoint1,Suez Canal,18,18,2,1,21,39,60,1214640,721887,32125,0,1293737,1968653,3262391,1321
2022/08/14,2022,8,14,chokepoint1,Suez Canal,16,19,5,2,17,42,59,1045841,1008629,21429,3818,645457,2079718,2725175,1322
2022/08/15,2022,8,15,chokepoint1,Suez Canal,28,20,5,2,16,55,71,1127370,957491,8623,11996,832416,2105482,2937899,1323
2022/08/16,2022,8,16,chokepoint1,Suez Canal,23,28,6,1,18,58,76,934997,1632425,41065,3084,777609,2611573,3389183,1324
2022/08/17,2022,8,17,chokepoint1,Suez Canal,17,18,2,4,26,41,67,840857,748694,8256,18524,1600781,1616333,3217115,1325
2022/08/18,2022,8,18,chokepoint1,Suez Canal,21,15,6,5,18,47,65,1112140,732917,44718,24308,765956,1914084,2680041,1326
2022/08/19,2022,8,19,chokepoint1,Suez Canal,31,19,9,3,17,62,79,1564595,623619,55600,17422,928407,2261238,3189645,1327
2022/08/20,2022,8,20,chokepoint1,Suez Canal,12,17,5,4,32,38,70,437117,685543,17513,15941,1572521,1156114,2728635,1328
2022/08/21,2022,8,21,chokepoint1,Suez Canal,14,19,8,2,18,43,61,1009198,874116,28518,5813,994964,1917647,2912611,1329
2022/08/22,2022,8,22,chokepoint1,Suez Canal,26,19,4,3,27,52,79,1363415,931672,18924,14331,1314256,2328345,3642601,1330
2022/08/23,2022,8,23,chokepoint1,Suez Canal,16,23,6,3,22,48,70,926735,1309243,16173,20153,1367586,2272306,3639892,1331
2022/08/24,2022,8,24,chokepoint1,Suez Canal,21,13,11,4,26,49,75,1047531,1016455,49907,22486,1090501,2136379,3226881,1332
2022/08/25,2022,8,25,chokepoint1,Suez Canal,26,16,0,2,21,44,65,1402767,922296,0,8530,1283901,2333595,3617497,1333
2022/08/26,2022,8,26,chokepoint1,Suez Canal,26,26,4,4,28,60,88,1235362,1032055,21695,20377,1163874,2309491,3473365,1334
2022/08/27,2022,8,27,chokepoint1,Suez Canal,17,15,2,3,22,37,59,943151,961187,16683,17069,1339798,1938091,3277889,1335
2022/08/28,2022,8,28,chokepoint1,Suez Canal,12,19,14,4,23,49,72,683433,676631,47893,13513,1119650,1421472,2541122,1336
2022/08/29,2022,8,29,chokepoint1,Suez Canal,17,29,5,1,23,52,75,941252,1600987,36313,6123,1162152,2584676,3746828,1337
2022/08/30,2022,8,30,chokepoint1,Suez Canal,21,11,7,4,23,43,66,1443469,528928,32546,11923,908126,2016868,2924995,1338
2022/08/31,2022,8,31,chokepoint1,Suez Canal,22,16,5,4,23,47,70,1178821,1011444,9223,9510,667764,2209000,2876764,1339
2022/09/01,2022,9,1,chokepoint1,Suez Canal,22,9,7,3,23,41,64,949091,300067,31426,9912,1174725,1290499,2465225,1340
2022/09/02,2022,9,2,chokepoint1,Suez Canal,20,24,5,8,22,57,79,803849,965612,36645,48116,921483,1854224,2775707,1341
2022/09/03,2022,9,3,chokepoint1,Suez Canal,19,15,6,2,21,42,63,870100,855322,58226,4610,1522635,1788260,3310895,1342
2022/09/04,2022,9,4,chokepoint1,Suez Canal,20,15,6,5,22,46,68,1221443,637193,37238,20189,1055080,1916066,2971146,1343
2022/09/05,2022,9,5,chokepoint1,Suez Canal,22,22,7,2,30,53,83,749857,965420,41520,5138,1075555,1761936,2837492,1344
2022/09/06,2022,9,6,chokepoint1,Suez Canal,23,17,6,2,26,48,74,1242843,808479,10137,9973,1228571,2071432,3300004,1345
2022/09/07,2022,9,7,chokepoint1,Suez Canal,21,15,11,2,30,49,79,814844,496842,63421,10834,1634666,1385943,3020609,1346
2022/09/08,2022,9,8,chokepoint1,Suez Canal,21,12,4,3,12,40,52,1307534,1047069,24208,11385,860502,2390198,3250700,1347
2022/09/09,2022,9,9,chokepoint1,Suez Canal,21,21,6,2,19,50,69,1174179,1029128,12491,3809,989645,2219608,3209253,1348
2022/09/10,2022,9,10,chokepoint1,Suez Canal,17,25,2,3,24,47,71,774935,1302768,746,28948,1170729,2107399,3278129,1349
2022/09/11,2022,9,11,chokepoint1,Suez Canal,20,16,5,4,28,45,73,984809,1071609,36782,6911,868279,2100112,2968392,1350
2022/09/12,2022,9,12,chokepoint1,Suez Canal,19,24,6,4,19,53,72,963875,1395705,42875,20496,1102291,2422953,3525244,1351
2022/09/13,2022,9,13,chokepoint1,Suez Canal,23,8,3,4,20,38,58,1152268,557888,16227,15285,1225605,1741670,2967275,1352
2022/09/14,2022,9,14,chokepoint1,Suez Canal,16,25,5,5,28,51,79,849431,1255546,28555,16806,1096292,2150340,3246633,1353
2022/09/15,2022,9,15,chokepoint1,Suez Canal,20,27,8,1,26,56,82,949642,1320994,30610,5409,1222187,2306656,3528843,1354
2022/09/16,2022,9,16,chokepoint1,Suez Canal,21,12,3,5,16,41,57,1074752,772754,9703,26617,429137,1883829,2312966,1355
2022/09/17,2022,9,17,chokepoint1,Suez Canal,17,19,5,6,27,47,74,864600,756592,19517,20865,970841,1661575,2632417,1356
2022/09/18,2022,9,18,chokepoint1,Suez Canal,20,18,9,4,23,51,74,932565,1065235,37228,21371,1059442,2056400,3115843,1357
2022/09/19,2022,9,19,chokepoint1,Suez Canal,20,13,7,3,21,43,64,674121,453476,20840,15339,944682,1163779,2108461,1358
2022/09/20,2022,9,20,chokepoint1,Suez Canal,13,15,1,3,25,32,57,966179,1081129,14857,14832,1541358,2076999,3618358,1359
2022/09/21,2022,9,21,chokepoint1,Suez Canal,19,13,7,1,29,40,69,927168,671714,50699,11650,1731913,1661233,3393147,1360
2022/09/22,2022,9,22,chokepoint1,Suez Canal,20,26,6,3,21,55,76,759615,1393736,29104,12307,1158454,2194763,3353217,1361
2022/09/23,2022,9,23,chokepoint1,Suez Canal,20,21,6,1,32,48,80,1188976,1016281,28459,7620,1366117,2241337,3607455,1362
2022/09/24,2022,9,24,chokepoint1,Suez Canal,23,11,4,2,18,40,58,1416071,396039,4891,9948,720861,1826950,2547812,1363
2022/09/25,2022,9,25,chokepoint1,Suez Canal,12,23,3,4,18,42,60,639134,1099076,15107,17338,479840,1770656,2250496,1364
2022/09/26,2022,9,26,chokepoint1,Suez Canal,21,16,8,2,23,47,70,962989,507929,32809,7080,1033312,1510808,2544121,1365
2022/09/27,2022,9,27,chokepoint1,Suez Canal,17,25,2,3,25,47,72,946441,975561,11797,10457,1203482,1944257,3147740,1366
2022/09/28,2022,9,28,chokepoint1,Suez Canal,19,19,4,1,30,43,73,865529,1330030,16478,2958,1714777,2214996,3929774,1367
2022/09/29,2022,9,29,chokepoint1,Suez Canal,10,17,3,7,26,37,63,604384,1016968,69973,20559,1221583,1711885,2933469,1368
2022/09/30,2022,9,30,chokepoint1,Suez Canal,22,18,4,1,23,45,68,1010119,767703,7406,3817,1204229,1789047,2993276,1369
2022/10/01,2022,10,1,chokepoint1,Suez Canal,22,21,5,4,12,52,64,1180087,1616107,40687,19556,450933,2856437,3307371,1370
2022/10/02,2022,10,2,chokepoint1,Suez Canal,16,21,11,4,21,52,73,741390,1276341,74112,14551,1195090,2106395,3301486,1371
2022/10/03,2022,10,3,chokepoint1,Suez Canal,29,16,10,1,25,56,81,1299979,870537,63436,9148,1036189,2243101,3279291,1372
2022/10/04,2022,10,4,chokepoint1,Suez Canal,19,8,4,6,22,37,59,1030697,290976,41515,22881,1086340,1386070,2472411,1373
2022/10/05,2022,10,5,chokepoint1,Suez Canal,14,24,10,1,19,49,68,645592,891268,38081,6228,860513,1581170,2441684,1374
2022/10/06,2022,10,6,chokepoint1,Suez Canal,20,23,8,5,19,56,75,726920,1146136,30289,23187,1000302,1926534,2926837,1375
2022/10/07,2022,10,7,chokepoint1,Suez Canal,23,21,9,0,17,53,70,1236842,1103837,39909,0,719512,2380588,3100101,1376
2022/10/08,2022,10,8,chokepoint1,Suez Canal,20,9,3,5,26,37,63,1170370,366773,11372,27153,1160606,1575670,2736276,1377
2022/10/09,2022,10,9,chokepoint1,Suez Canal,14,21,7,5,21,47,68,575367,1250085,42803,21750,822927,1890006,2712934,1378
2022/10/10,2022,10,10,chokepoint1,Suez Canal,20,21,5,6,22,52,74,933599,1009689,10950,36680,1478247,1990920,3469168,1379
2022/10/11,2022,10,11,chokepoint1,Suez Canal,24,12,3,3,20,42,62,1313202,413675,12242,16680,908314,1755799,2664114,1380
2022/10/12,2022,10,12,chokepoint1,Suez Canal,17,26,6,1,24,50,74,416519,1368620,37949,4681,1064283,1827771,2892055,1381
2022/10/13,2022,10,13,chokepoint1,Suez Canal,15,17,7,3,25,42,67,774384,996161,26354,26561,1311657,1823461,3135119,1382
2022/10/14,2022,10,14,chokepoint1,Suez Canal,28,18,6,4,18,56,74,1442913,1056885,52414,15403,783065,2567617,3350683,1383
2022/10/15,2022,10,15,chokepoint1,Suez Canal,22,14,7,1,23,44,67,1470978,876386,36186,4406,1809197,2387958,4197156,1384
2022/10/16,2022,10,16,chokepoint1,Suez Canal,18,20,3,6,24,47,71,1185477,1035696,7769,22305,1170488,2251248,3421737,1385
2022/10/17,2022,10,17,chokepoint1,Suez Canal,15,30,8,7,26,60,86,402335,1676407,39346,29543,1304864,2147632,3452497,1386
2022/10/18,2022,10,18,chokepoint1,Suez Canal,20,17,3,0,26,40,66,1312543,663197,7206,0,1323307,1982947,3306254,1387
2022/10/19,2022,10,19,chokepoint1,Suez Canal,17,13,8,1,13,39,52,876833,622324,12092,2589,357917,1513839,1871757,1388
2022/10/20,2022,10,20,chokepoint1,Suez Canal,20,16,5,4,23,45,68,1143911,731627,18068,6903,1492973,1900510,3393484,1389
2022/10/21,2022,10,21,chokepoint1,Suez Canal,21,23,6,4,32,54,86,960916,1074465,13164,26719,968166,2075266,3043432,1390
2022/10/22,2022,10,22,chokepoint1,Suez Canal,13,26,5,4,29,48,77,580520,1414998,16112,29233,1455001,2040865,3495866,1391
2022/10/23,2022,10,23,chokepoint1,Suez Canal,21,14,7,7,27,49,76,1221374,846857,14914,33993,1182632,2117140,3299772,1392
2022/10/24,2022,10,24,chokepoint1,Suez Canal,17,21,7,1,29,46,75,654868,932207,24603,4215,1488144,1615895,3104040,1393
2022/10/25,2022,10,25,chokepoint1,Suez Canal,22,13,6,4,15,45,60,1122796,1007305,18254,13951,974232,2162307,3136540,1394
2022/10/26,2022,10,26,chokepoint1,Suez Canal,21,25,2,4,21,52,73,708659,1165518,2140,18294,1075005,1894613,2969618,1395
2022/10/27,2022,10,27,chokepoint1,Suez Canal,23,17,3,3,20,46,66,1350501,993935,6279,5291,1163502,2356008,3519510,1396
2022/10/28,2022,10,28,chokepoint1,Suez Canal,17,25,8,4,20,54,74,647336,910318,45050,13476,321514,1616182,1937696,1397
2022/10/29,2022,10,29,chokepoint1,Suez Canal,20,19,6,0,18,45,63,990126,1248885,44515,0,737688,2283527,3021216,1398
2022/10/30,2022,10,30,chokepoint1,Suez Canal,17,27,3,5,24,52,76,755441,1430687,6224,17003,1317849,2209357,3527207,1399
2022/10/31,2022,10,31,chokepoint1,Suez Canal,25,26,13,4,19,68,87,1237945,1730856,16461,28770,659764,3014034,3673798,1400
2022/11/01,2022,11,1,chokepoint1,Suez Canal,18,22,5,3,23,48,71,1259035,888231,12709,9123,919485,2169100,3088585,1401
2022/11/02,2022,11,2,chokepoint1,Suez Canal,17,15,9,1,28,42,70,863577,804995,50562,8306,961433,1727442,2688875,1402
2022/11/03,2022,11,3,chokepoint1,Suez Canal,16,33,8,0,24,57,81,649714,1616260,67336,0,1273284,2333310,3606594,1403
2022/11/04,2022,11,4,chokepoint1,Suez Canal,15,26,6,2,25,49,74,833680,1287890,16630,14600,1239533,2152801,3392335,1404
2022/11/05,2022,11,5,chokepoint1,Suez Canal,17,18,6,4,23,45,68,534198,770285,43187,14208,1254613,1361879,2616493,1405
2022/11/06,2022,11,6,chokepoint1,Suez Canal,31,22,5,5,23,63,86,1624755,996408,12504,11649,740118,2645319,3385437,1406
2022/11/07,2022,11,7,chokepoint1,Suez Canal,18,18,3,5,28,44,72,798441,680092,47189,21095,1878397,1546818,3425216,1407
2022/11/08,2022,11,8,chokepoint1,Suez Canal,16,25,10,2,19,53,72,905216,1042312,50273,12792,879751,2010595,2890347,1408
2022/11/09,2022,11,9,chokepoint1,Suez Canal,20,24,12,3,25,59,84,864960,1135308,58495,9463,797867,2068228,2866096,1409
2022/11/10,2022,11,10,chokepoint1,Suez Canal,20,20,5,1,26,46,72,901469,1106182,21674,3294,1128802,2032620,3161423,1410
2022/11/11,2022,11,11,chokepoint1,Suez Canal,21,12,8,2,27,43,70,1384050,809721,58506,8204,1237542,2260483,3498025,1411
2022/11/12,2022,11,12,chokepoint1,Suez Canal,18,25,6,3,31,52,83,977401,1372557,25410,0,1338513,2375369,3713883,1412
2022/11/13,2022,11,13,chokepoint1,Suez Canal,19,21,6,3,21,49,70,876873,1222979,6748,11079,1018000,2117680,3135680,1413
2022/11/14,2022,11,14,chokepoint1,Suez Canal,16,17,9,3,24,45,69,698243,993889,40905,23675,1771453,1756714,3528167,1414
2022/11/15,2022,11,15,chokepoint1,Suez Canal,16,18,9,3,17,46,63,739658,841525,28422,9615,652140,1619221,2271362,1415
2022/11/16,2022,11,16,chokepoint1,Suez Canal,21,20,6,4,28,51,79,1041177,1078698,46117,22395,1265072,2188388,3453460,1416
2022/11/17,2022,11,17,chokepoint1,Suez Canal,24,17,5,5,17,51,68,1159897,591950,13973,20730,1137802,1786552,2924354,1417
2022/11/18,2022,11,18,chokepoint1,Suez Canal,17,20,6,3,27,46,73,1007694,971450,18623,5479,1195158,2003248,3198407,1418
2022/11/19,2022,11,19,chokepoint1,Suez Canal,18,19,11,2,23,50,73,813999,851106,52385,7238,1045114,1724730,2769844,1419
2022/11/20,2022,11,20,chokepoint1,Suez Canal,19,13,4,1,28,37,65,1363149,554490,23717,8492,1135969,1949850,3085819,1420
2022/11/21,2022,11,21,chokepoint1,Suez Canal,14,27,7,3,31,51,82,674424,1364606,21328,11463,1642298,2071822,3714121,1421
2022/11/22,2022,11,22,chokepoint1,Suez Canal,18,14,3,1,27,36,63,798399,956557,19721,0,1714426,1774678,3489104,1422
2022/11/23,2022,11,23,chokepoint1,Suez Canal,19,17,8,2,22,46,68,1226918,693506,71914,5377,1138805,1997717,3136522,1423
2022/11/24,2022,11,24,chokepoint1,Suez Canal,19,17,8,7,17,51,68,904909,831311,39564,31927,574606,1807711,2382318,1424
2022/11/25,2022,11,25,chokepoint1,Suez Canal,17,9,5,7,20,38,58,938952,604581,22632,18309,1191701,1584475,2776177,1425
2022/11/26,2022,11,26,chokepoint1,Suez Canal,21,22,7,2,17,52,69,1153280,1188236,45545,16825,824726,2403888,3228614,1426
2022/11/27,2022,11,27,chokepoint1,Suez Canal,20,25,2,6,19,53,72,1173210,1341958,1739,26417,874486,2543325,3417811,1427
2022/11/28,2022,11,28,chokepoint1,Suez Canal,22,16,4,0,28,42,70,1099592,696367,9519,0,1427851,1805478,3233330,1428
2022/11/29,2022,11,29,chokepoint1,Suez Canal,21,22,1,4,23,48,71,1120198,1159983,972,17810,1052320,2298965,3351285,1429
2022/11/30,2022,11,30,chokepoint1,Suez Canal,17,13,6,3,22,39,61,589392,512100,40328,7543,1601162,1149365,2750527,1430
2022/12/01,2022,12,1,chokepoint1,Suez Canal,17,29,6,5,26,57,83,607127,1627519,32933,28744,961876,2296324,3258200,1431
2022/12/02,2022,12,2,chokepoint1,Suez Canal,20,29,9,2,24,60,84,1109477,1448656,83947,7357,1076055,2649438,3725493,1432
2022/12/03,2022,12,3,chokepoint1,Suez Canal,14,19,10,6,23,49,72,1069133,1520521,38006,22583,1216225,2650244,3866470,1433
2022/12/04,2022,12,4,chokepoint1,Suez Canal,21,18,9,4,20,52,72,1122868,1059175,44410,21697,915250,2248152,3163402,1434
2022/12/05,2022,12,5,chokepoint1,Suez Canal,15,20,9,2,29,46,75,651773,807818,35235,10538,1505990,1505366,3011357,1435
2022/12/06,2022,12,6,chokepoint1,Suez Canal,18,23,4,6,36,51,87,905620,1101961,47855,25363,1719694,2080801,3800495,1436
2022/12/07,2022,12,7,chokepoint1,Suez Canal,11,29,7,1,26,48,74,441594,1621875,33879,11072,1274609,2108421,3383031,1437
2022/12/08,2022,12,8,chokepoint1,Suez Canal,19,21,1,4,20,45,65,640537,856264,8080,23837,791866,1528719,2320586,1438
2022/12/09,2022,12,9,chokepoint1,Suez Canal,19,26,4,5,26,54,80,1189291,1252874,21788,21355,1026805,2485309,3512114,1439
2022/12/10,2022,12,10,chokepoint1,Suez Canal,18,13,8,1,25,40,65,783231,637631,18934,6603,1401930,1446400,2848330,1440
2022/12/11,2022,12,11,chokepoint1,Suez Canal,24,16,6,4,21,50,71,1100099,1164961,31970,9077,1063112,2306108,3369221,1441
2022/12/12,2022,12,12,chokepoint1,Suez Canal,15,10,9,6,23,40,63,954860,556786,30500,30270,989421,1572417,2561838,1442
2022/12/13,2022,12,13,chokepoint1,Suez Canal,19,17,4,1,25,41,66,1121935,900805,15096,5156,1636915,2042994,3679910,1443
2022/12/14,2022,12,14,chokepoint1,Suez Canal,21,26,7,4,29,58,87,618273,1246076,40203,13406,1725644,1917960,3643604,1444
2022/12/15,2022,12,15,chokepoint1,Suez Canal,15,25,9,5,23,54,77,696118,1352794,28899,24013,1353783,2101826,3455610,1445
2022/12/16,2022,12,16,chokepoint1,Suez Canal,13,18,1,0,21,32,53,904539,1009557,0,0,862469,1914096,2776565,1446
2022/12/17,2022,12,17,chokepoint1,Suez Canal,19,18,10,2,27,49,76,1188902,1290872,25752,13372,1067105,2518899,3586005,1447
2022/12/18,2022,12,18,chokepoint1,Suez Canal,21,12,7,2,17,42,59,1202352,866180,60403,7917,770883,2136852,2907736,1448
2022/12/19,2022,12,19,chokepoint1,Suez Canal,22,16,7,3,27,48,75,872181,855446,25920,13731,1622253,1767279,3389533,1449
2022/12/20,2022,12,20,chokepoint1,Suez Canal,19,19,5,2,26,45,71,1005078,956817,46322,8204,1162895,2016423,3179318,1450
2022/12/21,2022,12,21,chokepoint1,Suez Canal,16,21,4,2,26,43,69,587078,1165871,8441,14406,1609258,1775798,3385056,1451
2022/12/22,2022,12,22,chokepoint1,Suez Canal,14,15,10,2,33,41,74,558568,758206,49550,11575,1681946,1377901,3059847,1452
2022/12/23,2022,12,23,chokepoint1,Suez Canal,21,22,5,3,20,51,71,848336,1274361,28013,10456,969539,2161168,3130707,1453
2022/12/24,2022,12,24,chokepoint1,Suez Canal,26,20,4,6,25,56,81,1318828,1234750,14202,41777,815566,2609558,3425124,1454
2022/12/25,2022,12,25,chokepoint1,Suez Canal,23,23,3,1,20,50,70,1374782,1122960,8426,5824,1123523,2511993,3635516,1455
2022/12/26,2022,12,26,chokepoint1,Suez Canal,20,19,6,4,27,49,76,1017462,1032299,42504,12443,1514365,2104710,3619075,1456
2022/12/27,2022,12,27,chokepoint1,Suez Canal,22,18,9,4,18,53,71,1387865,793239,64361,15140,982196,2260607,3242804,1457
2022/12/28,2022,12,28,chokepoint1,Suez Canal,14,9,3,8,23,34,57,704526,423791,5207,35716,1282123,1169241,2451364,1458
2022/12/29,2022,12,29,chokepoint1,Suez Canal,12,20,5,1,31,38,69,584123,1238026,28203,11384,1015070,1861737,2876808,1459
2022/12/30,2022,12,30,chokepoint1,Suez Canal,18,26,9,6,16,59,75,786896,1331270,24312,27797,755229,2170277,2925507,1460
2022/12/31,2022,12,31,chokepoint1,Suez Canal,26,18,8,1,24,53,77,1145485,995452,19462,0,1414513,2160401,3574914,1461
2023/01/01,2023,1,1,chokepoint1,Suez Canal,10,17,11,4,22,42,64,628881,647242,63618,6193,809375,1345937,2155312,1462
2023/01/02,2023,1,2,chokepoint1,Suez Canal,18,20,2,3,20,43,63,1087415,1328991,3122,17120,1513398,2436649,3950047,1463
2023/01/03,2023,1,3,chokepoint1,Suez Canal,14,20,10,5,32,49,81,611200,854535,44272,17440,1133876,1527449,2661325,1464
2023/01/04,2023,1,4,chokepoint1,Suez Canal,17,19,4,2,17,42,59,925308,1137883,20651,12964,686136,2096806,2782943,1465
2023/01/05,2023,1,5,chokepoint1,Suez Canal,15,30,11,3,28,59,87,647609,1224409,62100,14415,1259567,1948534,3208102,1466
2023/01/06,2023,1,6,chokepoint1,Suez Canal,21,23,6,6,15,56,71,1267357,1511859,20220,8485,639337,2807923,3447260,1467
2023/01/07,2023,1,7,chokepoint1,Suez Canal,14,20,7,1,32,42,74,753093,1381834,10523,6579,1472644,2152031,3624675,1468
2023/01/08,2023,1,8,chokepoint1,Suez Canal,10,9,10,3,32,32,64,503422,530439,47677,15124,1591185,1096664,2687849,1469
2023/01/09,2023,1,9,chokepoint1,Suez Canal,15,7,1,5,15,28,43,734651,612108,2179,16567,773501,1365507,2139008,1470
2023/01/10,2023,1,10,chokepoint1,Suez Canal,19,32,7,4,31,62,93,752549,1916698,62926,12740,1503607,2744915,4248523,1471
2023/01/11,2023,1,11,chokepoint1,Suez Canal,14,22,13,1,25,50,75,684187,1054637,35300,0,1337971,1774124,3112096,1472
2023/01/12,2023,1,12,chokepoint1,Suez Canal,16,19,13,2,17,50,67,725738,916091,47157,3747,830134,1692735,2522869,1473
2023/01/13,2023,1,13,chokepoint1,Suez Canal,22,25,2,4,28,53,81,1124722,1263893,3059,16668,1274252,2408344,3682596,1474
2023/01/14,2023,1,14,chokepoint1,Suez Canal,16,23,5,1,19,45,64,765697,1320835,16540,2859,1359546,2105933,3465479,1475
2023/01/15,2023,1,15,chokepoint1,Suez Canal,10,15,8,3,31,36,67,572733,650882,49535,14810,1678995,1287961,2966956,1476
2023/01/16,2023,1,16,chokepoint1,Suez Canal,17,28,7,2,24,54,78,1026326,1142180,52573,7212,1036911,2228293,3265204,1477
2023/01/17,2023,1,17,chokepoint1,Suez Canal,18,14,8,3,18,43,61,1164435,798811,24595,0,1083315,1987842,3071157,1478
2023/01/18,2023,1,18,chokepoint1,Suez Canal,20,15,9,7,24,51,75,782391,1009819,64745,18984,824872,1875940,2700813,1479
2023/01/19,2023,1,19,chokepoint1,Suez Canal,19,21,3,3,35,46,81,840447,1035347,18553,13525,1995799,1907874,3903673,1480
2023/01/20,2023,1,20,chokepoint1,Suez Canal,20,14,6,0,24,40,64,1149173,873255,15550,0,1623949,2037979,3661928,1481
2023/01/21,2023,1,21,chokepoint1,Suez Canal,14,22,9,6,35,51,86,568506,1134936,47252,27586,1697627,1778281,3475909,1482
2023/01/22,2023,1,22,chokepoint1,Suez Canal,12,18,7,3,27,40,67,830788,964623,51512,13997,1015869,1860921,2876791,1483
2023/01/23,2023,1,23,chokepoint1,Suez Canal,20,17,6,2,22,45,67,1003006,977203,34115,2327,1006006,2016653,3022660,1484
2023/01/24,2023,1,24,chokepoint1,Suez Canal,11,14,6,4,21,35,56,829272,810925,24878,21104,1326664,1686180,3012844,1485
2023/01/25,2023,1,25,chokepoint1,Suez Canal,26,25,3,2,24,56,80,1014301,1156041,2951,7905,1049882,2181200,3231083,1486
2023/01/26,2023,1,26,chokepoint1,Suez Canal,23,22,8,7,25,60,85,1132485,1106184,79417,34980,988375,2353068,3341444,1487
2023/01/27,2023,1,27,chokepoint1,Suez Canal,21,19,8,3,23,51,74,1165027,1170228,17077,17450,1034938,2369783,3404722,1488
2023/01/28,2023,1,28,chokepoint1,Suez Canal,23,18,7,4,17,52,69,691584,826209,23272,10306,845935,1551372,2397308,1489
2023/01/29,2023,1,29,chokepoint1,Suez Canal,17,16,7,2,24,42,66,1246234,712325,24052,11707,1599122,1994319,3593441,1490
2023/01/30,2023,1,30,chokepoint1,Suez Canal,22,19,6,3,20,50,70,1256592,510794,19145,15644,958212,1802176,2760389,1491
2023/01/31,2023,1,31,chokepoint1,Suez Canal,15,17,6,4,26,42,68,569816,1290591,27663,17948,1771848,1906019,3677868,1492
2023/02/01,2023,2,1,chokepoint1,Suez Canal,14,12,4,4,17,34,51,704355,864225,18327,21208,739488,1608117,2347605,1493
2023/02/02,2023,2,2,chokepoint1,Suez Canal,21,25,6,0,25,52,77,999241,1320700,10582,0,1272393,2330524,3602917,1494
2023/02/03,2023,2,3,chokepoint1,Suez Canal,18,21,5,1,30,45,75,1088108,908985,44043,872,1427660,2042009,3469669,1495
2023/02/04,2023,2,4,chokepoint1,Suez Canal,17,16,8,2,35,43,78,898250,886182,31110,9093,1347762,1824636,3172398,1496
2023/02/05,2023,2,5,chokepoint1,Suez Canal,21,16,3,2,25,42,67,1381066,838238,6580,2705,1286511,2228591,3515102,1497
2023/02/06,2023,2,6,chokepoint1,Suez Canal,12,13,5,5,21,35,56,421495,495769,48236,19887,1157040,985390,2142431,1498
2023/02/07,2023,2,7,chokepoint1,Suez Canal,13,28,5,0,24,46,70,557484,1602013,23770,0,1035241,2183268,3218509,1499
2023/02/08,2023,2,8,chokepoint1,Suez Canal,24,12,5,1,18,42,60,1195215,344307,4628,4218,982251,1548370,2530622,1500
2023/02/09,2023,2,9,chokepoint1,Suez Canal,22,17,6,7,24,52,76,1137944,923985,9684,32661,1479277,2104276,3583554,1501
2023/02/10,2023,2,10,chokepoint1,Suez Canal,17,19,11,7,32,54,86,876435,1296026,49638,34043,1115683,2256143,3371827,1502
2023/02/11,2023,2,11,chokepoint1,Suez Canal,16,23,3,2,24,44,68,993657,1084592,15769,6040,1456096,2100059,3556155,1503
2023/02/12,2023,2,12,chokepoint1,Suez Canal,21,21,8,5,21,55,76,1155343,1203661,40502,19067,1178970,2418575,3597545,1504
2023/02/13,2023,2,13,chokepoint1,Suez Canal,17,11,6,3,23,37,60,1104638,600548,31003,18149,692288,1754340,2446629,1505
2023/02/14,2023,2,14,chokepoint1,Suez Canal,20,23,7,7,33,57,90,907837,891145,27418,18750,1945651,1845151,3790803,1506
2023/02/15,2023,2,15,chokepoint1,Suez Canal,15,25,8,1,24,49,73,515542,1229917,12553,0,1178849,1758013,2936863,1507
2023/02/16,2023,2,16,chokepoint1,Suez Canal,20,17,10,2,25,49,74,1127077,888895,55150,4408,1032319,2075531,3107851,1508
2023/02/17,2023,2,17,chokepoint1,Suez Canal,15,11,4,2,21,32,53,834910,533829,5304,4562,1133837,1378607,2512445,1509
2023/02/18,2023,2,18,chokepoint1,Suez Canal,8,17,3,5,39,33,72,652371,946270,12422,16450,1992272,1627515,3619787,1510
2023/02/19,2023,2,19,chokepoint1,Suez Canal,20,10,4,3,24,37,61,1190932,578658,44474,11685,1632232,1825751,3457983,1511
2023/02/20,2023,2,20,chokepoint1,Suez Canal,22,20,8,1,29,51,80,1099401,900112,33232,8446,1357073,2041193,3398267,1512
2023/02/21,2023,2,21,chokepoint1,Suez Canal,17,22,4,1,30,44,74,1056722,867811,33757,6325,1137003,1964617,3101620,1513
2023/02/22,2023,2,22,chokepoint1,Suez Canal,16,14,7,3,26,40,66,969812,911588,14871,14435,1274982,1910708,3185690,1514
2023/02/23,2023,2,23,chokepoint1,Suez Canal,16,27,11,2,22,56,78,706997,1262589,65715,8760,995936,2044062,3039999,1515
2023/02/24,2023,2,24,chokepoint1,Suez Canal,18,15,5,3,28,41,69,910122,780012,12934,13370,1730065,1716439,3446505,1516
2023/02/25,2023,2,25,chokepoint1,Suez Canal,15,19,3,3,19,40,59,803518,804739,13961,19620,868352,1641839,2510191,1517
2023/02/26,2023,2,26,chokepoint1,Suez Canal,20,21,7,2,33,50,83,1271379,916383,35805,9548,1572434,2233117,3805551,1518
2023/02/27,2023,2,27,chokepoint1,Suez Canal,17,12,4,1,22,34,56,811348,511597,40301,3307,1090987,1366554,2457541,1519
2023/02/28,2023,2,28,chokepoint1,Suez Canal,18,22,5,2,27,47,74,937245,1249615,16399,12296,801883,2215556,3017440,1520
2023/03/01,2023,3,1,chokepoint1,Suez Canal,15,20,8,7,23,50,73,804656,921704,10212,30086,1374882,1766659,3141541,1521
2023/03/02,2023,3,2,chokepoint1,Suez Canal,10,19,7,5,12,41,53,498857,1148979,13868,17572,294944,1679278,1974222,1522
2023/03/03,2023,3,3,chokepoint1,Suez Canal,17,23,6,1,23,47,70,869836,1255710,44320,4096,825508,2173964,2999473,1523
2023/03/04,2023,3,4,chokepoint1,Suez Canal,18,21,1,1,23,41,64,1099151,1075014,5479,7357,1330392,2187002,3517395,1524
2023/03/05,2023,3,5,chokepoint1,Suez Canal,24,12,6,1,17,43,60,1646715,941578,12011,2424,945747,2602730,3548477,1525
2023/03/06,2023,3,6,chokepoint1,Suez Canal,19,20,11,9,28,59,87,1135511,867207,34569,41826,973246,2079114,3052361,1526
2023/03/07,2023,3,7,chokepoint1,Suez Canal,14,25,14,8,30,61,91,631889,1775465,70189,35741,1260970,2513285,3774256,1527
2023/03/08,2023,3,8,chokepoint1,Suez Canal,19,14,5,3,20,41,61,757618,862714,19645,8584,626281,1648562,2274844,1528
2023/03/09,2023,3,9,chokepoint1,Suez Canal,16,15,6,2,31,39,70,1021030,908365,22713,10306,2071899,1962416,4034315,1529
2023/03/10,2023,3,10,chokepoint1,Suez Canal,15,16,8,3,38,42,80,699692,828137,35888,11689,1617505,1575408,3192913,1530
2023/03/11,2023,3,11,chokepoint1,Suez Canal,20,16,7,1,22,44,66,1811330,921083,35229,5150,1212668,2772794,3985462,1531
2023/03/12,2023,3,12,chokepoint1,Suez Canal,16,23,8,6,33,53,86,661604,1108650,32393,29236,1714759,1831884,3546643,1532
2023/03/13,2023,3,13,chokepoint1,Suez Canal,19,21,6,5,19,51,70,1173643,1428295,28932,24158,1442139,2655029,4097168,1533
2023/03/14,2023,3,14,chokepoint1,Suez Canal,17,22,7,5,33,51,84,651345,1057283,27284,17524,1770881,1753437,3524319,1534
2023/03/15,2023,3,15,chokepoint1,Suez Canal,21,11,12,2,30,46,76,1025972,585194,41830,14996,1515191,1667993,3183185,1535
2023/03/16,2023,3,16,chokepoint1,Suez Canal,18,20,4,3,28,45,73,605581,992726,9433,7273,1303031,1615014,2918046,1536
2023/03/17,2023,3,17,chokepoint1,Suez Canal,19,19,9,1,23,48,71,1213969,936694,34723,0,1360105,2185386,3545492,1537
2023/03/18,2023,3,18,chokepoint1,Suez Canal,14,23,3,4,23,44,67,1089685,1153876,1906,26342,969122,2271811,3240934,1538
2023/03/19,2023,3,19,chokepoint1,Suez Canal,23,20,7,2,30,52,82,1227280,840954,23450,8592,1613679,2100278,3713957,1539
2023/03/20,2023,3,20,chokepoint1,Suez Canal,14,21,3,1,33,39,72,670162,1202637,3443,0,2043771,1876243,3920014,1540
2023/03/21,2023,3,21,chokepoint1,Suez Canal,23,16,1,4,25,44,69,1173405,758740,42663,23299,1493125,1998109,3491235,1541
2023/03/22,2023,3,22,chokepoint1,Suez Canal,22,30,10,2,28,64,92,918221,1649257,37839,9689,1421872,2615007,4036879,1542
2023/03/23,2023,3,23,chokepoint1,Suez Canal,11,16,3,2,26,32,58,628439,1407418,8489,2865,1311674,2047213,3358887,1543
2023/03/24,2023,3,24,chokepoint1,Suez Canal,20,17,8,4,29,49,78,1220648,990871,24305,8508,1557267,2244334,3801602,1544
2023/03/25,2023,3,25,chokepoint1,Suez Canal,18,19,8,4,17,49,66,937646,566966,74268,15936,1012983,1594817,2607800,1545
2023/03/26,2023,3,26,chokepoint1,Suez Canal,19,13,3,2,19,37,56,1064404,856357,6271,16209,950934,1943242,2894176,1546
2023/03/27,2023,3,27,chokepoint1,Suez Canal,19,25,8,7,23,59,82,1133384,1076861,42647,28983,1166438,2281876,3448315,1547
2023/03/28,2023,3,28,chokepoint1,Suez Canal,22,22,5,1,30,50,80,1359227,837308,7777,0,2132649,2204313,4336963,1548
2023/03/29,2023,3,29,chokepoint1,Suez Canal,16,19,4,1,22,40,62,839963,1226928,9859,3812,1356761,2080564,3437325,1549
2023/03/30,2023,3,30,chokepoint1,Suez Canal,13,12,4,3,30,32,62,594143,754101,16192,8911,1776216,1373347,3149564,1550
2023/03/31,2023,3,31,chokepoint1,Suez Canal,17,18,1,2,26,38,64,971914,1290324,7454,11717,1329830,2281411,3611241,1551
2023/04/01,2023,4,1,chokepoint1,Suez Canal,24,23,10,6,26,63,89,1357182,1241993,59263,22133,1001804,2680572,3682376,1552
2023/04/02,2023,4,2,chokepoint1,Suez Canal,22,16,3,4,16,45,61,1461665,855464,4065,14869,524642,2336064,2860707,1553
2023/04/03,2023,4,3,chokepoint1,Suez Canal,21,22,6,6,33,55,88,1143048,999102,44790,30384,1656682,2217325,3874008,1554
2023/04/04,2023,4,4,chokepoint1,Suez Canal,13,16,1,2,23,32,55,663680,981959,562,13951,1385960,1660153,3046113,1555
2023/04/05,2023,4,5,chokepoint1,Suez Canal,18,23,13,4,36,58,94,758385,1040871,32539,23393,1505431,1855189,3360620,1556
2023/04/06,2023,4,6,chokepoint1,Suez Canal,16,18,5,5,19,44,63,993681,843963,50599,34901,1237447,1923146,3160594,1557
2023/04/07,2023,4,7,chokepoint1,Suez Canal,21,18,9,2,29,50,79,1487045,984217,33338,7850,1262645,2512451,3775097,1558
2023/04/08,2023,4,8,chokepoint1,Suez Canal,24,26,11,1,19,62,81,1374278,1093471,80249,3516,1190422,2551516,3741938,1559
2023/04/09,2023,4,9,chokepoint1,Suez Canal,14,20,4,4,28,42,70,571143,1053362,17739,11068,1208473,1653313,2861786,1560
2023/04/10,2023,4,10,chokepoint1,Suez Canal,22,19,6,7,31,54,85,1114648,906912,7564,26731,1578920,2055856,3634777,1561
2023/04/11,2023,4,11,chokepoint1,Suez Canal,15,21,7,0,23,43,66,625341,1498822,17262,0,1179589,2141426,3321016,1562
2023/04/12,2023,4,12,chokepoint1,Suez Canal,14,28,7,2,38,51,89,732046,1354750,33244,7381,1506892,2127423,3634316,1563
2023/04/13,2023,4,13,chokepoint1,Suez Canal,18,17,7,4,25,46,71,917654,1078286,26151,13645,1283192,2035738,3318930,1564
2023/04/14,2023,4,14,chokepoint1,Suez Canal,19,24,10,5,22,58,80,1275387,1154490,37372,27677,679655,2494928,3174583,1565
2023/04/15,2023,4,15,chokepoint1,Suez Canal,23,19,4,1,24,47,71,1589598,1283773,38684,4429,1185320,2916486,4101806,1566
2023/04/16,2023,4,16,chokepoint1,Suez Canal,20,22,6,4,24,52,76,975707,1513689,15458,4172,954310,2509027,3463338,1567
2023/04/17,2023,4,17,chokepoint1,Suez Canal,22,12,5,6,30,45,75,1167092,459122,28977,21278,1867057,1676470,3543527,1568
2023/04/18,2023,4,18,chokepoint1,Suez Canal,14,20,6,4,31,44,75,815661,1210838,34544,26214,1563444,2087259,3650703,1569
2023/04/19,2023,4,19,chokepoint1,Suez Canal,19,23,8,2,29,52,81,924376,1060573,27553,4067,1905698,2016569,3922268,1570
2023/04/20,2023,4,20,chokepoint1,Suez Canal,23,22,9,4,35,58,93,1057737,1347442,56448,15389,1953312,2477017,4430329,1571
2023/04/21,2023,4,21,chokepoint1,Suez Canal,22,13,5,4,27,44,71,1496525,622536,15229,13642,1362612,2147933,3510546,1572
2023/04/22,2023,4,22,chokepoint1,Suez Canal,22,15,4,1,30,42,72,1113944,776523,9931,6101,1544627,1906499,3451127,1573
2023/04/23,2023,4,23,chokepoint1,Suez Canal,19,25,11,3,28,58,86,1238452,1224141,25800,18094,1214919,2506489,3721409,1574
2023/04/24,2023,4,24,chokepoint1,Suez Canal,17,24,3,1,28,45,73,517511,1425824,6450,0,1395054,1949786,3344840,1575
2023/04/25,2023,4,25,chokepoint1,Suez Canal,14,19,7,5,32,45,77,739866,737598,39812,36140,1364030,1553418,2917448,1576
2023/04/26,2023,4,26,chokepoint1,Suez Canal,24,18,5,2,28,49,77,1387625,972059,36991,3702,1763113,2400379,4163492,1577
2023/04/27,2023,4,27,chokepoint1,Suez Canal,22,29,4,5,27,60,87,752826,1388034,16065,17141,1518629,2174067,3692697,1578
2023/04/28,2023,4,28,chokepoint1,Suez Canal,28,19,5,2,24,54,78,1985744,936061,28932,9245,1056981,2959983,4016964,1579
2023/04/29,2023,4,29,chokepoint1,Suez Canal,20,22,2,2,25,46,71,950970,1183174,5837,9026,1168643,2149007,3317651,1580
2023/04/30,2023,4,30,chokepoint1,Suez Canal,25,16,9,2,33,52,85,1449970,856159,44257,12421,1887171,2362808,4249979,1581
2023/05/01,2023,5,1,chokepoint1,Suez Canal,19,18,3,4,29,44,73,967492,1409140,4118,21412,1722502,2402163,4124665,1582
2023/05/02,2023,5,2,chokepoint1,Suez Canal,33,28,6,3,29,70,99,1503334,1372722,27799,16855,874398,2920711,3795110,1583
2023/05/03,2023,5,3,chokepoint1,Suez Canal,17,18,4,3,26,42,68,890299,882865,11548,18595,1921780,1803308,3725088,1584
2023/05/04,2023,5,4,chokepoint1,Suez Canal,21,24,13,3,26,61,87,685067,1359092,60900,10825,875135,2115886,2991022,1585
2023/05/05,2023,5,5,chokepoint1,Suez Canal,24,29,4,4,21,61,82,1126799,1583079,12915,14228,890327,2737023,3627351,1586
2023/05/06,2023,5,6,chokepoint1,Suez Canal,21,18,11,4,22,54,76,1663439,1142216,25247,15041,935985,2845945,3781930,1587
2023/05/07,2023,5,7,chokepoint1,Suez Canal,16,24,3,2,36,45,81,768105,1123537,25200,3576,1749197,1920419,3669616,1588
2023/05/08,2023,5,8,chokepoint1,Suez Canal,25,19,7,1,24,52,76,1431957,1012331,24660,5228,1119013,2474176,3593190,1589
2023/05/09,2023,5,9,chokepoint1,Suez Canal,19,17,9,4,27,49,76,737719,904933,78838,19589,619864,1741081,2360945,1590
2023/05/10,2023,5,10,chokepoint1,Suez Canal,17,24,4,3,24,48,72,998661,1401000,33507,9295,788623,2442463,3231086,1591
2023/05/11,2023,5,11,chokepoint1,Suez Canal,19,17,6,5,35,47,82,842999,870421,20261,14931,2309036,1748613,4057649,1592
2023/05/12,2023,5,12,chokepoint1,Suez Canal,21,17,7,2,23,47,70,1440722,1073310,68047,16244,1026409,2598325,3624734,1593
2023/05/13,2023,5,13,chokepoint1,Suez Canal,18,22,6,2,22,48,70,1301300,1339677,15245,8850,762523,2665074,3427598,1594
2023/05/14,2023,5,14,chokepoint1,Suez Canal,20,19,4,4,25,47,72,960934,964788,17754,23660,967168,1967137,2934305,1595
2023/05/15,2023,5,15,chokepoint1,Suez Canal,22,22,5,3,33,52,85,926982,1395706,11157,10587,1766910,2344433,4111344,1596
2023/05/16,2023,5,16,chokepoint1,Suez Canal,22,13,5,4,32,44,76,1206352,554789,23282,8804,1758809,1793229,3552039,1597
2023/05/17,2023,5,17,chokepoint1,Suez Canal,24,17,6,3,30,50,80,1177059,645724,43295,12403,1568283,1878482,3446766,1598
2023/05/18,2023,5,18,chokepoint1,Suez Canal,13,21,11,6,43,51,94,363540,919671,43177,20298,1886440,1346688,3233129,1599
2023/05/19,2023,5,19,chokepoint1,Suez Canal,21,19,9,3,20,52,72,1563335,785752,85038,11418,1093128,2445545,3538673,1600
2021/03/11,2021,3,11,chokepoint1,Suez Canal,16,12,3,2,23,33,56,964354,351621,20733,10326,1021116,1347035,2368151,1601
2021/03/12,2021,3,12,chokepoint1,Suez Canal,22,15,3,2,12,42,54,1372498,752113,2341,11084,670038,2138038,2808077,1602
2021/03/13,2021,3,13,chokepoint1,Suez Canal,16,10,6,3,15,35,50,1026905,654507,36077,14442,935162,1731934,2667096,1603
2021/03/14,2021,3,14,chokepoint1,Suez Canal,20,13,5,4,16,42,58,1351648,913901,25701,8979,911636,2300232,3211868,1604
2021/03/15,2021,3,15,chokepoint1,Suez Canal,13,6,10,5,18,34,52,796676,239309,37430,11327,688644,1084743,1773388,1605
2021/03/16,2021,3,16,chokepoint1,Suez Canal,17,18,8,2,12,45,57,886572,789232,26231,8626,442182,1710662,2152844,1606
2021/03/17,2021,3,17,chokepoint1,Suez Canal,15,12,4,3,13,34,47,942219,780061,20126,19545,807498,1761953,2569452,1607
2021/03/18,2021,3,18,chokepoint1,Suez Canal,8,20,2,2,19,32,51,533675,867009,5649,5973,753916,1412307,2166224,1608
2021/03/19,2021,3,19,chokepoint1,Suez Canal,19,15,5,1,21,40,61,942148,815846,26835,480,950842,1785310,2736152,1609
2021/03/20,2021,3,20,chokepoint1,Suez Canal,16,13,6,2,17,37,54,1202943,943686,14877,12446,598522,2173955,2772477,1610
2021/03/21,2021,3,21,chokepoint1,Suez Canal,14,12,5,2,15,33,48,981807,480809,22581,8904,739392,1494103,2233495,1611
2021/03/22,2021,3,22,chokepoint1,Suez Canal,13,15,7,2,22,37,59,964794,1112927,32569,7605,778933,2117897,2896830,1612
2021/03/23,2021,3,23,chokepoint1,Suez Canal,20,3,6,5,4,34,38,1228492,30974,8151,26465,96881,1294083,1390965,1613
2021/03/24,2021,3,24,chokepoint1,Suez Canal,5,2,2,1,4,10,14,167080,32445,16349,4145,71029,220020,291050,1614
2021/03/25,2021,3,25,chokepoint1,Suez Canal,2,0,0,0,0,2,2,43428,0,0,0,0,43428,43428,1615
2021/03/26,2021,3,26,chokepoint1,Suez Canal,5,0,2,0,2,7,9,194003,0,746,0,47897,194749,242647,1616
2021/03/27,2021,3,27,chokepoint1,Suez Canal,2,1,2,1,3,6,9,32815,35599,4565,4145,316267,77125,393392,1617
2021/03/28,2021,3,28,chokepoint1,Suez Canal,4,1,2,0,3,7,10,239152,55126,6410,0,24417,300689,325106,1618
2021/03/29,2021,3,29,chokepoint1,Suez Canal,4,6,10,1,12,21,33,64026,204215,56654,13223,218020,338121,556142,1619
2021/03/30,2021,3,30,chokepoint1,Suez Canal,36,4,1,8,16,49,65,2532695,395206,15614,39518,1332494,2983035,4315530,1620
2021/03/31,2021,3,31,chokepoint1,Suez Canal,12,23,8,6,14,49,63,858260,1385383,26031,35175,629937,2304851,2934788,1621
2021/04/01,2021,4,1,chokepoint1,Suez Canal,34,15,9,0,19,58,77,2235164,754906,18513,0,727172,3008583,3735756,1622
2021/04/02,2021,4,2,chokepoint1,Suez Canal,22,24,5,3,23,54,77,1346746,1527159,57487,12063,1120166,2943456,4063623,1623
2021/04/03,2021,4,3,chokepoint1,Suez Canal,11,37,9,1,30,58,88,653852,2384924,46365,6917,1588312,3092060,4680372,1624
2021/04/04,2021,4,4,chokepoint1,Suez Canal,25,29,3,3,27,60,87,1506353,1748141,5349,9976,922895,3269821,4192716,1625
2021/04/05,2021,4,5,chokepoint1,Suez Canal,7,15,7,3,16,32,48,486559,911133,56787,11957,858607,1466438,2325046,1626
2021/04/06,2021,4,6,chokepoint1,Suez Canal,32,20,11,2,13,65,78,2263538,981905,21573,9310,483028,3276328,3759357,1627
2021/04/07,2021,4,7,chokepoint1,Suez Canal,16,12,8,7,26,43,69,970060,985441,75212,21213,1594411,2051927,3646339,1628
2021/04/08,2021,4,8,chokepoint1,Suez Canal,28,13,9,5,22,55,77,2359813,776666,21379,22511,1207861,3180372,4388233,1629
2021/04/09,2021,4,9,chokepoint1,Suez Canal,19,27,13,3,26,62,88,1326451,1720524,78148,10902,1084322,3136026,4220348,1630
2021/04/10,2021,4,10,chokepoint1,Suez Canal,12,24,12,0,21,48,69,819966,1432844,68921,0,897321,2321732,3219054,1631
2021/04/11,2021,4,11,chokepoint1,Suez Canal,19,19,14,2,14,54,68,1055385,1045438,36121,10960,359621,2147906,2507527,1632
2021/04/12,2021,4,12,chokepoint1,Suez Canal,15,4,7,4,15,30,45,810447,300728,39413,20194,913555,1170783,2084339,1633
2021/04/13,2021,4,13,chokepoint1,Suez Canal,15,12,5,4,10,36,46,1094956,649613,16507,19529,475903,1780607,2256510,1634
2021/04/14,2021,4,14,chokepoint1,Suez Canal,14,15,5,4,12,38,50,1092869,592247,51008,23660,492990,1759785,2252776,1635
2021/04/15,2021,4,15,chokepoint1,Suez Canal,14,15,4,3,12,36,48,827411,903459,12899,15720,503043,1759491,2262535,1636
2021/04/16,2021,4,16,chokepoint1,Suez Canal,16,17,9,0,13,42,55,845373,1022617,31573,0,804999,1899564,2704564,1637
2021/04/17,2021,4,17,chokepoint1,Suez Canal,16,13,5,2,18,36,54,1005023,813880,21689,6500,1058257,1847093,2905351,1638
2021/04/18,2021,4,18,chokepoint1,Suez Canal,20,13,2,2,11,37,48,1124029,1222814,7323,5470,587239,2359638,2946877,1639
2021/04/19,2021,4,19,chokepoint1,Suez Canal,16,15,6,3,19,40,59,1363306,770542,29643,14244,367469,2177737,2545207,1640
2021/04/20,2021,4,20,chokepoint1,Suez Canal,20,12,10,3,11,45,56,1176876,694021,48833,12568,677339,1932300,2609640,1641
2021/04/21,2021,4,21,chokepoint1,Suez Canal,15,15,4,3,18,37,55,860142,753781,12646,10679,610227,1637251,2247478,1642
2021/04/22,2021,4,22,chokepoint1,Suez Canal,14,12,10,1,18,37,55,925348,722770,40156,4163,942368,1692439,2634808,1643
2021/04/23,2021,4,23,chokepoint1,Suez Canal,16,24,3,0,14,43,57,1089956,1723056,18724,0,427139,2831737,3258877,1644
2021/04/24,2021,4,24,chokepoint1,Suez Canal,21,7,8,2,15,38,53,1488452,527866,35379,8775,503136,2060474,2563610,1645
2021/04/25,2021,4,25,chokepoint1,Suez Canal,18,15,11,3,23,47,70,932272,660050,67890,18489,1214121,1678703,2892824,1646
2021/04/26,2021,4,26,chokepoint1,Suez Canal,15,15,3,8,12,41,53,1001270,803167,4168,45721,408940,1854327,2263268,1647
2021/04/27,2021,4,27,chokepoint1,Suez Canal,19,5,2,5,9,31,40,1320156,517623,1115,24464,527962,1863359,2391322,1648
2021/04/28,2021,4,28,chokepoint1,Suez Canal,12,16,11,0,9,39,48,797439,920588,45335,0,390499,1763362,2153862,1649
2021/04/29,2021,4,29,chokepoint1,Suez Canal,17,13,4,1,9,35,44,1208815,831032,14440,10596,693574,2064884,2758458,1650
2021/04/30,2021,4,30,chokepoint1,Suez Canal,18,11,8,3,9,40,49,982955,465822,45672,15815,267270,1510265,1777536,1651
2021/05/01,2021,5,1,chokepoint1,Suez Canal,17,15,12,4,14,48,62,1134105,865345,44541,17168,581431,2061160,2642591,1652
2021/05/02,2021,5,2,chokepoint1,Suez Canal,18,10,8,2,18,38,56,1502575,522010,47520,10430,916600,2082537,2999137,1653
2021/05/03,2021,5,3,chokepoint1,Suez Canal,16,14,4,2,23,36,59,985943,711520,11632,9150,747255,1718246,2465502,1654
2021/05/04,2021,5,4,chokepoint1,Suez Canal,19,11,7,2,13,39,52,929728,692438,11735,8153,781998,1642056,2424054,1655
2021/05/05,2021,5,5,chokepoint1,Suez Canal,19,12,8,4,14,43,57,1415021,760806,13680,22587,595077,2212096,2807173,1656
2021/05/06,2021,5,6,chokepoint1,Suez Canal,13,18,8,2,19,41,60,766838,949514,10429,9510,678226,1736293,2414519,1657
2021/05/07,2021,5,7,chokepoint1,Suez Canal,21,12,6,2,15,41,56,1312935,713277,18772,9673,889462,2054658,2944121,1658
2021/05/08,2021,5,8,chokepoint1,Suez Canal,18,14,6,7,17,45,62,1098362,614037,20312,39515,485961,1772227,2258189,1659
2021/05/09,2021,5,9,chokepoint1,Suez Canal,17,13,10,3,18,43,61,1134728,807596,51225,10326,600798,2003877,2604676,1660
2021/05/10,2021,5,10,chokepoint1,Suez Canal,10,14,7,1,9,32,41,557320,462449,23974,4475,426392,1048220,1474613,1661
2021/05/11,2021,5,11,chokepoint1,Suez Canal,18,18,3,0,23,39,62,1026709,1050706,5745,0,876893,2083161,2960054,1662
2021/05/12,2021,5,12,chokepoint1,Suez Canal,17,19,4,4,12,44,56,1171538,945664,25122,16313,778311,2158638,2936950,1663
2021/05/13,2021,5,13,chokepoint1,Suez Canal,14,19,10,5,16,48,64,633629,1421068,65337,11765,708754,2131799,2840554,1664
2021/05/14,2021,5,14,chokepoint1,Suez Canal,17,15,3,4,14,39,53,976969,999662,11677,18914,543802,2007224,2551027,1665
2021/05/15,2021,5,15,chokepoint1,Suez Canal,18,4,5,2,15,29,44,1140785,307198,16405,4262,830615,1468652,2299267,1666
2021/05/16,2021,5,16,chokepoint1,Suez Canal,15,17,5,3,23,40,63,922654,888383,25122,5298,1199973,1841459,3041432,1667
2021/05/17,2021,5,17,chokepoint1,Suez Canal,21,10,7,0,23,38,61,1431866,707852,25619,0,894829,2165338,3060168,1668
2021/05/18,2021,5,18,chokepoint1,Suez Canal,15,22,6,5,17,48,65,712326,1214776,38359,17958,834220,1983421,2817642,1669
2021/05/19,2021,5,19,chokepoint1,Suez Canal,17,13,5,6,20,41,61,952117,980305,17917,23327,896243,1973668,2869911,1670
2021/05/20,2021,5,20,chokepoint1,Suez Canal,16,10,1,2,13,29,42,1102617,659945,0,9378,770610,1771941,2542551,1671
2021/05/21,2021,5,21,chokepoint1,Suez Canal,17,11,5,2,11,35,46,906240,589965,17371,2167,432562,1515745,1948307,1672
2021/05/22,2021,5,22,chokepoint1,Suez Canal,15,16,4,4,15,39,54,947908,1397141,21183,16597,642957,2382831,3025788,1673
2021/05/23,2021,5,23,chokepoint1,Suez Canal,18,12,3,2,16,35,51,1260844,913345,6050,24179,507728,2204420,2712148,1674
2021/05/24,2021,5,24,chokepoint1,Suez Canal,24,13,3,1,13,41,54,1544450,601658,6651,10650,647573,2163410,2810984,1675
2021/05/25,2021,5,25,chokepoint1,Suez Canal,13,14,8,1,10,36,46,701392,1132013,24067,1874,275794,1859347,2135141,1676
2021/05/26,2021,5,26,chokepoint1,Suez Canal,15,12,6,3,13,36,49,1010240,366960,44097,12772,729541,1434071,2163612,1677
2021/05/27,2021,5,27,chokepoint1,Suez Canal,21,23,17,3,18,64,82,1452425,1077870,74961,6792,655515,2612049,3267565,1678
2021/05/28,2021,5,28,chokepoint1,Suez Canal,17,12,2,4,18,35,53,931490,627032,8536,17232,1073839,1584291,2658131,1679
2021/05/29,2021,5,29,chokepoint1,Suez Canal,16,20,10,0,15,46,61,890585,1168152,60379,0,1004512,2119117,3123630,1680
2021/05/30,2021,5,30,chokepoint1,Suez Canal,17,20,11,4,14,52,66,1367387,1326225,33066,18517,541506,2745197,3286703,1681
2021/05/31,2021,5,31,chokepoint1,Suez Canal,20,11,5,2,15,38,53,1328381,509037,39720,3912,424086,1881052,2305138,1682
2021/06/01,2021,6,1,chokepoint1,Suez Canal,16,9,2,1,8,28,36,907695,886842,3262,3422,208055,1801222,2009277,1683
2021/06/02,2021,6,2,chokepoint1,Suez Canal,14,11,8,2,18,35,53,861419,656061,31907,9025,816850,1558414,2375265,1684
2021/06/03,2021,6,3,chokepoint1,Suez Canal,15,18,4,2,15,39,54,855470,1228707,23106,12517,922456,2119801,3042258,1685
2021/06/04,2021,6,4,chokepoint1,Suez Canal,14,15,5,4,14,38,52,871976,808740,25466,10393,488959,1716577,2205536,1686
2021/06/05,2021,6,5,chokepoint1,Suez Canal,18,19,8,3,11,48,59,972096,782168,48986,11567,365792,1814818,2180610,1687
2021/06/06,2021,6,6,chokepoint1,Suez Canal,18,8,7,5,20,38,58,1228740,343889,62730,14057,944594,1649417,2594011,1688
2021/06/07,2021,6,7,chokepoint1,Suez Canal,16,8,4,8,27,36,63,988559,427229,42958,26788,1061407,1485537,2546944,1689
2021/06/08,2021,6,8,chokepoint1,Suez Canal,21,8,9,1,9,39,48,992925,593041,91307,8144,394197,1685419,2079616,1690
2021/06/09,2021,6,9,chokepoint1,Suez Canal,15,18,1,1,20,35,55,835875,951945,1685,3193,1228658,1792699,3021358,1691
2021/06/10,2021,6,10,chokepoint1,Suez Canal,16,19,3,2,11,40,51,1184648,1324708,18311,4096,657078,2531765,3188843,1692
2021/06/11,2021,6,11,chokepoint1,Suez Canal,16,15,13,2,14,46,60,1041818,584046,69436,10488,640560,1705789,2346350,1693
2021/06/12,2021,6,12,chokepoint1,Suez Canal,16,15,9,2,13,42,55,744071,731110,33570,0,472681,1508752,1981434,1694
2021/06/13,2021,6,13,chokepoint1,Suez Canal,13,13,6,3,20,35,55,706277,619248,15581,6557,639504,1347665,1987170,1695
2021/06/14,2021,6,14,chokepoint1,Suez Canal,16,17,7,3,17,43,60,985037,711527,20374,19253,970354,1736193,2706548,1696
2021/06/15,2021,6,15,chokepoint1,Suez Canal,20,14,7,2,14,43,57,1407305,758730,24490,12584,387022,2203111,2590133,1697
2021/06/16,2021,6,16,chokepoint1,Suez Canal,14,13,6,4,18,37,55,776065,854901,53491,11723,1331854,1696182,3028036,1698
2021/06/17,2021,6,17,chokepoint1,Suez Canal,13,14,8,2,19,37,56,825165,789233,45688,5306,906274,1665393,2571667,1699
2021/06/18,2021,6,18,chokepoint1,Suez Canal,24,11,1,1,13,37,50,1471414,850509,2237,0,753561,2324160,3077722,1700
2021/06/19,2021,6,19,chokepoint1,Suez Canal,12,12,6,3,19,33,52,886782,504335,25719,17210,620906,1434048,2054955,1701
2021/06/20,2021,6,20,chokepoint1,Suez Canal,18,17,8,6,11,49,60,1075453,1143605,21778,28174,556706,2269012,2825718,1702
2021/06/21,2021,6,21,chokepoint1,Suez Canal,21,11,8,0,14,40,54,1059701,882150,27497,0,642555,1969348,2611904,1703
2021/06/22,2021,6,22,chokepoint1,Suez Canal,13,21,10,0,16,44,60,797194,1450709,66070,0,663321,2313974,2977295,1704
2021/06/23,2021,6,23,chokepoint1,Suez Canal,20,4,3,4,12,31,43,1393991,413220,3831,9409,804191,1820452,2624644,1705
2021/06/24,2021,6,24,chokepoint1,Suez Canal,12,21,9,4,9,46,55,738993,881894,54255,14303,405501,1689446,2094948,1706
2021/06/25,2021,6,25,chokepoint1,Suez Canal,19,21,4,3,18,47,65,1257925,957460,10565,12267,1065406,2238218,3303624,1707
2021/06/26,2021,6,26,chokepoint1,Suez Canal,18,14,7,2,22,41,63,1247055,730033,36888,21134,1042704,2035112,3077816,1708
2021/06/27,2021,6,27,chokepoint1,Suez Canal,18,14,4,3,13,39,52,996136,870807,8039,15408,521912,1890391,2412304,1709
2021/06/28,2021,6,28,chokepoint1,Suez Canal,15,19,6,4,26,44,70,1133841,1039758,22998,23941,1330401,2220540,3550942,1710
2021/06/29,2021,6,29,chokepoint1,Suez Canal,19,22,5,5,15,51,66,1201270,1535473,28900,25046,516026,2790691,3306718,1711
2021/06/30,2021,6,30,chokepoint1,Suez Canal,15,7,2,1,18,25,43,1005411,757602,7207,5626,892186,1775849,2668036,1712
2021/07/01,2021,7,1,chokepoint1,Suez Canal,17,16,7,2,13,42,55,1187052,700959,13427,11247,446223,1912686,2358910,1713
2021/07/02,2021,7,2,chokepoint1,Suez Canal,24,10,3,2,14,39,53,1392830,389333,11458,14387,435622,1808010,2243633,1714
2021/07/03,2021,7,3,chokepoint1,Suez Canal,8,12,7,5,16,32,48,623451,760075,59937,25820,859482,1469284,2328766,1715
2021/07/04,2021,7,4,chokepoint1,Suez Canal,17,16,4,2,13,39,52,897339,835906,16035,7231,439028,1756513,2195542,1716
2021/07/05,2021,7,5,chokepoint1,Suez Canal,19,12,6,1,11,38,49,1118901,771993,11798,9194,644531,1911887,2556418,1717
2021/07/06,2021,7,6,chokepoint1,Suez Canal,14,20,4,4,13,42,55,717682,1240495,17200,17769,846210,1993148,2839359,1718
2021/07/07,2021,7,7,chokepoint1,Suez Canal,16,6,4,2,20,28,48,1213841,348443,18432,2811,670771,1583528,2254300,1719
2021/07/08,2021,7,8,chokepoint1,Suez Canal,16,18,7,2,13,43,56,895963,898683,20594,1713,623511,1816955,2440466,1720
2021/07/09,2021,7,9,chokepoint1,Suez Canal,20,16,8,1,17,45,62,1278871,708531,39914,0,1111829,2027317,3139147,1721
2021/07/10,2021,7,10,chokepoint1,Suez Canal,19,13,2,3,12,37,49,1164524,736232,15464,17772,343536,1933994,2277531,1722
2021/07/11,2021,7,11,chokepoint1,Suez Canal,16,18,12,2,14,48,62,1136945,1188657,62546,3881,594689,2392030,2986719,1723
2021/07/12,2021,7,12,chokepoint1,Suez Canal,18,11,4,5,11,38,49,1030576,933818,32861,18247,317589,2015504,2333093,1724
2021/07/13,2021,7,13,chokepoint1,Suez Canal,16,17,2,3,19,38,57,833271,655646,5947,20711,1085351,1515577,2600929,1725
2021/07/14,2021,7,14,chokepoint1,Suez Canal,13,19,6,4,15,42,57,752033,954540,12336,9715,692999,1728626,2421625,1726
2021/07/15,2021,7,15,chokepoint1,Suez Canal,19,8,6,2,12,35,47,1550730,289344,29575,7117,816474,1876769,2693244,1727
2021/07/16,2021,7,16,chokepoint1,Suez Canal,19,13,5,3,19,40,59,1059702,840997,47629,13661,1172275,1961991,3134266,1728
2021/07/17,2021,7,17,chokepoint1,Suez Canal,16,16,4,1,17,37,54,1023189,853541,8233,3365,618689,1888329,2507019,1729
2021/07/18,2021,7,18,chokepoint1,Suez Canal,19,10,4,2,20,35,55,1184098,403438,14504,10237,614857,1612280,2227137,1730
2021/07/19,2021,7,19,chokepoint1,Suez Canal,22,16,6,2,6,46,52,1563040,719054,13052,17351,345781,2312498,2658280,1731
2021/07/20,2021,7,20,chokepoint1,Suez Canal,18,15,3,1,11,37,48,1094572,1016089,2733,5420,766664,2118815,2885480,1732
2021/07/21,2021,7,21,chokepoint1,Suez Canal,13,17,7,3,13,40,53,913029,1235208,25400,11299,649667,2184938,2834606,1733
2021/07/22,2021,7,22,chokepoint1,Suez Canal,17,15,8,4,18,44,62,1161580,971287,53646,18201,852686,2204715,3057401,1734
2021/07/23,2021,7,23,chokepoint1,Suez Canal,18,13,6,2,13,39,52,1175964,927285,50851,13284,575069,2167386,2742455,1735
2021/07/24,2021,7,24,chokepoint1,Suez Canal,15,21,7,2,17,45,62,846497,736553,31218,5410,630615,1619679,2250294,1736
2021/07/25,2021,7,25,chokepoint1,Suez Canal,20,26,6,1,10,53,63,1257615,917608,20497,6023,118030,2201744,2319774,1737
2021/07/26,2021,7,26,chokepoint1,Suez Canal,18,14,10,5,21,47,68,1376526,716324,39466,36195,947493,2168512,3116005,1738
2021/07/27,2021,7,27,chokepoint1,Suez Canal,10,20,10,2,17,42,59,484936,1015765,44311,7533,636123,1552547,2188671,1739
2021/07/28,2021,7,28,chokepoint1,Suez Canal,17,18,5,1,17,41,58,1072260,1008386,9286,5293,915907,2095226,3011133,1740
2021/07/29,2021,7,29,chokepoint1,Suez Canal,16,18,5,6,17,45,62,892747,690494,26622,17427,866849,1627291,2494140,1741
2021/07/30,2021,7,30,chokepoint1,Suez Canal,27,12,7,4,16,50,66,1565080,416484,36008,21921,623596,2039494,2663090,1742
2021/07/31,2021,7,31,chokepoint1,Suez Canal,14,14,7,2,16,37,53,663509,533615,47447,5556,485397,1250129,1735527,1743
2021/08/01,2021,8,1,chokepoint1,Suez Canal,17,14,6,1,20,38,58,971466,740778,29155,3740,903983,1745141,2649124,1744
2021/08/02,2021,8,2,chokepoint1,Suez Canal,19,18,8,2,15,47,62,1243859,813793,24113,11281,695529,2093048,2788577,1745
2021/08/03,2021,8,3,chokepoint1,Suez Canal,13,24,10,3,14,50,64,1099045,1026018,35460,21180,371088,2181705,2552794,1746
2021/08/04,2021,8,4,chokepoint1,Suez Canal,14,20,9,5,11,48,59,618122,1169528,33790,16430,474222,1837872,2312095,1747
2021/08/05,2021,8,5,chokepoint1,Suez Canal,19,20,9,3,14,51,65,825946,560589,24503,0,414111,1411039,1825151,1748
2021/08/06,2021,8,6,chokepoint1,Suez Canal,20,18,5,5,14,48,62,1225003,948212,7180,27003,766491,2207398,2973889,1749
2021/08/07,2021,8,7,chokepoint1,Suez Canal,16,21,2,2,15,41,56,837332,995476,4569,5566,694326,1842944,2537270,1750
2021/08/08,2021,8,8,chokepoint1,Suez Canal,15,25,3,1,14,44,58,592998,1206757,20793,10457,773713,1831007,2604720,1751
2021/08/09,2021,8,9,chokepoint1,Suez Canal,14,14,5,3,23,36,59,735558,839206,15442,6268,1144374,1596474,2740849,1752
2021/08/10,2021,8,10,chokepoint1,Suez Canal,18,22,6,1,22,47,69,1359951,1404216,11087,0,582235,2775255,3357491,1753
2021/08/11,2021,8,11,chokepoint1,Suez Canal,16,27,7,5,18,55,73,1050436,1133315,10036,6649,1130181,2200436,3330618,1754
2021/08/12,2021,8,12,chokepoint1,Suez Canal,16,12,9,3,18,40,58,771567,645493,51585,8558,1127616,1477205,2604822,1755
2021/08/13,2021,8,13,chokepoint1,Suez Canal,17,18,3,3,15,41,56,810838,763114,7060,8175,753320,1589190,2342510,1756
2021/08/14,2021,8,14,chokepoint1,Suez Canal,13,18,4,3,17,38,55,711327,997581,6970,19333,874619,1735213,2609833,1757
2021/08/15,2021,8,15,chokepoint1,Suez Canal,20,23,4,3,10,50,60,1143752,1132570,33012,6328,217168,2315664,2532833,1758
2021/08/16,2021,8,16,chokepoint1,Suez Canal,18,21,10,6,20,55,75,1337322,908964,78028,25789,993978,2350104,3344082,1759
2021/08/17,2021,8,17,chokepoint1,Suez Canal,17,13,4,2,22,36,58,786762,636541,14187,13431,1075564,1450922,2526487,1760
2021/08/18,2021,8,18,chokepoint1,Suez Canal,18,18,6,2,18,44,62,1155515,922073,18648,8218,558648,2104455,2663103,1761
2021/08/19,2021,8,19,chokepoint1,Suez Canal,16,19,5,2,21,42,63,1134400,814380,42867,9721,1102855,2001370,3104225,1762
2021/08/20,2021,8,20,chokepoint1,Suez Canal,24,21,8,2,15,55,70,1270119,863017,42356,3788,525988,2179282,2705270,1763
2021/08/21,2021,8,21,chokepoint1,Suez Canal,17,15,8,1,24,41,65,951945,813798,64977,10828,602743,1841550,2444294,1764
2021/08/22,2021,8,22,chokepoint1,Suez Canal,18,21,7,4,8,50,58,1227310,1228767,35486,27428,177551,2518993,2696544,1765
2021/08/23,2021,8,23,chokepoint1,Suez Canal,17,28,8,5,12,58,70,873565,1303223,45791,8373,476617,2230954,2707572,1766
2021/08/24,2021,8,24,chokepoint1,Suez Canal,18,24,8,2,17,52,69,1207894,1075341,43933,9888,797136,2337058,3134194,1767
2021/08/25,2021,8,25,chokepoint1,Suez Canal,23,14,6,5,13,48,61,1333341,647811,24035,18986,282666,2024174,2306841,1768
2021/08/26,2021,8,26,chokepoint1,Suez Canal,18,21,5,2,16,46,62,835671,1174619,7785,6025,717207,2024102,2741310,1769
2021/08/27,2021,8,27,chokepoint1,Suez Canal,12,18,10,3,22,43,65,644862,997547,27742,11449,1046661,1681602,2728264,1770
2021/08/28,2021,8,28,chokepoint1,Suez Canal,16,24,2,3,14,45,59,1059719,1397293,7122,7699,763201,2471835,3235036,1771
2021/08/29,2021,8,29,chokepoint1,Suez Canal,26,14,8,1,16,49,65,1660199,873852,27226,5509,680340,2566788,3247128,1772
2021/08/30,2021,8,30,chokepoint1,Suez Canal,12,13,3,2,20,30,50,751744,859588,33625,11577,757892,1656535,2414428,1773
2021/08/31,2021,8,31,chokepoint1,Suez Canal,15,22,6,0,16,43,59,946601,1111457,20950,0,607821,2079010,2686831,1774
2021/09/01,2021,9,1,chokepoint1,Suez Canal,18,11,3,1,12,33,45,1269812,529109,2828,5626,884212,1807377,2691590,1775
2021/09/02,2021,9,2,chokepoint1,Suez Canal,14,27,5,2,20,48,68,721053,1434718,28689,13876,835797,2198339,3034136,1776
2021/09/03,2021,9,3,chokepoint1,Suez Canal,21,22,4,2,18,49,67,1080381,1264651,8332,2282,1086832,2355649,3442482,1777
2021/09/04,2021,9,4,chokepoint1,Suez Canal,19,21,5,5,11,50,61,1414584,1024905,5122,29783,479022,2474395,2953418,1778
2021/09/05,2021,9,5,chokepoint1,Suez Canal,22,21,9,2,18,54,72,1459586,601919,34151,4967,726161,2100624,2826786,1779
2021/09/06,2021,9,6,chokepoint1,Suez Canal,17,19,4,2,21,42,63,1029352,1456035,42120,13748,653368,2541257,3194626,1780
2021/09/07,2021,9,7,chokepoint1,Suez Canal,19,29,4,0,15,52,67,1251313,1277940,39038,0,826211,2568292,3394504,1781
2021/09/08,2021,9,8,chokepoint1,Suez Canal,16,23,11,1,21,51,72,648059,1201996,33016,2747,887502,1885819,2773322,1782
2021/09/09,2021,9,9,chokepoint1,Suez Canal,20,17,1,5,13,43,56,887186,986893,0,16919,534095,1891000,2425095,1783
2021/09/10,2021,9,10,chokepoint1,Suez Canal,15,15,2,6,24,38,62,665947,700575,4844,11844,779352,1383212,2162564,1784
2021/09/11,2021,9,11,chokepoint1,Suez Canal,14,12,3,1,13,30,43,1026296,906989,12169,3863,467533,1949318,2416852,1785
2021/09/12,2021,9,12,chokepoint1,Suez Canal,17,14,3,5,23,39,62,1130103,798099,26751,13263,1355791,1968218,3324009,1786
2021/09/13,2021,9,13,chokepoint1,Suez Canal,19,15,4,3,12,41,53,821412,759434,35353,30302,594993,1646502,2241496,1787
2021/09/14,2021,9,14,chokepoint1,Suez Canal,14,19,8,1,22,42,64,916352,749565,42629,0,602298,1708547,2310845,1788
2021/09/15,2021,9,15,chokepoint1,Suez Canal,25,18,6,5,10,54,64,1268985,1235654,31988,12245,500775,2548874,3049650,1789
2021/09/16,2021,9,16,chokepoint1,Suez Canal,15,25,1,2,16,43,59,715766,1444470,18825,3992,731884,2183055,2914939,1790
2021/09/17,2021,9,17,chokepoint1,Suez Canal,23,13,2,4,18,42,60,1239954,560269,4339,11166,1035542,1815729,2851271,1791
2021/09/18,2021,9,18,chokepoint1,Suez Canal,17,25,5,0,21,47,68,1037067,1306750,46995,0,547081,2390814,2937895,1792
2021/09/19,2021,9,19,chokepoint1,Suez Canal,20,17,9,1,24,47,71,1173148,794517,43961,11084,1061945,2022712,3084658,1793
2021/09/20,2021,9,20,chokepoint1,Suez Canal,14,21,5,6,17,46,63,839218,1107629,16975,19972,620959,1983795,2604754,1794
2021/09/21,2021,9,21,chokepoint1,Suez Canal,14,24,5,2,20,45,65,972158,1072798,17402,8703,1135996,2071063,3207059,1795
2021/09/22,2021,9,22,chokepoint1,Suez Canal,23,20,10,2,14,55,69,1134111,884358,54949,15346,671387,2088765,2760153,1796
2021/09/23,2021,9,23,chokepoint1,Suez Canal,19,18,6,2,14,45,59,982701,1172006,34187,9202,785688,2198098,2983786,1797
2021/09/24,2021,9,24,chokepoint1,Suez Canal,20,22,10,2,13,54,67,1183960,1192915,62531,13889,472059,2453297,2925356,1798
2021/09/25,2021,9,25,chokepoint1,Suez Canal,19,15,4,1,16,39,55,1222007,1216973,18052,4374,937139,2461407,3398547,1799
2021/09/26,2021,9,26,chokepoint1,Suez Canal,21,18,11,1,16,51,67,1256307,785091,39413,1684,850879,2082498,2933377,1800
2021/09/27,2021,9,27,chokepoint1,Suez Canal,17,11,3,1,14,32,46,1051989,334563,9293,6068,932742,1401914,2334657,1801
2021/09/28,2021,9,28,chokepoint1,Suez Canal,15,26,7,6,26,54,80,846026,966866,44635,35918,1216540,1893447,3109987,1802
2021/09/29,2021,9,29,chokepoint1,Suez Canal,22,28,3,4,25,57,82,1035686,1595436,11460,14886,1278740,2657470,3936210,1803
2021/09/30,2021,9,30,chokepoint1,Suez Canal,16,20,8,3,15,47,62,834454,824402,44333,4469,626456,1707660,2334116,1804
2021/10/01,2021,10,1,chokepoint1,Suez Canal,18,7,4,2,23,31,54,958039,400147,22111,4220,783716,1384519,2168236,1805
2021/10/02,2021,10,2,chokepoint1,Suez Canal,13,24,5,3,17,45,62,751433,744950,13818,14414,723160,1524615,2247776,1806
2021/10/03,2021,10,3,chokepoint1,Suez Canal,16,20,8,1,12,45,57,839398,1273184,19911,3099,245619,2135593,2381213,1807
2021/10/04,2021,10,4,chokepoint1,Suez Canal,16,11,4,8,12,39,51,746523,665851,6098,22104,766216,1440578,2206794,1808
2021/10/05,2021,10,5,chokepoint1,Suez Canal,26,26,5,0,18,57,75,2035836,1340940,7999,0,826739,3384776,4211515,1809
2021/10/06,2021,10,6,chokepoint1,Suez Canal,22,16,3,3,15,44,59,1296101,853046,12186,7926,786173,2169260,2955434,1810
2021/10/07,2021,10,7,chokepoint1,Suez Canal,15,13,6,4,19,38,57,669533,551211,48275,17530,650496,1286550,1937047,1811
2021/10/08,2021,10,8,chokepoint1,Suez Canal,19,27,6,4,14,56,70,759895,1409067,21079,27752,649637,2217796,2867433,1812
2021/10/09,2021,10,9,chokepoint1,Suez Canal,15,14,4,3,23,36,59,761925,810442,38845,17433,1180333,1628647,2808980,1813
2021/10/10,2021,10,10,chokepoint1,Suez Canal,11,26,5,1,17,43,60,662321,1353960,14666,0,852845,2030948,2883793,1814
2021/10/11,2021,10,11,chokepoint1,Suez Canal,24,19,8,4,14,55,69,1258599,996338,36569,11720,507515,2303227,2810742,1815
2021/10/12,2021,10,12,chokepoint1,Suez Canal,22,17,6,5,14,50,64,1424628,1288739,13146,23793,604473,2750307,3354780,1816
2021/10/13,2021,10,13,chokepoint1,Suez Canal,20,18,7,5,10,50,60,1287356,646988,46103,18096,524730,1998544,2523274,1817
2021/10/14,2021,10,14,chokepoint1,Suez Canal,13,20,10,4,13,47,60,544276,568149,78743,15137,391821,1206306,1598128,1818
2021/10/15,2021,10,15,chokepoint1,Suez Canal,26,10,5,1,17,42,59,1163638,843451,22763,0,815243,2029852,2845096,1819
2021/10/16,2021,10,16,chokepoint1,Suez Canal,18,21,7,3,22,49,71,1187441,765286,50379,14950,890273,2018058,2908332,1820
2021/10/17,2021,10,17,chokepoint1,Suez Canal,17,26,4,1,16,48,64,1014808,1269749,20941,6652,869145,2312152,3181297,1821
2021/10/18,2021,10,18,chokepoint1,Suez Canal,17,17,3,3,22,40,62,752724,1000632,15774,15358,1458548,1784490,3243038,1822
2021/10/19,2021,10,19,chokepoint1,Suez Canal,18,17,4,2,16,41,57,1048628,942046,18558,11250,454620,2020483,2475104,1823
2021/10/20,2021,10,20,chokepoint1,Suez Canal,17,19,4,2,22,42,64,1149470,966853,15573,10369,831566,2142267,2973833,1824
2021/10/21,2021,10,21,chokepoint1,Suez Canal,25,12,6,2,21,45,66,1850584,554829,60751,9745,941644,2475910,3417555,1825
2021/10/22,2021,10,22,chokepoint1,Suez Canal,23,19,2,4,19,48,67,1496890,1503794,4057,16158,1189943,3020901,4210845,1826
2021/10/23,2021,10,23,chokepoint1,Suez Canal,6,15,5,0,10,26,36,236116,1142208,51989,0,339985,1430314,1770299,1827
2021/10/24,2021,10,24,chokepoint1,Suez Canal,21,27,8,3,19,59,78,1133232,1305587,37650,9160,976840,2485631,3462472,1828
2021/10/25,2021,10,25,chokepoint1,Suez Canal,9,9,5,1,19,24,43,450392,502602,43307,3717,1219933,1000019,2219953,1829
2021/10/26,2021,10,26,chokepoint1,Suez Canal,17,29,3,2,16,51,67,962044,1000585,6096,4776,644366,1973502,2617868,1830
2021/10/27,2021,10,27,chokepoint1,Suez Canal,18,16,7,3,17,44,61,1028545,955617,22907,13084,676764,2020154,2696918,1831
2021/10/28,2021,10,28,chokepoint1,Suez Canal,10,20,8,2,17,40,57,628956,749026,55554,4604,720306,1438142,2158448,1832
2021/10/29,2021,10,29,chokepoint1,Suez Canal,18,16,7,3,13,44,57,943876,1149998,71288,9214,871077,2174379,3045456,1833
2021/10/30,2021,10,30,chokepoint1,Suez Canal,18,22,10,1,17,51,68,885240,799899,68172,5143,1179070,1758455,2937525,1834
2021/10/31,2021,10,31,chokepoint1,Suez Canal,18,15,6,3,21,42,63,950854,773006,50763,9843,1326251,1784467,3110719,1835
2021/11/01,2021,11,1,chokepoint1,Suez Canal,21,23,5,1,13,50,63,1146440,1072558,30888,6851,394900,2256738,2651639,1836
2021/11/02,2021,11,2,chokepoint1,Suez Canal,11,19,6,4,28,40,68,704945,1271470,32808,24797,1205444,2034022,3239466,1837
2021/11/03,2021,11,3,chokepoint1,Suez Canal,19,18,6,3,16,46,62,1083311,522956,13191,16350,643850,1635810,2279660,1838
2021/11/04,2021,11,4,chokepoint1,Suez Canal,16,16,9,1,16,42,58,857907,779278,16324,0,573779,1653510,2227290,1839
2021/11/05,2021,11,5,chokepoint1,Suez Canal,21,15,6,4,28,46,74,1211592,829878,17853,15444,1000857,2074769,3075626,1840
2021/11/06,2021,11,6,chokepoint1,Suez Canal,17,12,9,4,14,42,56,1259937,627860,39364,18920,532428,1946083,2478511,1841
2021/11/07,2021,11,7,chokepoint1,Suez Canal,19,8,4,5,18,36,54,1161255,209811,11034,25247,771780,1407347,2179128,1842
2021/11/08,2021,11,8,chokepoint1,Suez Canal,19,12,2,1,19,34,53,1061180,884665,21231,948,449692,1968026,2417718,1843
2021/11/09,2021,11,9,chokepoint1,Suez Canal,15,21,10,3,18,49,67,1030433,869964,59100,13710,539352,1973209,2512561,1844
2021/11/10,2021,11,10,chokepoint1,Suez Canal,18,19,7,5,18,49,67,980350,949454,40600,15792,894479,1986198,2880678,1845
2021/11/11,2021,11,11,chokepoint1,Suez Canal,18,12,4,4,17,38,55,907394,384060,19604,16791,1131094,1327851,2458946,1846
2021/11/12,2021,11,12,chokepoint1,Suez Canal,13,16,7,2,21,38,59,923975,977475,18755,6513,717363,1926720,2644084,1847
2021/11/13,2021,11,13,chokepoint1,Suez Canal,11,13,3,1,15,28,43,617458,604650,15217,4917,711421,1242244,1953665,1848
2021/11/14,2021,11,14,chokepoint1,Suez Canal,23,24,6,5,21,58,79,1148049,986529,25566,29613,833162,2189758,3022920,1849
2021/11/15,2021,11,15,chokepoint1,Suez Canal,27,13,9,2,13,51,64,2002077,950995,41232,6413,529483,3000719,3530202,1850
2021/11/16,2021,11,16,chokepoint1,Suez Canal,21,19,8,2,13,50,63,1012193,1042025,44504,7177,547136,2105900,2653037,1851
2021/11/17,2021,11,17,chokepoint1,Suez Canal,18,23,5,3,17,49,66,1029789,1214017,11210,7774,851932,2262792,3114724,1852
2021/11/18,2021,11,18,chokepoint1,Suez Canal,18,21,5,3,9,47,56,1276737,1185300,17446,3456,715636,2482941,3198577,1853
2021/11/19,2021,11,19,chokepoint1,Suez Canal,20,17,5,5,22,47,69,1353234,745800,18961,30973,1013378,2148971,3162349,1854
2021/11/20,2021,11,20,chokepoint1,Suez Canal,14,21,6,2,21,43,64,665825,1078818,18907,0,742011,1763551,2505562,1855
2021/11/21,2021,11,21,chokepoint1,Suez Canal,13,17,5,6,17,41,58,624170,778101,48974,30950,605844,1482197,2088041,1856
2021/11/22,2021,11,22,chokepoint1,Suez Canal,17,20,5,2,23,44,67,886007,747539,10333,7620,1020753,1651500,2672254,1857
2021/11/23,2021,11,23,chokepoint1,Suez Canal,21,24,5,4,14,54,68,1473033,1647162,16577,18845,855132,3155618,4010751,1858
2021/11/24,2021,11,24,chokepoint1,Suez Canal,16,12,8,5,20,41,61,1026701,664389,75666,31481,1001942,1798239,2800181,1859
2021/11/25,2021,11,25,chokepoint1,Suez Canal,21,18,5,1,20,45,65,1343533,747513,21916,4870,893504,2117834,3011339,1860
2021/11/26,2021,11,26,chokepoint1,Suez Canal,23,20,4,2,15,49,64,1050563,1406720,34152,3902,530210,2495338,3025548,1861
2021/11/27,2021,11,27,chokepoint1,Suez Canal,22,22,4,3,16,51,67,1630978,892398,19458,6825,473584,2549660,3023245,1862
2021/11/28,2021,11,28,chokepoint1,Suez Canal,18,26,6,2,20,52,72,954396,1636909,16819,11459,228058,2619585,2847644,1863
2021/11/29,2021,11,29,chokepoint1,Suez Canal,18,20,1,2,18,41,59,1197960,1515838,3306,14550,333617,2731655,3065272,1864
2021/11/30,2021,11,30,chokepoint1,Suez Canal,24,16,4,4,21,48,69,1457026,767011,16875,15678,950435,2256591,3207026,1865
2021/12/01,2021,12,1,chokepoint1,Suez Canal,16,17,6,2,16,41,57,990292,724666,28580,10316,577502,1753855,2331358,1866
2021/12/02,2021,12,2,chokepoint1,Suez Canal,8,12,4,2,20,26,46,601745,668320,5750,7424,940801,1283241,2224043,1867
2021/12/03,2021,12,3,chokepoint1,Suez Canal,17,11,5,4,18,37,55,1275436,550080,43567,15029,877941,1884113,2762055,1868
2021/12/04,2021,12,4,chokepoint1,Suez Canal,15,22,4,4,20,45,65,768754,1099827,36546,25161,419620,1930289,2349909,1869
2021/12/05,2021,12,5,chokepoint1,Suez Canal,17,13,6,2,14,38,52,1207509,641701,37165,7865,729084,1894241,2623325,1870
2021/12/06,2021,12,6,chokepoint1,Suez Canal,19,28,2,4,15,53,68,1068857,1682849,24631,12100,644851,2788439,3433291,1871
2021/12/07,2021,12,7,chokepoint1,Suez Canal,22,9,3,0,19,34,53,1397168,666779,6166,0,810368,2070114,2880482,1872
2021/12/08,2021,12,8,chokepoint1,Suez Canal,14,20,7,4,10,45,55,750149,1167784,30574,21510,479666,1970018,2449685,1873
2021/12/09,2021,12,9,chokepoint1,Suez Canal,20,23,4,0,21,47,68,1176622,1107075,17200,0,724610,2300898,3025509,1874
2021/12/10,2021,12,10,chokepoint1,Suez Canal,24,21,3,5,16,53,69,1424171,1711247,7289,21002,614856,3163710,3778567,1875
2021/12/11,2021,12,11,chokepoint1,Suez Canal,19,14,6,4,15,43,58,1406855,887303,9748,13861,861880,2317768,3179649,1876
2021/12/12,2021,12,12,chokepoint1,Suez Canal,17,19,6,3,19,45,64,1143947,802283,59829,5905,872012,2011966,2883979,1877
2021/12/13,2021,12,13,chokepoint1,Suez Canal,16,15,7,5,19,43,62,801763,1582137,26025,21794,624132,2431720,3055853,1878
2021/12/14,2021,12,14,chokepoint1,Suez Canal,13,18,3,7,15,41,56,681698,780368,41688,29248,643654,1533003,2176658,1879
2021/12/15,2021,12,15,chokepoint1,Suez Canal,17,13,7,1,17,38,55,829178,496098,61031,5930,1139583,1392239,2531823,1880
2021/12/16,2021,12,16,chokepoint1,Suez Canal,14,16,3,3,10,36,46,1117424,1025976,27214,10753,192786,2181369,2374155,1881
2021/12/17,2021,12,17,chokepoint1,Suez Canal,19,18,3,3,17,43,60,1146142,817213,11136,16787,703316,1991279,2694596,1882
2021/12/18,2021,12,18,chokepoint1,Suez Canal,22,14,5,1,18,42,60,1367860,963035,27891,0,1259905,2358787,3618693,1883
2021/12/19,2021,12,19,chokepoint1,Suez Canal,20,15,5,4,22,44,66,1258704,1116158,30021,23522,811595,2428406,3240002,1884
2021/12/20,2021,12,20,chokepoint1,Suez Canal,1,24,3,1,18,29,47,99439,1104044,4712,7503,1022164,1215699,2237863,1885
2021/12/21,2021,12,21,chokepoint1,Suez Canal,17,17,8,3,18,45,63,1134761,840650,61531,13638,884091,2050582,2934674,1886
2021/12/22,2021,12,22,chokepoint1,Suez Canal,27,24,3,2,14,56,70,1467567,1405423,22686,22907,555661,2918583,3474245,1887
2021/12/23,2021,12,23,chokepoint1,Suez Canal,17,16,7,3,23,43,66,910394,1027665,20048,4941,1034992,1963051,2998043,1888
2021/12/24,2021,12,24,chokepoint1,Suez Canal,15,3,2,5,22,25,47,823805,125073,6478,12200,1047706,967558,2015265,1889
2021/12/25,2021,12,25,chokepoint1,Suez Canal,18,19,4,1,20,42,62,1012981,675196,21278,5031,1214757,1714488,2929245,1890
2021/12/26,2021,12,26,chokepoint1,Suez Canal,21,18,7,7,12,53,65,1335717,889282,27340,24635,531163,2276976,2808140,1891
2021/12/27,2021,12,27,chokepoint1,Suez Canal,20,18,2,3,14,43,57,1156297,908160,4904,17566,378524,2086928,2465452,1892
2021/12/28,2021,12,28,chokepoint1,Suez Canal,22,19,2,1,16,44,60,973864,1116295,9093,4839,384544,2104093,2488637,1893
2021/12/29,2021,12,29,chokepoint1,Suez Canal,17,13,5,2,15,37,52,957021,969570,28179,0,813943,1954771,2768715,1894
2021/12/30,2021,12,30,chokepoint1,Suez Canal,9,20,8,3,18,40,58,349012,1015009,43214,8513,822040,1415750,2237791,1895
2021/12/31,2021,12,31,chokepoint1,Suez Canal,21,16,6,1,15,44,59,1231181,711981,44394,3768,671866,1991326,2663192,1896
2022/01/01,2022,1,1,chokepoint1,Suez Canal,19,19,7,3,12,48,60,1137619,1033340,38574,24319,985476,2233853,3219330,1897
2022/01/02,2022,1,2,chokepoint1,Suez Canal,20,14,8,2,10,44,54,1162982,730757,47536,4866,439638,1946142,2385781,1898
2022/01/03,2022,1,3,chokepoint1,Suez Canal,18,18,10,3,14,49,63,815815,910637,56829,5089,476520,1788372,2264893,1899
2022/01/04,2022,1,4,chokepoint1,Suez Canal,17,20,10,2,20,49,69,1036747,1054949,45953,14254,940976,2151905,3092882,1900
2022/01/05,2022,1,5,chokepoint1,Suez Canal,18,15,3,5,14,41,55,946463,681555,11503,20567,213498,1660090,1873589,1901
2022/01/06,2022,1,6,chokepoint1,Suez Canal,13,18,6,5,25,42,67,744114,994593,10293,11669,1070419,1760671,2831091,1902
2022/01/07,2022,1,7,chokepoint1,Suez Canal,21,23,5,4,20,53,73,1312920,1195650,34050,14781,998223,2557403,3555626,1903
2022/01/08,2022,1,8,chokepoint1,Suez Canal,12,10,8,0,16,30,46,379726,693775,40681,0,629122,1114183,1743306,1904
2022/01/09,2022,1,9,chokepoint1,Suez Canal,16,18,10,2,12,46,58,998452,841477,85857,4762,421656,1930549,2352205,1905
2022/01/10,2022,1,10,chokepoint1,Suez Canal,19,12,5,2,13,38,51,1086308,386529,14136,11599,445744,1498574,1944319,1906
2022/01/11,2022,1,11,chokepoint1,Suez Canal,17,24,9,4,23,54,77,1205348,1297654,67071,18771,1026014,2588845,3614859,1907
2022/01/12,2022,1,12,chokepoint1,Suez Canal,19,13,4,4,18,40,58,977670,635228,40838,14746,1072518,1668482,2741001,1908
2022/01/13,2022,1,13,chokepoint1,Suez Canal,24,14,10,5,10,53,63,1071645,471927,32259,20989,528693,1596821,2125514,1909
2022/01/14,2022,1,14,chokepoint1,Suez Canal,15,15,6,3,11,39,50,807951,929819,25981,14244,398026,1777996,2176022,1910
2022/01/15,2022,1,15,chokepoint1,Suez Canal,21,15,2,2,12,40,52,1515966,1266512,3956,0,857933,2786435,3644368,1911
2022/01/16,2022,1,16,chokepoint1,Suez Canal,9,16,8,1,17,34,51,432484,1040165,19680,0,338082,1492331,1830413,1912
2022/01/17,2022,1,17,chokepoint1,Suez Canal,16,16,4,3,12,39,51,1011519,634832,38021,17084,730951,1701458,2432409,1913
2022/01/18,2022,1,18,chokepoint1,Suez Canal,16,27,10,2,14,55,69,799793,1215788,65486,805,444892,2081874,2526767,1914
2022/01/19,2022,1,19,chokepoint1,Suez Canal,22,9,9,5,18,45,63,1339885,696630,22861,17753,705668,2077131,2782800,1915
2022/01/20,2022,1,20,chokepoint1,Suez Canal,24,12,5,7,19,48,67,1802994,742721,14458,17845,889224,2578019,3467243,1916
2022/01/21,2022,1,21,chokepoint1,Suez Canal,14,14,7,1,8,36,44,878427,796657,23676,0,294607,1698761,1993369,1917
2022/01/22,2022,1,22,chokepoint1,Suez Canal,13,14,8,3,22,38,60,605184,646300,26137,17074,694716,1294697,1989413,1918
2022/01/23,2022,1,23,chokepoint1,Suez Canal,17,16,8,2,13,43,56,851868,753879,53135,4844,922648,1663728,2586377,1919
2022/01/24,2022,1,24,chokepoint1,Suez Canal,17,20,10,3,17,50,67,985656,754856,81356,16377,807550,1838246,2645797,1920
2022/01/25,2022,1,25,chokepoint1,Suez Canal,18,22,6,2,21,48,69,787469,1087249,47659,13807,779605,1936184,2715790,1921
2022/01/26,2022,1,26,chokepoint1,Suez Canal,16,15,1,3,14,35,49,1026227,786454,0,9876,657727,1822558,2480286,1922
2022/01/27,2022,1,27,chokepoint1,Suez Canal,17,10,7,4,23,38,61,884158,441247,8475,18025,846238,1351906,2198144,1923
2022/01/28,2022,1,28,chokepoint1,Suez Canal,20,16,6,1,13,43,56,969987,942110,27542,10428,641404,1950069,2591473,1924
2022/01/29,2022,1,29,chokepoint1,Suez Canal,21,7,7,1,17,36,53,1120114,373518,20272,2945,535041,1516849,2051891,1925
2022/01/30,2022,1,30,chokepoint1,Suez Canal,19,23,7,2,4,51,55,1263818,1096448,22530,14793,226934,2397590,2624525,1926
2022/01/31,2022,1,31,chokepoint1,Suez Canal,19,18,7,4,14,48,62,1265052,660659,47083,11563,857405,1984358,2841764,1927
2022/02/01,2022,2,1,chokepoint1,Suez Canal,24,17,7,4,11,52,63,1380677,769071,25950,10848,632537,2186547,2819084,1928
2022/02/02,2022,2,2,chokepoint1,Suez Canal,16,28,3,3,13,50,63,723916,1387571,18264,12459,311970,2142211,2454181,1929
2022/02/03,2022,2,3,chokepoint1,Suez Canal,20,26,7,3,15,56,71,993199,1159437,31236,4991,627880,2188865,2816745,1930
2022/02/04,2022,2,4,chokepoint1,Suez Canal,14,21,1,1,18,37,55,921573,873441,12872,0,556696,1807887,2364584,1931
2022/02/05,2022,2,5,chokepoint1,Suez Canal,20,13,4,4,15,41,56,1091057,556851,6123,19983,898682,1674015,2572697,1932
2022/02/06,2022,2,6,chokepoint1,Suez Canal,21,12,6,5,15,44,59,1069459,589372,30560,23979,381503,1713372,2094876,1933
2022/02/07,2022,2,7,chokepoint1,Suez Canal,24,23,11,2,14,60,74,1345050,1353789,29730,5815,745632,2734386,3480018,1934
2022/02/08,2022,2,8,chokepoint1,Suez Canal,19,32,12,3,18,66,84,911991,1750112,73609,13265,641079,2748979,3390058,1935
2022/02/09,2022,2,9,chokepoint1,Suez Canal,15,22,4,1,17,42,59,935207,1294699,11622,1218,686745,2242747,2929493,1936
2022/02/10,2022,2,10,chokepoint1,Suez Canal,12,15,9,4,13,40,53,669777,893123,38136,18045,387107,1619082,2006190,1937
2022/02/11,2022,2,11,chokepoint1,Suez Canal,17,19,4,5,23,45,68,887913,923760,21076,31904,887317,1864655,2751973,1938
2022/02/12,2022,2,12,chokepoint1,Suez Canal,24,16,3,5,16,48,64,1409249,677661,14262,15452,881156,2116626,2997783,1939
2022/02/13,2022,2,13,chokepoint1,Suez Canal,13,23,7,2,20,45,65,747809,1281116,32453,13713,827929,2075091,2903021,1940
2022/02/14,2022,2,14,chokepoint1,Suez Canal,21,14,6,3,18,44,62,1407969,604442,61511,11727,1062265,2085651,3147917,1941
2022/02/15,2022,2,15,chokepoint1,Suez Canal,26,12,12,5,16,55,71,1516771,473326,55648,27075,602622,2072822,2675445,1942
2022/02/16,2022,2,16,chokepoint1,Suez Canal,20,11,6,1,13,38,51,1291751,547799,20152,2720,732336,1862424,2594761,1943
2022/02/17,2022,2,17,chokepoint1,Suez Canal,17,16,5,4,19,42,61,787595,848040,19407,14408,1061097,1669452,2730549,1944
2022/02/18,2022,2,18,chokepoint1,Suez Canal,11,25,5,6,11,47,58,833416,1175980,17723,31961,546553,2059082,2605635,1945
2022/02/19,2022,2,19,chokepoint1,Suez Canal,22,26,5,3,24,56,80,1277953,1425598,9402,19402,904300,2732356,3636656,1946
2022/02/20,2022,2,20,chokepoint1,Suez Canal,11,15,13,1,12,40,52,426730,774368,55122,5485,642350,1261707,1904057,1947
2022/02/21,2022,2,21,chokepoint1,Suez Canal,21,15,5,1,17,42,59,1380189,578247,45607,5617,769967,2009661,2779629,1948
2022/02/22,2022,2,22,chokepoint1,Suez Canal,18,20,4,3,9,45,54,1066721,1496262,14432,6910,257862,2584326,2842188,1949
2022/02/23,2022,2,23,chokepoint1,Suez Canal,31,13,3,1,15,48,63,1699426,617218,16911,0,599411,2333556,2932968,1950
2022/02/24,2022,2,24,chokepoint1,Suez Canal,17,23,11,2,8,53,61,1149824,1361791,52358,4023,403614,2567999,2971613,1951
2022/02/25,2022,2,25,chokepoint1,Suez Canal,13,19,7,5,18,44,62,608463,889732,24477,20218,844321,1542891,2387213,1952
2022/02/26,2022,2,26,chokepoint1,Suez Canal,17,19,5,3,19,44,63,905301,973249,6507,11071,1172588,1896131,3068719,1953
2022/02/27,2022,2,27,chokepoint1,Suez Canal,13,24,5,3,16,45,61,620784,1254165,28676,23228,682150,1926854,2609005,1954
2022/02/28,2022,2,28,chokepoint1,Suez Canal,20,24,6,2,16,52,68,1027304,1332079,16974,4894,834051,2381253,3215304,1955
2022/03/01,2022,3,1,chokepoint1,Suez Canal,23,19,10,2,11,54,65,1010386,983440,59317,6956,392648,2060100,2452749,1956
2022/03/02,2022,3,2,chokepoint1,Suez Canal,17,17,7,4,11,45,56,972007,881186,28997,23856,293918,1906047,2199966,1957
2022/03/03,2022,3,3,chokepoint1,Suez Canal,18,20,11,4,18,53,71,872564,1087031,50583,15784,799578,2025963,2825542,1958
2022/03/04,2022,3,4,chokepoint1,Suez Canal,19,15,7,5,21,46,67,1500601,764600,10056,16433,1195515,2291692,3487208,1959
2022/03/05,2022,3,5,chokepoint1,Suez Canal,19,22,2,2,10,45,55,975284,629756,4823,24237,577226,1634102,2211329,1960
2022/03/06,2022,3,6,chokepoint1,Suez Canal,20,8,6,4,20,38,58,1018786,498019,29291,31046,583941,1577144,2161085,1961
2022/03/07,2022,3,7,chokepoint1,Suez Canal,18,17,6,1,19,42,61,1334862,799515,40372,2853,844574,2177604,3022179,1962
2022/03/08,2022,3,8,chokepoint1,Suez Canal,9,20,8,2,12,39,51,473637,1032777,26771,13661,478804,1546848,2025652,1963
2022/03/09,2022,3,9,chokepoint1,Suez Canal,21,18,4,4,17,47,64,1312295,837986,37105,21470,876208,2208858,3085067,1964
2022/03/10,2022,3,10,chokepoint1,Suez Canal,18,20,5,2,23,45,68,1159947,807167,19585,7968,1016686,1994668,3011355,1965
2022/03/11,2022,3,11,chokepoint1,Suez Canal,16,8,4,4,19,32,51,1077506,304533,62794,22608,633772,1467442,2101215,1966
2022/03/12,2022,3,12,chokepoint1,Suez Canal,16,14,4,2,13,36,49,1057922,791352,12655,10699,516523,1872629,2389153,1967
2022/03/13,2022,3,13,chokepoint1,Suez Canal,19,18,4,5,14,46,60,968200,695516,26654,24063,604358,1714434,2318792,1968
2022/03/14,2022,3,14,chokepoint1,Suez Canal,20,20,6,8,18,54,72,880193,947915,25760,40884,614527,1894754,2509281,1969
2022/03/15,2022,3,15,chokepoint1,Suez Canal,21,16,6,3,23,46,69,1014605,637865,12884,14441,1373037,1679796,3052834,1970
2022/03/16,2022,3,16,chokepoint1,Suez Canal,25,13,6,3,19,47,66,1338821,601607,26143,21166,742958,1987738,2730697,1971
2022/03/17,2022,3,17,chokepoint1,Suez Canal,11,11,8,1,17,31,48,368784,765162,39348,6742,1138320,1180037,2318358,1972
2022/03/18,2022,3,18,chokepoint1,Suez Canal,17,20,8,0,20,45,65,1015414,651624,38336,0,892991,1705375,2598367,1973
2022/03/19,2022,3,19,chokepoint1,Suez Canal,19,13,4,2,13,38,51,1024856,582844,23304,7117,771244,1638123,2409368,1974
2022/03/20,2022,3,20,chokepoint1,Suez Canal,15,28,11,4,12,58,70,726291,877484,37921,10857,185339,1652555,1837894,1975
2022/03/21,2022,3,21,chokepoint1,Suez Canal,23,12,5,2,18,42,60,1244629,519617,8665,11001,963665,1783913,2747579,1976
2022/03/22,2022,3,22,chokepoint1,Suez Canal,18,11,3,5,14,37,51,1016994,560321,11076,31952,784190,1620344,2404535,1977
2022/03/23,2022,3,23,chokepoint1,Suez Canal,19,13,5,2,19,39,58,1090872,368695,44877,14576,893240,1519021,2412262,1978
2022/03/24,2022,3,24,chokepoint1,Suez Canal,14,16,6,1,20,37,57,858259,611000,42336,0,835801,1511595,2347396,1979
2022/03/25,2022,3,25,chokepoint1,Suez Canal,18,11,5,7,13,41,54,1060206,349050,14709,45870,583675,1469836,2053512,1980
2022/03/26,2022,3,26,chokepoint1,Suez Canal,15,16,8,1,20,40,60,1121508,577397,27152,2688,1077296,1728746,2806042,1981
2022/03/27,2022,3,27,chokepoint1,Suez Canal,20,17,9,2,21,48,69,885077,811039,25458,0,839189,1721575,2560765,1982
2022/03/28,2022,3,28,chokepoint1,Suez Canal,18,9,8,4,13,39,52,1195296,462914,19483,20671,769824,1698364,2468189,1983
2022/03/29,2022,3,29,chokepoint1,Suez Canal,22,14,8,2,15,46,61,1412157,681030,30693,10055,543684,2133937,2677622,1984
2022/03/30,2022,3,30,chokepoint1,Suez Canal,12,19,3,4,27,38,65,520250,1188147,13016,16568,1399030,1737983,3137014,1985
2022/03/31,2022,3,31,chokepoint1,Suez Canal,15,14,6,5,27,40,67,668665,692461,21354,24035,1269201,1406516,2675718,1986
2022/04/01,2022,4,1,chokepoint1,Suez Canal,21,19,11,7,23,58,81,1185453,861879,69824,12454,1158702,2129612,3288314,1987
2022/04/02,2022,4,2,chokepoint1,Suez Canal,18,18,6,2,19,44,63,1148630,1029453,8751,7674,1156490,2194511,3351001,1988
2022/04/03,2022,4,3,chokepoint1,Suez Canal,15,7,8,4,15,34,49,935877,596937,53497,13928,977203,1600240,2577444,1989
2022/04/04,2022,4,4,chokepoint1,Suez Canal,20,24,12,2,18,58,76,1028715,1309310,49033,16517,608517,2403576,3012094,1990
2022/04/05,2022,4,5,chokepoint1,Suez Canal,17,19,14,5,13,55,68,1083327,1098977,35681,20045,424399,2238032,2662432,1991
2022/04/06,2022,4,6,chokepoint1,Suez Canal,18,9,6,2,28,35,63,972931,363208,46891,12806,1212149,1395838,2607987,1992
2022/04/07,2022,4,7,chokepoint1,Suez Canal,19,15,8,2,20,44,64,1071436,633762,32948,11482,929283,1749629,2678913,1993
2022/04/08,2022,4,8,chokepoint1,Suez Canal,13,21,4,4,17,42,59,656879,819384,5164,20641,879010,1502070,2381081,1994
2022/04/09,2022,4,9,chokepoint1,Suez Canal,23,23,2,2,17,50,67,1192998,1126967,5481,5031,567572,2330478,2898050,1995
2022/04/10,2022,4,10,chokepoint1,Suez Canal,13,17,2,2,21,34,55,914322,975956,2395,8633,650706,1901308,2552015,1996
2022/04/11,2022,4,11,chokepoint1,Suez Canal,17,12,8,2,19,39,58,922867,551882,45632,10789,1102239,1531171,2633411,1997
2022/04/12,2022,4,12,chokepoint1,Suez Canal,23,10,7,1,21,41,62,1318125,330084,11053,5871,891122,1665135,2556257,1998
2022/04/13,2022,4,13,chokepoint1,Suez Canal,25,13,7,3,19,48,67,1412294,510730,29783,9410,900567,1962219,2862786,1999
2022/04/14,2022,4,14,chokepoint1,Suez Canal,20,16,5,4,16,45,61,1157379,760934,5196,15294,746121,1938804,2684926,2000
2024/06/23,2024,6,23,chokepoint1,Suez Canal,8,8,4,0,15,20,35,101791,309228,20683,0,592114,431703,1023818,2001
2024/06/24,2024,6,24,chokepoint1,Suez Canal,10,17,3,1,15,31,46,92212,577217,23985,4921,582602,698337,1280939,2002
2024/06/25,2024,6,25,chokepoint1,Suez Canal,10,8,8,2,13,28,41,175901,217597,13586,779,412856,407864,820720,2003
2024/06/26,2024,6,26,chokepoint1,Suez Canal,6,9,0,0,20,15,35,138895,409097,0,0,682364,547992,1230357,2004
2024/06/27,2024,6,27,chokepoint1,Suez Canal,5,9,6,0,12,20,32,102404,472646,23751,0,458587,598802,1057390,2005
2024/06/28,2024,6,28,chokepoint1,Suez Canal,10,8,4,1,12,23,35,179032,362414,9415,3384,494760,554246,1049006,2006
2024/06/29,2024,6,29,chokepoint1,Suez Canal,8,13,3,0,16,24,40,109456,507396,16902,0,1019137,633755,1652892,2007
2024/06/30,2024,6,30,chokepoint1,Suez Canal,7,10,4,0,10,21,31,121488,328912,12061,0,738013,462462,1200475,2008
2024/07/01,2024,7,1,chokepoint1,Suez Canal,13,13,5,1,12,32,44,225670,762285,11095,0,786007,999051,1785058,2009
2024/07/02,2024,7,2,chokepoint1,Suez Canal,12,14,5,1,8,32,40,135760,830617,13507,0,385300,979885,1365185,2010
2024/07/03,2024,7,3,chokepoint1,Suez Canal,4,9,4,0,16,17,33,162279,654414,47564,0,223309,864258,1087568,2011
2024/07/04,2024,7,4,chokepoint1,Suez Canal,10,13,4,0,12,27,39,324590,373263,6412,0,735105,704266,1439371,2012
2024/07/05,2024,7,5,chokepoint1,Suez Canal,7,14,2,0,16,23,39,146865,414123,22043,0,946149,583033,1529182,2013
2024/07/06,2024,7,6,chokepoint1,Suez Canal,7,17,3,0,13,27,40,333267,716520,17669,0,524379,1067457,1591836,2014
2024/07/07,2024,7,7,chokepoint1,Suez Canal,5,7,5,0,13,17,30,32533,228856,52857,0,587422,314246,901669,2015
2024/07/08,2024,7,8,chokepoint1,Suez Canal,11,8,3,0,8,22,30,178770,198976,1361,0,319262,379108,698370,2016
2024/07/09,2024,7,9,chokepoint1,Suez Canal,11,10,3,2,16,26,42,249808,391926,7528,2695,881942,651959,1533902,2017
2024/07/10,2024,7,10,chokepoint1,Suez Canal,9,11,2,0,8,22,30,215486,376871,16724,0,18693,609082,627776,2018
2024/07/11,2024,7,11,chokepoint1,Suez Canal,9,8,2,1,26,20,46,163219,240055,2812,0,1349413,406088,1755501,2019
2024/07/12,2024,7,12,chokepoint1,Suez Canal,11,11,6,0,12,28,40,239973,574274,12351,0,209787,826600,1036388,2020
2024/07/13,2024,7,13,chokepoint1,Suez Canal,6,9,5,0,17,20,37,262819,371845,47109,0,510305,681774,1192079,2021
2024/07/14,2024,7,14,chokepoint1,Suez Canal,11,8,4,0,12,23,35,198043,216284,7395,0,424337,421723,846060,2022
2024/07/15,2024,7,15,chokepoint1,Suez Canal,12,7,5,0,8,24,32,221117,77881,13197,0,156433,312196,468630,2023
2024/07/16,2024,7,16,chokepoint1,Suez Canal,9,11,7,0,11,27,38,160692,592754,53464,0,733266,806911,1540178,2024
2024/07/17,2024,7,17,chokepoint1,Suez Canal,5,10,2,0,16,17,33,144600,410642,3400,0,454285,558642,1012927,2025
2024/07/18,2024,7,18,chokepoint1,Suez Canal,9,10,2,0,15,21,36,175362,411448,7006,0,793856,593817,1387673,2026
2024/07/19,2024,7,19,chokepoint1,Suez Canal,12,14,3,0,13,29,42,333609,581017,9820,0,547001,924447,1471449,2027
2024/07/20,2024,7,20,chokepoint1,Suez Canal,6,13,3,2,17,24,41,77859,488766,6961,4885,710552,578472,1289025,2028
2024/07/21,2024,7,21,chokepoint1,Suez Canal,7,11,6,0,17,24,41,146259,378553,29501,0,967651,554314,1521966,2029
2024/07/22,2024,7,22,chokepoint1,Suez Canal,7,8,7,0,12,22,34,87075,218780,21675,0,556937,327530,884467,2030
2024/07/23,2024,7,23,chokepoint1,Suez Canal,13,12,5,0,10,30,40,298389,491728,35384,0,235561,825502,1061063,2031
2024/07/24,2024,7,24,chokepoint1,Suez Canal,7,6,2,1,22,16,38,125035,286022,17499,2554,820039,431112,1251151,2032
2024/07/25,2024,7,25,chokepoint1,Suez Canal,8,9,6,0,20,23,43,68242,233685,20133,0,504661,322060,826722,2033
2024/07/26,2024,7,26,chokepoint1,Suez Canal,5,8,4,0,22,17,39,77519,455584,10406,0,705583,543510,1249094,2034
2024/07/27,2024,7,27,chokepoint1,Suez Canal,12,10,6,0,15,28,43,313178,269968,25921,0,562766,609068,1171834,2035
2024/07/28,2024,7,28,chokepoint1,Suez Canal,5,13,8,1,11,27,38,173618,374402,31433,0,567494,579455,1146950,2036
2024/07/29,2024,7,29,chokepoint1,Suez Canal,15,10,2,2,13,29,42,195835,437636,4778,6258,558699,644510,1203209,2037
2024/07/30,2024,7,30,chokepoint1,Suez Canal,7,15,8,1,14,31,45,215469,558809,13290,0,508755,787569,1296324,2038
2024/07/31,2024,7,31,chokepoint1,Suez Canal,11,10,5,1,16,27,43,271498,511069,20529,0,706478,803098,1509576,2039
2024/08/01,2024,8,1,chokepoint1,Suez Canal,6,10,5,1,11,22,33,199994,291916,9117,1218,225946,502247,728193,2040
2024/08/02,2024,8,2,chokepoint1,Suez Canal,10,10,5,1,18,26,44,156004,364350,8038,0,668292,528393,1196686,2041
2024/08/03,2024,8,3,chokepoint1,Suez Canal,6,10,3,0,14,19,33,68175,727286,28810,0,502628,824273,1326901,2042
2024/08/04,2024,8,4,chokepoint1,Suez Canal,9,11,4,2,17,26,43,173343,498730,8844,3034,1138789,683952,1822742,2043
2024/08/05,2024,8,5,chokepoint1,Suez Canal,9,12,6,1,13,28,41,153554,528999,13352,4092,293439,699999,993439,2044
2024/08/06,2024,8,6,chokepoint1,Suez Canal,11,14,4,1,15,30,45,231753,782427,73268,0,699527,1087450,1786977,2045
2024/08/07,2024,8,7,chokepoint1,Suez Canal,9,9,5,0,15,23,38,245265,504104,36582,0,562901,785951,1348853,2046
2024/08/08,2024,8,8,chokepoint1,Suez Canal,5,16,7,0,10,28,38,61083,904442,19984,0,369774,985510,1355285,2047
2024/08/09,2024,8,9,chokepoint1,Suez Canal,10,7,4,0,20,21,41,261309,216888,15297,0,717037,493495,1210532,2048
2024/08/10,2024,8,10,chokepoint1,Suez Canal,10,14,2,0,9,26,35,252586,788895,1778,0,76780,1043260,1120041,2049
2024/08/11,2024,8,11,chokepoint1,Suez Canal,6,11,1,0,13,18,31,122699,522116,14427,0,357575,659243,1016819,2050
2024/08/12,2024,8,12,chokepoint1,Suez Canal,8,12,3,2,18,25,43,222326,291630,19561,4292,779284,537811,1317095,2051
2024/08/13,2024,8,13,chokepoint1,Suez Canal,12,10,5,1,21,28,49,247222,446901,8955,2730,1134566,705808,1840375,2052
2024/08/14,2024,8,14,chokepoint1,Suez Canal,10,13,3,0,16,26,42,242804,366723,10544,0,740239,620073,1360312,2053
2024/08/15,2024,8,15,chokepoint1,Suez Canal,9,12,5,1,11,27,38,168101,510277,57634,0,374449,736014,1110464,2054
2024/08/16,2024,8,16,chokepoint1,Suez Canal,8,14,4,0,22,26,48,63645,420186,5193,0,372105,489025,861131,2056
2024/08/17,2024,8,17,chokepoint1,Suez Canal,6,11,2,1,17,20,37,95185,515185,4594,0,1094387,614965,1709353,2057
2024/08/18,2024,8,18,chokepoint1,Suez Canal,9,9,5,0,14,23,37,118837,468895,11000,0,591105,598733,1189838,2058
2024/08/19,2024,8,19,chokepoint1,Suez Canal,11,8,1,0,8,20,28,288923,214872,5297,0,321856,509093,830949,2059
2024/08/20,2024,8,20,chokepoint1,Suez Canal,9,16,10,0,17,35,52,196948,605081,96411,0,535345,898441,1433787,2060
2024/08/21,2024,8,21,chokepoint1,Suez Canal,11,8,3,1,15,23,38,292423,478045,11306,4229,606568,786004,1392573,2061
2024/08/22,2024,8,22,chokepoint1,Suez Canal,5,5,7,0,23,17,40,76597,25809,28667,0,1059446,131074,1190520,2062
2024/08/23,2024,8,23,chokepoint1,Suez Canal,6,16,5,0,20,27,47,125215,510373,23598,0,708584,659187,1367772,2063
2024/08/24,2024,8,24,chokepoint1,Suez Canal,13,16,4,0,12,33,45,213697,511114,23777,0,483286,748589,1231876,2064
2024/08/25,2024,8,25,chokepoint1,Suez Canal,14,8,4,0,16,26,42,194569,509748,11886,0,485581,716203,1201785,2065
2024/08/26,2024,8,26,chokepoint1,Suez Canal,10,8,3,2,18,23,41,246613,334608,13467,6014,520371,600703,1121075,2066
2024/08/27,2024,8,27,chokepoint1,Suez Canal,8,14,3,0,14,25,39,63578,533790,6378,0,225723,603747,829470,2067
2024/08/28,2024,8,28,chokepoint1,Suez Canal,9,18,2,1,12,30,42,179992,858814,1493,0,436107,1040299,1476406,2068
2024/08/29,2024,8,29,chokepoint1,Suez Canal,7,12,6,0,9,25,34,114061,603250,30075,0,552784,747387,1300172,2069
2024/08/30,2024,8,30,chokepoint1,Suez Canal,9,11,4,0,12,24,36,239963,340426,13183,0,388660,593574,982235,2070
2024/08/31,2024,8,31,chokepoint1,Suez Canal,8,22,6,0,14,36,50,101345,650122,39849,0,405094,791317,1196411,2071
2024/09/01,2024,9,1,chokepoint1,Suez Canal,8,9,2,2,14,21,35,117131,541337,2688,4660,932152,665818,1597971,2072
2024/09/02,2024,9,2,chokepoint1,Suez Canal,13,15,5,1,22,34,56,364435,396382,48382,426,730023,809626,1539650,2073
2024/09/03,2024,9,3,chokepoint1,Suez Canal,6,4,1,0,8,11,19,224327,97742,236,0,349962,322306,672268,2074
2024/09/04,2024,9,4,chokepoint1,Suez Canal,4,8,5,3,13,20,33,93202,266373,45315,1535,826013,406426,1232440,2075
2024/09/05,2024,9,5,chokepoint1,Suez Canal,5,12,3,0,17,20,37,41526,454542,6851,0,218100,502921,721021,2076
2024/09/06,2024,9,6,chokepoint1,Suez Canal,7,10,3,0,17,20,37,154692,525433,26059,0,574518,706185,1280703,2077
2024/09/07,2024,9,7,chokepoint1,Suez Canal,6,13,1,1,11,21,32,66020,507077,471,0,376576,573570,950147,2078
2024/09/08,2024,9,8,chokepoint1,Suez Canal,8,14,4,0,10,26,36,78429,550430,8165,0,548164,637024,1185188,2079
2024/09/09,2024,9,9,chokepoint1,Suez Canal,14,8,0,1,16,23,39,400201,327209,0,0,636787,727410,1364198,2080
2024/09/10,2024,9,10,chokepoint1,Suez Canal,5,6,1,1,17,13,30,135495,201283,4180,1218,957824,342178,1300002,2081
2024/09/11,2024,9,11,chokepoint1,Suez Canal,4,6,2,0,12,12,24,68720,177561,1563,0,533355,247844,781200,2082
2024/09/12,2024,9,12,chokepoint1,Suez Canal,11,9,7,0,9,27,36,134581,317979,44491,0,416352,497052,913404,2083
2024/09/13,2024,9,13,chokepoint1,Suez Canal,5,12,4,0,9,21,30,40500,629771,23493,0,623692,693766,1317458,2084
2024/09/14,2024,9,14,chokepoint1,Suez Canal,13,8,5,0,19,26,45,158548,227538,11175,0,616751,397262,1014014,2085
2024/09/15,2024,9,15,chokepoint1,Suez Canal,11,7,4,1,13,23,36,250170,302070,9349,6023,743838,567613,1311452,2086
2024/09/16,2024,9,16,chokepoint1,Suez Canal,8,11,7,0,21,26,47,170192,362573,31504,0,642720,564271,1206991,2087
2024/09/17,2024,9,17,chokepoint1,Suez Canal,9,12,4,1,18,26,44,382583,835728,7652,1218,545071,1227184,1772255,2088
2024/09/18,2024,9,18,chokepoint1,Suez Canal,11,8,11,0,12,30,42,188160,466641,50463,0,398982,705265,1104247,2089
2024/09/19,2024,9,19,chokepoint1,Suez Canal,11,11,5,1,17,28,45,260611,583880,55318,0,384044,899810,1283854,2091
2024/09/20,2024,9,20,chokepoint1,Suez Canal,7,11,4,1,19,23,42,130974,591358,24889,5214,871125,752437,1623562,2092
2024/09/21,2024,9,21,chokepoint1,Suez Canal,9,10,3,1,7,23,30,222860,590345,5039,0,185283,818244,1003528,2093
2024/09/22,2024,9,22,chokepoint1,Suez Canal,10,6,1,1,19,18,37,276720,222365,996,0,1016015,500082,1516097,2094
2024/09/23,2024,9,23,chokepoint1,Suez Canal,4,16,4,0,19,24,43,73155,493493,18974,0,858872,585623,1444496,2095
2024/09/24,2024,9,24,chokepoint1,Suez Canal,9,9,2,0,16,20,36,177688,520175,24132,0,542071,721996,1264068,2096
2024/09/25,2024,9,25,chokepoint1,Suez Canal,6,13,7,0,20,26,46,125323,333239,22303,0,966386,480866,1447252,2097
2024/09/26,2024,9,26,chokepoint1,Suez Canal,9,9,6,0,21,24,45,227589,221749,34429,0,561355,483767,1045123,2098
2024/09/27,2024,9,27,chokepoint1,Suez Canal,8,13,1,0,15,22,37,193654,561256,4791,0,356485,759701,1116187,2099
2024/09/28,2024,9,28,chokepoint1,Suez Canal,6,9,4,1,20,20,40,67977,556708,10776,0,618967,635462,1254430,2100
2024/09/29,2024,9,29,chokepoint1,Suez Canal,3,11,5,0,9,19,28,164972,434389,28903,0,246493,628265,874759,2101
2024/09/30,2024,9,30,chokepoint1,Suez Canal,8,13,1,0,14,22,36,130129,720256,9171,0,670844,859557,1530402,2102
2024/10/01,2024,10,1,chokepoint1,Suez Canal,7,10,5,1,16,23,39,152011,477149,11383,1095,552321,641640,1193961,2103
2024/10/02,2024,10,2,chokepoint1,Suez Canal,14,14,4,1,14,33,47,346261,768942,11767,0,967145,1126971,2094116,2104
2024/10/03,2024,10,3,chokepoint1,Suez Canal,4,14,1,0,20,19,39,47663,537475,996,0,711808,586134,1297943,2105
2024/10/04,2024,10,4,chokepoint1,Suez Canal,6,9,6,0,9,21,30,51879,277217,35423,0,392142,364519,756662,2106
2024/10/05,2024,10,5,chokepoint1,Suez Canal,11,8,2,1,11,22,33,312931,302568,3546,1987,476719,621034,1097753,2107
2024/10/06,2024,10,6,chokepoint1,Suez Canal,8,6,1,1,17,16,33,81053,421503,20537,0,947116,523094,1470211,2108
2024/10/07,2024,10,7,chokepoint1,Suez Canal,7,9,7,0,14,23,37,214498,313880,44241,0,778241,572620,1350861,2109
2024/10/08,2024,10,8,chokepoint1,Suez Canal,8,10,4,0,17,22,39,133334,398729,14558,0,493710,546622,1040333,2110
2024/10/09,2024,10,9,chokepoint1,Suez Canal,5,19,2,0,12,26,38,235859,610363,2738,0,488524,848961,1337485,2111
2024/10/10,2024,10,10,chokepoint1,Suez Canal,10,8,4,0,7,22,29,184819,211874,25022,0,293554,421717,715271,2112
2024/10/11,2024,10,11,chokepoint1,Suez Canal,8,15,4,2,17,29,46,210631,405907,14816,1755,738961,633110,1372072,2113
2024/10/12,2024,10,12,chokepoint1,Suez Canal,8,10,2,0,7,20,27,200146,488008,16200,0,218508,704354,922862,2114
2024/10/13,2024,10,13,chokepoint1,Suez Canal,11,11,6,0,20,28,48,154743,245318,11288,0,412481,411350,823831,2115
2024/10/14,2024,10,14,chokepoint1,Suez Canal,17,14,2,0,10,33,43,289260,541741,10698,0,330344,841700,1172045,2116
2024/10/15,2024,10,15,chokepoint1,Suez Canal,7,9,3,0,15,19,34,134610,363939,2050,0,640012,500600,1140612,2117
2024/10/16,2024,10,16,chokepoint1,Suez Canal,12,3,3,0,19,18,37,347808,173942,28440,0,772402,550191,1322594,2118
2024/10/17,2024,10,17,chokepoint1,Suez Canal,7,8,4,1,17,20,37,102336,238959,13969,243,777044,355509,1132554,2119
2024/10/18,2024,10,18,chokepoint1,Suez Canal,9,13,5,0,11,27,38,158036,724609,65742,0,234689,948388,1183078,2120
2024/10/19,2024,10,19,chokepoint1,Suez Canal,9,12,0,1,12,22,34,114513,821776,0,0,541973,936290,1478264,2121
2024/10/20,2024,10,20,chokepoint1,Suez Canal,3,9,6,1,16,19,35,48292,329810,28475,3583,424688,410161,834850,2122
2024/10/21,2024,10,21,chokepoint1,Suez Canal,12,8,3,0,15,23,38,279836,265096,12991,0,422462,557924,980386,2123
2024/10/22,2024,10,22,chokepoint1,Suez Canal,16,11,4,0,9,31,40,203823,395073,11254,0,388548,610152,998700,2124
2024/10/23,2024,10,23,chokepoint1,Suez Canal,6,8,6,0,8,20,28,138585,418802,25894,0,345434,583281,928716,2125
2024/10/24,2024,10,24,chokepoint1,Suez Canal,7,9,12,1,17,29,46,100074,314809,74580,0,683777,489463,1173241,2126
2024/10/25,2024,10,25,chokepoint1,Suez Canal,12,9,1,0,18,22,40,255407,261254,819,0,781758,517482,1299240,2127
2024/10/26,2024,10,26,chokepoint1,Suez Canal,9,11,5,0,12,25,37,165715,804318,21732,0,218814,991767,1210582,2128
2024/10/27,2024,10,27,chokepoint1,Suez Canal,10,7,5,0,15,22,37,205962,238728,20566,0,568256,465257,1033514,2129
2024/10/28,2024,10,28,chokepoint1,Suez Canal,10,7,3,1,21,21,42,270057,200071,25948,1218,608165,497295,1105461,2130
2024/10/29,2024,10,29,chokepoint1,Suez Canal,11,7,6,0,15,24,39,345642,368860,21188,0,512104,735691,1247796,2131
2024/10/30,2024,10,30,chokepoint1,Suez Canal,7,9,3,1,17,20,37,238934,403186,20318,0,564915,662438,1227354,2132
2024/10/31,2024,10,31,chokepoint1,Suez Canal,8,12,4,0,13,24,37,167229,652388,10462,0,726196,830080,1556277,2133
2024/11/01,2024,11,1,chokepoint1,Suez Canal,10,12,8,0,12,30,42,257518,541546,32829,0,648456,831894,1480350,2134
2024/11/02,2024,11,2,chokepoint1,Suez Canal,10,18,2,1,17,31,48,169962,880977,22075,760,582603,1073774,1656378,2135
2024/11/03,2024,11,3,chokepoint1,Suez Canal,4,6,0,0,12,10,22,68951,408114,0,0,706144,477065,1183210,2136
2024/11/04,2024,11,4,chokepoint1,Suez Canal,10,8,4,0,10,22,32,184295,483452,17905,0,59206,685653,744860,2137
2024/11/05,2024,11,5,chokepoint1,Suez Canal,9,7,5,1,13,22,35,194472,343170,17164,0,476812,554806,1031618,2138
2024/11/06,2024,11,6,chokepoint1,Suez Canal,12,10,4,0,22,26,48,247000,500103,11699,0,951933,758804,1710737,2139
2024/11/07,2024,11,7,chokepoint1,Suez Canal,9,7,4,2,15,22,37,84454,302421,7208,3139,618802,397224,1016026,2140
2024/11/08,2024,11,8,chokepoint1,Suez Canal,10,7,3,1,10,21,31,285754,288163,66090,1218,564657,641226,1205884,2141
2024/11/09,2024,11,9,chokepoint1,Suez Canal,10,10,5,0,13,25,38,220565,393640,25743,0,333436,639949,973385,2142
2024/11/10,2024,11,10,chokepoint1,Suez Canal,4,8,6,0,18,18,36,43260,417386,8067,0,728339,468714,1197053,2143
2024/11/11,2024,11,11,chokepoint1,Suez Canal,9,7,6,1,19,23,42,144787,361091,60776,6492,728642,573148,1301790,2144
2024/11/12,2024,11,12,chokepoint1,Suez Canal,6,9,5,2,21,22,43,118315,504645,16691,3090,922919,642742,1565662,2145
2024/11/13,2024,11,13,chokepoint1,Suez Canal,9,9,4,1,13,23,36,328030,379166,15928,0,117793,723125,840919,2146
2024/11/14,2024,11,14,chokepoint1,Suez Canal,11,10,7,1,11,29,40,303948,376276,20293,0,594318,700519,1294837,2147
2024/11/15,2024,11,15,chokepoint1,Suez Canal,7,6,4,0,8,17,25,93607,252655,2029,0,516488,348292,864781,2148
2024/11/16,2024,11,16,chokepoint1,Suez Canal,9,8,3,1,14,21,35,100573,265455,7958,0,505899,373986,879886,2149
2024/11/17,2024,11,17,chokepoint1,Suez Canal,5,6,4,0,13,15,28,123144,311306,22583,0,235095,457034,692130,2150
2024/11/18,2024,11,18,chokepoint1,Suez Canal,12,9,3,0,7,24,31,261239,336274,8144,0,209617,605657,815275,2151
2024/11/19,2024,11,19,chokepoint1,Suez Canal,12,13,2,0,12,27,39,220569,485866,9785,0,560367,716220,1276588,2152
2024/11/20,2024,11,20,chokepoint1,Suez Canal,6,10,1,1,10,18,28,187248,586127,5187,0,552203,778562,1330766,2153
2024/11/21,2024,11,21,chokepoint1,Suez Canal,11,6,4,4,10,25,35,247221,202589,8475,0,302248,458285,760533,2154
2024/11/22,2024,11,22,chokepoint1,Suez Canal,6,8,4,1,17,19,36,59434,397341,23281,0,624170,480057,1104227,2155
2024/11/23,2024,11,23,chokepoint1,Suez Canal,16,14,4,1,16,35,51,330311,481240,15486,0,788032,827037,1615070,2156
2024/11/24,2024,11,24,chokepoint1,Suez Canal,12,11,3,0,19,26,45,101295,512533,9107,0,1178070,622937,1801007,2157
2024/11/25,2024,11,25,chokepoint1,Suez Canal,8,9,1,0,14,18,32,84990,195026,5479,0,102443,285497,387940,2158
2024/11/26,2024,11,26,chokepoint1,Suez Canal,6,6,5,0,12,17,29,175081,124227,12911,0,541655,312220,853875,2159
2024/11/27,2024,11,27,chokepoint1,Suez Canal,6,9,2,1,13,18,31,149618,251067,1525,6492,688868,408703,1097572,2160
2024/11/28,2024,11,28,chokepoint1,Suez Canal,15,14,7,1,10,37,47,189416,855640,24569,0,375472,1069625,1445098,2161
2024/11/29,2024,11,29,chokepoint1,Suez Canal,6,6,5,0,8,17,25,132068,326608,56898,0,143321,515575,658896,2162
2024/11/30,2024,11,30,chokepoint1,Suez Canal,9,11,2,1,10,23,33,326183,330580,33395,0,482504,690159,1172664,2163
2024/12/01,2024,12,1,chokepoint1,Suez Canal,9,9,2,0,15,20,35,114081,406689,29729,0,348382,550500,898882,2164
2024/12/02,2024,12,2,chokepoint1,Suez Canal,8,11,4,1,10,24,34,177704,302390,23813,1218,352441,505126,857568,2165
2024/12/03,2024,12,3,chokepoint1,Suez Canal,9,8,2,0,12,19,31,95894,264262,3716,0,608972,363873,972846,2166
2024/12/04,2024,12,4,chokepoint1,Suez Canal,10,8,3,0,10,21,31,174520,366357,8062,0,564672,548941,1113613,2167
2024/12/05,2024,12,5,chokepoint1,Suez Canal,9,13,8,1,16,31,47,162033,582220,34988,448,623393,779691,1403084,2168
2024/12/06,2024,12,6,chokepoint1,Suez Canal,10,5,0,0,16,15,31,323005,376184,0,0,614013,699190,1313204,2169
2024/12/07,2024,12,7,chokepoint1,Suez Canal,8,5,3,0,18,16,34,236022,118305,17408,0,706121,371736,1077858,2170
2024/12/08,2024,12,8,chokepoint1,Suez Canal,9,14,4,1,13,28,41,201590,568836,17746,5677,816704,793850,1610555,2171
2024/12/09,2024,12,9,chokepoint1,Suez Canal,12,12,6,0,8,30,38,265637,561572,57440,0,323729,884650,1208380,2172
2024/12/10,2024,12,10,chokepoint1,Suez Canal,7,12,2,0,13,21,34,97061,717901,10120,0,395118,825083,1220202,2173
2024/12/11,2024,12,11,chokepoint1,Suez Canal,14,15,4,2,21,35,56,275282,710104,21755,1703,817269,1008846,1826115,2174
2024/12/12,2024,12,12,chokepoint1,Suez Canal,5,2,3,0,0,10,10,231668,51686,13057,0,0,296411,296411,2175
2024/12/13,2024,12,13,chokepoint1,Suez Canal,9,7,3,0,19,19,38,237478,227736,2810,0,825085,468024,1293109,2176
2024/12/14,2024,12,14,chokepoint1,Suez Canal,7,9,3,0,11,19,30,85157,529141,13728,0,354207,628027,982235,2177
2024/12/15,2024,12,15,chokepoint1,Suez Canal,7,9,3,0,14,19,33,128247,442992,5441,0,501654,576681,1078335,2178
2024/12/16,2024,12,16,chokepoint1,Suez Canal,11,8,8,1,13,28,41,207407,322069,31673,1095,831701,562246,1393948,2179
2024/12/17,2024,12,17,chokepoint1,Suez Canal,10,11,10,1,14,32,46,172965,336008,35223,2272,586022,546470,1132493,2180
2024/12/18,2024,12,18,chokepoint1,Suez Canal,9,13,3,0,15,25,40,179014,600530,7992,0,536150,787537,1323688,2181
2024/12/19,2024,12,19,chokepoint1,Suez Canal,7,13,5,0,10,25,35,159692,515817,38953,0,429736,714463,1144199,2182
2024/12/20,2024,12,20,chokepoint1,Suez Canal,8,15,6,0,17,29,46,181039,428640,15435,0,908465,625115,1533580,2183
2024/12/21,2024,12,21,chokepoint1,Suez Canal,8,12,7,0,11,27,38,106259,637099,12931,0,362376,756289,1118666,2184
2024/12/22,2024,12,22,chokepoint1,Suez Canal,9,8,3,0,17,20,37,180089,294409,72229,0,558463,546728,1105191,2185
2024/12/23,2024,12,23,chokepoint1,Suez Canal,9,9,5,1,12,24,36,161453,555593,20257,6160,845820,743465,1589286,2186
2024/12/24,2024,12,24,chokepoint1,Suez Canal,9,12,5,0,13,26,39,212667,751403,27735,0,482588,991806,1474395,2187
2024/12/25,2024,12,25,chokepoint1,Suez Canal,10,3,3,1,13,17,30,294728,198501,8330,4289,676602,505849,1182452,2188
2024/12/26,2024,12,26,chokepoint1,Suez Canal,11,8,2,1,17,22,39,191815,361651,5094,0,555243,558561,1113804,2189
2024/12/27,2024,12,27,chokepoint1,Suez Canal,7,13,3,0,15,23,38,284943,845687,8531,0,1133331,1139162,2272494,2190
2024/12/28,2024,12,28,chokepoint1,Suez Canal,9,6,4,1,13,20,33,267487,267394,27248,0,388456,562129,950586,2191
2024/12/29,2024,12,29,chokepoint1,Suez Canal,9,3,4,0,12,16,28,125942,107346,2552,0,246574,235841,482416,2192
2024/12/30,2024,12,30,chokepoint1,Suez Canal,11,11,1,1,11,24,35,191392,781519,12813,0,432523,985725,1418249,2193
2024/12/31,2024,12,31,chokepoint1,Suez Canal,4,6,4,0,10,14,24,25026,207580,17243,0,294009,249850,543859,2194
2025/01/01,2025,1,1,chokepoint1,Suez Canal,7,13,3,0,9,23,32,149058,564789,13897,0,397288,727746,1125034,2195
2025/01/02,2025,1,2,chokepoint1,Suez Canal,12,5,7,1,8,25,33,270572,293536,55836,2730,446283,622675,1068959,2196
2025/01/03,2025,1,3,chokepoint1,Suez Canal,13,7,8,2,20,30,50,241874,512716,40206,1218,775064,796016,1571080,2197
2025/01/04,2025,1,4,chokepoint1,Suez Canal,6,8,2,0,13,16,29,97328,322766,8358,0,348425,428454,776880,2198
2025/01/05,2025,1,5,chokepoint1,Suez Canal,9,2,4,1,14,16,30,265552,54266,25642,0,522191,345461,867653,2199
2025/01/06,2025,1,6,chokepoint1,Suez Canal,12,22,4,1,16,39,55,229511,875916,23091,3583,437761,1132103,1569864,2200
2025/01/07,2025,1,7,chokepoint1,Suez Canal,8,14,3,0,16,25,41,71675,572357,25673,0,777740,669707,1447447,2201
2025/01/08,2025,1,8,chokepoint1,Suez Canal,7,9,6,1,9,23,32,208195,400512,23462,0,138880,632171,771051,2202
2025/01/09,2025,1,9,chokepoint1,Suez Canal,10,10,6,0,10,26,36,301091,397669,12636,0,618410,711397,1329807,2203
2025/01/10,2025,1,10,chokepoint1,Suez Canal,11,12,5,0,8,28,36,212732,407689,11900,0,329734,632322,962057,2204
2025/01/11,2025,1,11,chokepoint1,Suez Canal,11,9,5,1,11,26,37,263036,830404,28136,0,576131,1121577,1697708,2205
2025/01/12,2025,1,12,chokepoint1,Suez Canal,9,8,2,0,11,19,30,69280,286588,4121,0,468342,359991,828333,2206
2025/01/13,2025,1,13,chokepoint1,Suez Canal,11,8,5,1,18,25,43,257669,206418,21438,2251,742256,487778,1230034,2207
2025/01/14,2025,1,14,chokepoint1,Suez Canal,6,11,7,0,15,24,39,207341,573171,23218,0,579916,803731,1383648,2208
2025/01/15,2025,1,15,chokepoint1,Suez Canal,5,5,3,1,14,14,28,138748,259173,14974,0,551852,412895,964747,2209
2025/01/16,2025,1,16,chokepoint1,Suez Canal,9,13,4,1,14,27,41,181116,726513,11508,4660,360513,923798,1284312,2210
2025/01/17,2025,1,17,chokepoint1,Suez Canal,8,12,1,2,14,23,37,89218,544431,9405,7897,570853,650953,1221806,2211
2025/01/18,2025,1,18,chokepoint1,Suez Canal,9,6,4,0,12,19,31,166954,237012,14970,0,893391,418936,1312328,2212
2025/01/19,2025,1,19,chokepoint1,Suez Canal,10,12,4,0,12,26,38,223215,619216,21172,0,728495,863604,1592100,2213
2025/01/20,2025,1,20,chokepoint1,Suez Canal,10,9,5,1,13,25,38,216612,492001,7681,0,406826,716296,1123123,2214
2025/01/21,2025,1,21,chokepoint1,Suez Canal,6,7,2,0,8,15,23,197032,467902,3840,0,249477,668775,918252,2215
2025/01/22,2025,1,22,chokepoint1,Suez Canal,11,8,7,0,18,26,44,305114,190964,43890,0,1112942,539969,1652912,2216
2025/01/23,2025,1,23,chokepoint1,Suez Canal,7,12,8,0,9,27,36,288792,770427,21047,0,731651,1080266,1811918,2217
2025/01/24,2025,1,24,chokepoint1,Suez Canal,14,6,6,2,13,28,41,287585,272108,72641,1218,627906,633554,1261461,2218
2025/01/25,2025,1,25,chokepoint1,Suez Canal,10,10,6,0,12,26,38,152097,202374,25115,0,572079,379586,951665,2219
2025/01/26,2025,1,26,chokepoint1,Suez Canal,9,10,6,1,11,26,37,132866,496851,36367,0,412992,666085,1079078,2220
2025/01/27,2025,1,27,chokepoint1,Suez Canal,8,11,3,0,17,22,39,90922,631450,36318,0,657555,758691,1416246,2221
2025/01/28,2025,1,28,chokepoint1,Suez Canal,7,11,5,0,17,23,40,117937,375263,39330,0,502212,532531,1034744,2222
2025/01/29,2025,1,29,chokepoint1,Suez Canal,15,15,4,1,10,35,45,272068,808287,18527,0,577128,1098883,1676011,2223
2025/01/30,2025,1,30,chokepoint1,Suez Canal,5,10,4,0,11,19,30,175621,271796,20728,0,519870,468147,988018,2224
2025/01/31,2025,1,31,chokepoint1,Suez Canal,10,7,4,0,21,21,42,253220,375242,11266,0,985397,639728,1625126,2225
2025/02/01,2025,2,1,chokepoint1,Suez Canal,10,3,1,0,10,14,24,107321,84094,1823,0,406061,193238,599300,2226
2025/02/02,2025,2,2,chokepoint1,Suez Canal,13,3,6,0,14,22,36,259722,124343,47847,0,641690,431912,1073603,2227
2025/02/03,2025,2,3,chokepoint1,Suez Canal,13,5,3,1,8,22,30,350838,273516,5203,1535,435180,631094,1066275,2228
2025/02/04,2025,2,4,chokepoint1,Suez Canal,9,12,2,2,4,25,29,319932,566392,5846,9345,166383,901516,1067900,2229
2025/02/05,2025,2,5,chokepoint1,Suez Canal,8,9,0,0,15,17,32,122013,530940,0,0,737486,652954,1390440,2230
2025/02/06,2025,2,6,chokepoint1,Suez Canal,8,9,2,0,11,19,30,111620,731051,2720,0,466198,845392,1311590,2231
2025/02/07,2025,2,7,chokepoint1,Suez Canal,7,14,2,0,7,23,30,133938,443791,7502,0,238364,585232,823597,2232
2025/02/08,2025,2,8,chokepoint1,Suez Canal,10,2,2,0,7,14,21,272378,109054,7289,0,342437,388722,731160,2233
2025/02/09,2025,2,9,chokepoint1,Suez Canal,9,8,8,0,20,25,45,222055,462594,55381,0,727818,740031,1467850,2234
2025/02/10,2025,2,10,chokepoint1,Suez Canal,9,15,4,0,13,28,41,138981,1168733,11039,0,822212,1318754,2140966,2235
2025/02/11,2025,2,11,chokepoint1,Suez Canal,11,7,4,0,16,22,38,384826,212264,23695,0,732384,620786,1353171,2236
2025/02/12,2025,2,12,chokepoint1,Suez Canal,9,15,4,2,12,30,42,290095,754478,32437,947,342740,1077959,1420700,2237
2025/02/13,2025,2,13,chokepoint1,Suez Canal,14,11,5,0,12,30,42,289968,263482,10056,0,327885,563507,891393,2238
2025/02/14,2025,2,14,chokepoint1,Suez Canal,13,5,3,0,14,21,35,175498,223264,7562,0,430361,406326,836688,2239
2025/02/15,2025,2,15,chokepoint1,Suez Canal,7,10,4,0,10,21,31,221723,776675,34451,0,358817,1032850,1391667,2240
2025/02/16,2025,2,16,chokepoint1,Suez Canal,5,5,6,0,20,16,36,68066,122408,57452,0,938638,247926,1186564,2241
2025/02/17,2025,2,17,chokepoint1,Suez Canal,11,6,4,0,12,21,33,176769,205789,5467,0,643799,388027,1031826,2242
2025/02/18,2025,2,18,chokepoint1,Suez Canal,7,9,2,1,17,19,36,136660,497247,17892,4660,959963,656461,1616424,2243
2025/02/19,2025,2,19,chokepoint1,Suez Canal,13,10,3,1,13,27,40,379319,593742,8085,3828,149271,984975,1134247,2244
2025/02/20,2025,2,20,chokepoint1,Suez Canal,8,7,6,2,9,23,32,190809,270132,37006,0,174343,497948,672292,2245
2025/02/21,2025,2,21,chokepoint1,Suez Canal,12,4,4,1,14,21,35,189827,189000,41530,0,771114,420357,1191472,2246
2025/02/22,2025,2,22,chokepoint1,Suez Canal,8,8,4,0,12,20,32,86106,413647,54422,0,430580,554175,984756,2247
2025/02/23,2025,2,23,chokepoint1,Suez Canal,7,7,3,0,10,17,27,212692,254072,21990,0,638795,488755,1127550,2248
2025/02/24,2025,2,24,chokepoint1,Suez Canal,7,7,5,0,14,19,33,164155,299528,40028,0,425847,503711,929559,2249
2025/02/25,2025,2,25,chokepoint1,Suez Canal,7,8,3,0,16,18,34,173882,533824,5144,0,656708,712850,1369558,2250
2025/02/26,2025,2,26,chokepoint1,Suez Canal,7,9,8,0,12,24,36,147014,465880,43839,0,522545,656735,1179280,2251
2025/02/27,2025,2,27,chokepoint1,Suez Canal,9,12,10,0,10,31,41,246264,1024773,51561,0,233637,1322598,1556236,2252
2025/02/28,2025,2,28,chokepoint1,Suez Canal,12,13,0,0,10,25,35,230369,839170,0,0,380807,1069540,1450348,2253
2025/03/01,2025,3,1,chokepoint1,Suez Canal,7,11,2,0,12,20,32,85466,492121,4324,0,356179,581912,938092,2254
2025/03/02,2025,3,2,chokepoint1,Suez Canal,8,9,5,0,13,22,35,178853,396279,27937,0,926168,603070,1529239,2255
2025/03/03,2025,3,3,chokepoint1,Suez Canal,8,7,6,2,12,23,35,261593,312482,48985,3218,404942,626280,1031223,2256
2025/03/04,2025,3,4,chokepoint1,Suez Canal,11,11,6,1,21,29,50,361840,544004,24738,0,1087945,930582,2018528,2257
2025/03/05,2025,3,5,chokepoint1,Suez Canal,6,11,2,2,10,21,31,68550,520347,20973,4289,537125,614161,1151287,2258
2025/03/06,2025,3,6,chokepoint1,Suez Canal,8,6,3,0,13,17,30,216455,227612,11400,0,456605,455468,912073,2259
2025/03/07,2025,3,7,chokepoint1,Suez Canal,15,8,3,1,19,27,46,316680,197563,7101,0,678631,521345,1199976,2260
2025/03/08,2025,3,8,chokepoint1,Suez Canal,8,14,4,2,9,28,37,149357,1311239,7096,0,705121,1467692,2172814,2261
2025/03/09,2025,3,9,chokepoint1,Suez Canal,7,13,2,1,11,23,34,112182,748999,1909,0,608428,863090,1471519,2262
2025/03/10,2025,3,10,chokepoint1,Suez Canal,11,6,2,0,15,19,34,142061,259698,17289,0,583833,419049,1002882,2263
2025/03/11,2025,3,11,chokepoint1,Suez Canal,8,5,4,0,21,17,38,272905,311051,47657,0,1593030,631613,2224644,2264
2025/03/12,2025,3,12,chokepoint1,Suez Canal,13,6,5,1,9,25,34,285601,331554,9354,916,667434,627426,1294861,2265
2025/03/13,2025,3,13,chokepoint1,Suez Canal,13,8,6,2,13,29,42,239532,426381,17317,0,434759,683231,1117991,2266
2025/03/14,2025,3,14,chokepoint1,Suez Canal,7,7,4,2,13,20,33,179856,347289,21751,0,947919,548897,1496816,2267
2025/03/15,2025,3,15,chokepoint1,Suez Canal,9,12,5,0,11,26,37,222161,603571,67643,0,811615,893376,1704992,2268
2025/03/16,2025,3,16,chokepoint1,Suez Canal,10,12,6,1,21,29,50,150302,201176,46776,9044,1081485,407300,1488786,2269
2025/03/17,2025,3,17,chokepoint1,Suez Canal,9,6,5,1,16,21,37,168697,210271,24885,0,857049,403854,1260904,2270
2025/03/18,2025,3,18,chokepoint1,Suez Canal,9,7,3,1,9,20,29,213674,259771,13245,0,378489,486691,865180,2271
2025/03/19,2025,3,19,chokepoint1,Suez Canal,4,8,1,0,14,13,27,76048,398988,742,0,561102,475780,1036882,2272
2025/03/20,2025,3,20,chokepoint1,Suez Canal,5,12,4,2,13,23,36,101169,678854,18711,3583,740542,802318,1542861,2273
2025/03/21,2025,3,21,chokepoint1,Suez Canal,10,10,4,1,17,25,42,172159,605665,10881,0,701435,788706,1490141,2274
2025/03/22,2025,3,22,chokepoint1,Suez Canal,7,11,7,2,13,27,40,169588,526457,19312,10522,562351,725880,1288232,2275
2025/03/23,2025,3,23,chokepoint1,Suez Canal,10,15,5,0,15,30,45,263046,622611,6542,0,525251,892200,1417451,2276
2025/03/24,2025,3,24,chokepoint1,Suez Canal,5,13,4,0,19,22,41,87478,688728,4677,0,985250,780884,1766134,2277
2025/03/25,2025,3,25,chokepoint1,Suez Canal,8,7,4,0,13,19,32,230999,350870,7763,0,440761,589633,1030395,2278
2025/03/26,2025,3,26,chokepoint1,Suez Canal,11,10,3,0,17,24,41,349180,624854,15211,0,793633,989246,1782879,2279
2025/03/27,2025,3,27,chokepoint1,Suez Canal,9,5,3,0,17,17,34,145386,287067,45313,0,829742,477767,1307509,2280
2025/03/28,2025,3,28,chokepoint1,Suez Canal,11,11,3,1,24,26,50,176955,823977,75739,1102,776397,1077775,1854173,2281
2025/03/29,2025,3,29,chokepoint1,Suez Canal,7,5,3,0,13,15,28,203043,198314,41686,0,362366,443044,805410,2282
2025/03/30,2025,3,30,chokepoint1,Suez Canal,7,11,4,0,19,22,41,204854,509440,29333,0,613995,743628,1357623,2283
2025/03/31,2025,3,31,chokepoint1,Suez Canal,8,9,4,2,12,23,35,130171,629659,30018,0,789193,789849,1579042,2284
2025/04/01,2025,4,1,chokepoint1,Suez Canal,11,11,2,0,13,24,37,132721,617843,4149,0,749552,754714,1504266,2285
2025/04/02,2025,4,2,chokepoint1,Suez Canal,12,7,2,1,14,22,36,257925,200992,3356,0,451539,462274,913814,2286
2025/04/03,2025,4,3,chokepoint1,Suez Canal,12,13,4,0,14,29,43,198614,807045,24536,0,814197,1030195,1844393,2287
2025/04/04,2025,4,4,chokepoint1,Suez Canal,13,8,1,1,19,23,42,160534,336783,746,2293,789921,500357,1290278,2288
2025/04/05,2025,4,5,chokepoint1,Suez Canal,7,10,6,1,15,24,39,182982,514696,22773,0,708756,720453,1429209,2289
2025/04/06,2025,4,6,chokepoint1,Suez Canal,4,8,4,1,8,17,25,166342,444889,44467,1838,66607,657539,724146,2290
2025/04/07,2025,4,7,chokepoint1,Suez Canal,10,4,3,0,14,17,31,295963,207017,7636,0,562798,510617,1073415,2291
2025/04/08,2025,4,8,chokepoint1,Suez Canal,7,5,4,1,11,17,28,118185,492614,19569,0,594780,630369,1225149,2292
2025/04/09,2025,4,9,chokepoint1,Suez Canal,7,11,4,0,16,22,38,238468,439059,14848,0,809743,692376,1502119,2293
2025/04/10,2025,4,10,chokepoint1,Suez Canal,14,14,3,0,17,31,48,355859,724849,9088,0,771600,1089797,1861398,2294
2025/04/11,2025,4,11,chokepoint1,Suez Canal,9,10,3,0,16,22,38,145251,408523,12910,0,1067134,566686,1633820,2295
2025/04/12,2025,4,12,chokepoint1,Suez Canal,4,11,7,1,17,23,40,59326,788400,56815,0,641561,904541,1546103,2296
2025/04/13,2025,4,13,chokepoint1,Suez Canal,10,11,5,1,25,27,52,219034,558175,46596,1095,1249586,824902,2074489,2297
2025/04/14,2025,4,14,chokepoint1,Suez Canal,11,5,5,2,12,23,35,293499,262498,26744,6492,466409,589234,1055644,2298
2025/04/15,2025,4,15,chokepoint1,Suez Canal,3,8,6,0,11,17,28,66227,390855,10591,0,631130,467673,1098804,2299
2025/04/16,2025,4,16,chokepoint1,Suez Canal,10,7,6,0,17,23,40,156585,246243,48305,0,1180657,451134,1631792,2300
2025/04/17,2025,4,17,chokepoint1,Suez Canal,14,7,4,2,13,27,40,309288,356404,30630,4912,682366,701236,1383602,2301
2025/04/18,2025,4,18,chokepoint1,Suez Canal,11,7,4,1,22,23,45,84660,245865,6949,900,664726,338376,1003102,2302
2025/04/19,2025,4,19,chokepoint1,Suez Canal,6,7,2,0,15,15,30,78694,219655,15266,0,610534,313617,924151,2303
2025/04/20,2025,4,20,chokepoint1,Suez Canal,8,8,3,0,12,19,31,196677,454932,9431,0,642579,661040,1303620,2304
2025/04/21,2025,4,21,chokepoint1,Suez Canal,11,13,3,1,10,28,38,196388,741303,16014,3359,432494,957066,1389561,2305
2025/04/22,2025,4,22,chokepoint1,Suez Canal,10,9,6,3,12,28,40,285528,481565,8547,2768,434115,778409,1212525,2306
2025/04/23,2025,4,23,chokepoint1,Suez Canal,9,11,4,1,14,25,39,297417,645697,38186,2502,449632,983803,1433436,2307
2025/04/24,2025,4,24,chokepoint1,Suez Canal,9,9,3,0,13,21,34,222089,365885,3223,0,531838,591198,1123037,2308
2025/04/25,2025,4,25,chokepoint1,Suez Canal,9,12,3,0,16,24,40,116782,520861,9400,0,726048,647043,1373092,2309
2025/04/26,2025,4,26,chokepoint1,Suez Canal,11,6,3,1,9,21,30,160636,311123,12877,5677,422538,490315,912853,2310
2025/04/27,2025,4,27,chokepoint1,Suez Canal,7,8,8,0,11,23,34,144773,292882,40333,0,765872,477988,1243861,2311
2025/04/28,2025,4,28,chokepoint1,Suez Canal,7,9,6,1,10,23,33,97777,246656,59270,6056,361922,409761,771683,2312
2025/04/29,2025,4,29,chokepoint1,Suez Canal,12,15,6,2,24,35,59,156298,919124,36868,0,1015965,1112290,2128256,2313
2025/04/30,2025,4,30,chokepoint1,Suez Canal,3,2,2,0,11,7,18,14374,168218,3838,0,472180,186431,658612,2314
2025/05/01,2025,5,1,chokepoint1,Suez Canal,15,8,4,1,23,28,51,309622,505904,22363,6056,1408217,843946,2252164,2315
2025/05/02,2025,5,2,chokepoint1,Suez Canal,8,12,3,2,10,25,35,132791,585276,22286,4442,662776,744797,1407573,2316
2025/05/03,2025,5,3,chokepoint1,Suez Canal,8,8,7,0,10,23,33,123694,572600,59757,0,479949,756051,1236001,2317
2025/05/04,2025,5,4,chokepoint1,Suez Canal,7,9,2,0,8,18,26,154200,480376,387,0,330518,634964,965482,2318
2025/05/05,2025,5,5,chokepoint1,Suez Canal,9,8,4,1,13,22,35,215768,378369,32452,3556,408209,630146,1038355,2319
2025/05/06,2025,5,6,chokepoint1,Suez Canal,10,6,7,0,12,23,35,387168,139292,34233,0,444521,560694,1005215,2320
2025/05/07,2025,5,7,chokepoint1,Suez Canal,11,8,4,0,9,23,32,291617,157536,40798,0,402614,489952,892567,2321
2025/05/08,2025,5,8,chokepoint1,Suez Canal,11,10,0,1,17,22,39,188149,472955,0,0,633604,661105,1294709,2322
2025/05/09,2025,5,9,chokepoint1,Suez Canal,12,6,4,0,9,22,31,150688,116781,10922,0,737822,278392,1016215,2323
2025/05/10,2025,5,10,chokepoint1,Suez Canal,10,8,2,0,22,20,42,194089,644228,4880,0,964727,843198,1807926,2324
2025/05/11,2025,5,11,chokepoint1,Suez Canal,3,6,2,3,13,14,27,64069,188319,14169,7038,346130,273596,619727,2325
2025/05/12,2025,5,12,chokepoint1,Suez Canal,5,5,4,1,9,15,24,161980,307867,17564,0,412311,487412,899724,2326
2025/05/13,2025,5,13,chokepoint1,Suez Canal,11,13,3,1,13,28,41,228963,666668,10834,0,350597,906466,1257064,2327
2025/05/14,2025,5,14,chokepoint1,Suez Canal,8,15,4,0,15,27,42,165642,674231,22900,0,1195346,862774,2058121,2328
2025/05/15,2025,5,15,chokepoint1,Suez Canal,12,14,5,2,16,33,49,160965,660190,47694,0,728812,868851,1597663,2329
2025/05/16,2025,5,16,chokepoint1,Suez Canal,14,11,5,1,14,31,45,209436,636384,41759,5668,666158,893249,1559407,2330
2025/05/17,2025,5,17,chokepoint1,Suez Canal,6,6,5,0,18,17,35,131869,361603,16227,0,1005666,509699,1515366,2331
2025/05/18,2025,5,18,chokepoint1,Suez Canal,16,9,2,1,10,28,38,252687,590613,14660,0,412596,857960,1270557,2332
2025/05/19,2025,5,19,chokepoint1,Suez Canal,9,8,2,0,11,19,30,153111,453377,23503,0,681901,629992,1311894,2333
2025/05/20,2025,5,20,chokepoint1,Suez Canal,9,12,4,1,24,26,50,280587,455392,31728,4604,1252320,772313,2024633,2334
2025/05/21,2025,5,21,chokepoint1,Suez Canal,9,7,2,1,17,19,36,211431,326918,39368,0,983014,577718,1560732,2335
2025/05/22,2025,5,22,chokepoint1,Suez Canal,7,2,3,0,15,12,27,208137,105833,35849,0,247013,349820,596833,2336
2025/05/23,2025,5,23,chokepoint1,Suez Canal,8,7,7,1,14,23,37,120152,207321,62096,1703,945662,391273,1336936,2337
2025/05/24,2025,5,24,chokepoint1,Suez Canal,8,12,2,0,21,22,43,196127,634774,11610,0,859566,842512,1702078,2338
2025/05/25,2025,5,25,chokepoint1,Suez Canal,10,14,4,0,17,28,45,136178,650880,5419,0,582854,792479,1375333,2339
2025/05/26,2025,5,26,chokepoint1,Suez Canal,9,7,3,1,10,20,30,255907,385836,8444,0,338319,650189,988508,2340
2025/05/27,2025,5,27,chokepoint1,Suez Canal,10,12,1,0,11,23,34,109542,543963,7429,0,613790,660935,1274725,2341
2025/05/28,2025,5,28,chokepoint1,Suez Canal,8,8,4,0,9,20,29,297895,316805,30738,0,313122,645439,958561,2342
2025/05/29,2025,5,29,chokepoint1,Suez Canal,10,9,5,2,18,26,44,204986,348026,31752,3139,700368,587903,1288272,2343
2025/05/30,2025,5,30,chokepoint1,Suez Canal,6,7,5,1,21,19,40,74588,292823,77248,0,1000851,444660,1445511,2344
2025/05/31,2025,5,31,chokepoint1,Suez Canal,9,12,3,0,18,24,42,224298,658665,21578,0,1018299,904542,1922841,2345
2025/06/01,2025,6,1,chokepoint1,Suez Canal,10,11,3,1,12,25,37,256130,776800,42118,5042,567368,1080092,1647461,2346
2025/06/02,2025,6,2,chokepoint1,Suez Canal,10,5,5,0,13,20,33,254694,353766,29771,0,837551,638231,1475783,2347
2025/06/03,2025,6,3,chokepoint1,Suez Canal,6,9,2,0,11,17,28,153067,197220,17432,0,358297,367720,726018,2348
2025/06/04,2025,6,4,chokepoint1,Suez Canal,7,9,4,1,14,21,35,133708,395545,19265,0,587127,548519,1135646,2349
2025/06/05,2025,6,5,chokepoint1,Suez Canal,11,4,6,4,8,25,33,180685,273162,14562,6492,331757,474903,806660,2350
2025/06/06,2025,6,6,chokepoint1,Suez Canal,14,3,5,0,18,22,40,303597,155275,7957,0,833719,466830,1300550,2351
2025/06/07,2025,6,7,chokepoint1,Suez Canal,10,8,2,0,14,20,34,114125,260605,3029,0,861440,377759,1239200,2352
2025/06/08,2025,6,8,chokepoint1,Suez Canal,8,9,5,0,15,22,37,179780,368035,18527,0,630417,566343,1196760,2353
2025/06/09,2025,6,9,chokepoint1,Suez Canal,9,12,1,0,18,22,40,133996,501761,1676,0,965786,637434,1603221,2354
2025/06/10,2025,6,10,chokepoint1,Suez Canal,7,12,2,0,16,21,37,245989,641177,2963,0,362358,890129,1252488,2355
2025/06/11,2025,6,11,chokepoint1,Suez Canal,12,7,8,3,17,30,47,233611,280301,31290,0,779351,545203,1324555,2356
2025/06/12,2025,6,12,chokepoint1,Suez Canal,10,8,5,0,15,23,38,221165,425734,22514,0,723051,669414,1392466,2357
2025/06/13,2025,6,13,chokepoint1,Suez Canal,10,9,3,0,20,22,42,129418,534132,12114,0,999916,675665,1675581,2358
2025/06/14,2025,6,14,chokepoint1,Suez Canal,7,7,4,0,17,18,35,141018,428484,5478,0,383292,574982,958274,2359
2025/06/15,2025,6,15,chokepoint1,Suez Canal,13,8,5,0,16,26,42,208631,237982,44019,0,636926,490632,1127559,2360
2025/06/16,2025,6,16,chokepoint1,Suez Canal,9,5,4,0,12,18,30,112024,187719,5994,0,523382,305738,829120,2361
2025/06/17,2025,6,17,chokepoint1,Suez Canal,9,12,9,0,15,30,45,280632,518079,64928,0,876154,863640,1739795,2362
2025/06/18,2025,6,18,chokepoint1,Suez Canal,8,16,4,0,16,28,44,310935,534165,29974,0,656682,875075,1531757,2363
2025/06/19,2025,6,19,chokepoint1,Suez Canal,8,12,4,2,8,26,34,145268,475677,10791,15100,216305,646838,863143,2364
2025/06/20,2025,6,20,chokepoint1,Suez Canal,10,6,8,0,11,24,35,221111,207036,66650,0,689181,494797,1183979,2365
2025/06/21,2025,6,21,chokepoint1,Suez Canal,10,6,2,0,18,18,36,163303,302574,4868,0,804047,470745,1274793,2366
2025/06/22,2025,6,22,chokepoint1,Suez Canal,9,6,2,1,16,18,34,175714,236738,19013,4289,619224,435755,1054980,2367
2025/06/23,2025,6,23,chokepoint1,Suez Canal,5,9,4,0,9,18,27,52885,314051,8563,0,434105,375500,809606,2368
2025/06/24,2025,6,24,chokepoint1,Suez Canal,9,7,3,1,15,20,35,333168,414170,26958,2768,547036,777065,1324102,2369
2025/06/25,2025,6,25,chokepoint1,Suez Canal,4,4,3,1,16,12,28,191211,126044,3294,0,379313,320551,699864,2370
2025/06/26,2025,6,26,chokepoint1,Suez Canal,12,5,1,1,19,19,38,189125,393304,28278,6492,829782,617201,1446983,2371
2025/06/27,2025,6,27,chokepoint1,Suez Canal,12,11,3,1,20,27,47,271063,712265,9411,6621,850072,999362,1849435,2372
2025/06/28,2025,6,28,chokepoint1,Suez Canal,6,9,5,2,13,22,35,142825,276224,22098,4922,694136,446071,1140207,2373
2025/06/29,2025,6,29,chokepoint1,Suez Canal,10,11,6,0,10,27,37,284886,384031,34002,0,552393,702920,1255313,2374
2025/06/30,2025,6,30,chokepoint1,Suez Canal,11,6,5,1,14,23,37,112248,222691,32837,5173,638193,372951,1011144,2375
2025/07/01,2025,7,1,chokepoint1,Suez Canal,6,10,3,1,16,20,36,184200,470759,2779,0,802872,657739,1460612,2376
2025/07/02,2025,7,2,chokepoint1,Suez Canal,8,11,3,1,15,23,38,196219,352795,48961,0,984798,597975,1582774,2377
2025/07/03,2025,7,3,chokepoint1,Suez Canal,11,8,5,0,16,24,40,173270,416732,10081,0,762562,600084,1362647,2378
2025/07/04,2025,7,4,chokepoint1,Suez Canal,7,9,1,1,11,18,29,119947,612162,5921,2160,540516,740192,1280708,2379
2025/07/05,2025,7,5,chokepoint1,Suez Canal,4,11,6,0,15,21,36,41436,534085,45889,0,666142,621412,1287555,2380
2025/07/06,2025,7,6,chokepoint1,Suez Canal,9,9,5,2,21,25,46,202662,281969,15919,3311,1009516,503863,1513379,2381
2025/07/07,2025,7,7,chokepoint1,Suez Canal,13,7,6,0,18,26,44,347047,254451,29552,0,1006322,631052,1637375,2382
2025/07/08,2025,7,8,chokepoint1,Suez Canal,8,14,4,0,11,26,37,165378,789828,3708,0,677480,958915,1636396,2383
2025/07/09,2025,7,9,chokepoint1,Suez Canal,10,7,9,0,19,26,45,227789,338692,56559,0,940691,623042,1563733,2384
2025/07/10,2025,7,10,chokepoint1,Suez Canal,8,8,8,0,16,24,40,197951,534827,39034,0,848882,771813,1620695,2385
2025/07/11,2025,7,11,chokepoint1,Suez Canal,11,3,3,0,20,17,37,138473,166906,14228,0,801253,319608,1120862,2386
2025/07/12,2025,7,12,chokepoint1,Suez Canal,8,8,3,1,12,20,32,112266,476301,3003,0,486582,591571,1078153,2387
2025/07/13,2025,7,13,chokepoint1,Suez Canal,5,11,5,1,11,22,33,159953,551359,25977,4883,558788,742174,1300963,2388
2025/07/14,2025,7,14,chokepoint1,Suez Canal,8,8,2,0,20,18,38,126612,269823,2945,0,1317650,399381,1717031,2389
2025/07/15,2025,7,15,chokepoint1,Suez Canal,7,11,2,4,14,24,38,110806,529546,8287,11263,633760,659904,1293665,2390
2025/07/16,2025,7,16,chokepoint1,Suez Canal,8,7,7,0,17,22,39,218169,324421,15637,0,653834,558227,1212062,2391
2025/07/17,2025,7,17,chokepoint1,Suez Canal,11,6,5,1,10,23,33,180771,474178,30262,0,329463,685213,1014676,2392
2025/07/18,2025,7,18,chokepoint1,Suez Canal,11,7,5,0,10,23,33,264081,233478,10586,0,570526,508146,1078673,2393
2025/07/19,2025,7,19,chokepoint1,Suez Canal,7,12,4,0,16,23,39,123042,718557,19269,0,436276,860869,1297146,2394
2025/07/20,2025,7,20,chokepoint1,Suez Canal,7,8,4,1,18,20,38,113752,351634,34933,0,771451,500321,1271772,2395
2025/07/21,2025,7,21,chokepoint1,Suez Canal,8,5,10,0,17,23,40,259353,364456,43359,0,633130,667169,1300299,2396
2025/07/22,2025,7,22,chokepoint1,Suez Canal,14,13,5,0,18,32,50,225442,1157390,27292,0,1041986,1410125,2452112,2397
2025/07/23,2025,7,23,chokepoint1,Suez Canal,7,9,6,1,13,23,36,217293,480314,18459,6258,917145,722325,1639471,2398
2025/07/24,2025,7,24,chokepoint1,Suez Canal,10,10,5,1,18,26,44,199882,625165,33187,4660,583381,862897,1446278,2399
2025/07/25,2025,7,25,chokepoint1,Suez Canal,14,4,2,0,17,20,37,243466,116525,7167,0,740330,367159,1107489,2400
2025/07/26,2025,7,26,chokepoint1,Suez Canal,9,7,3,0,13,19,32,148264,230661,6011,0,649519,384937,1034457,2401
2025/07/27,2025,7,27,chokepoint1,Suez Canal,8,17,4,1,12,30,42,215213,836390,20530,0,543607,1072134,1615741,2402
2025/07/28,2025,7,28,chokepoint1,Suez Canal,5,18,4,1,16,28,44,191495,649678,33518,2502,805423,877195,1682618,3601
2025/07/29,2025,7,29,chokepoint1,Suez Canal,6,4,3,1,20,14,34,160104,365154,3453,10574,968017,539286,1507304,3602
2025/07/30,2025,7,30,chokepoint1,Suez Canal,9,6,4,0,20,19,39,191885,250860,12447,0,527802,455192,982994,3603
2025/07/31,2025,7,31,chokepoint1,Suez Canal,6,9,6,1,7,22,29,124053,387259,12316,3074,338211,526703,864915,3604
2025/08/01,2025,8,1,chokepoint1,Suez Canal,12,12,3,3,12,30,42,192429,721004,4596,15715,606798,933746,1540544,3605
2025/08/02,2025,8,2,chokepoint1,Suez Canal,11,11,3,3,16,28,44,221030,418775,7570,6023,597485,653400,1250886,3606
2025/08/03,2025,8,3,chokepoint1,Suez Canal,8,7,4,0,16,19,35,152631,463932,15523,0,748903,632087,1380990,3607
2025/08/04,2025,8,4,chokepoint1,Suez Canal,11,6,2,0,13,19,32,174843,381209,6869,0,837970,562921,1400891,3608
2025/08/05,2025,8,5,chokepoint1,Suez Canal,3,13,5,1,19,22,41,93055,895708,10716,5368,712173,1004849,1717023,3609
2025/08/06,2025,8,6,chokepoint1,Suez Canal,9,4,7,0,15,20,35,259454,177194,50949,0,1042978,487598,1530577,3610
2025/08/07,2025,8,7,chokepoint1,Suez Canal,8,8,5,0,12,21,33,253087,327415,13605,0,447970,594108,1042078,3611
2025/08/08,2025,8,8,chokepoint1,Suez Canal,10,15,2,2,13,29,42,168677,974777,21333,0,387743,1164788,1552532,3612
2025/08/09,2025,8,9,chokepoint1,Suez Canal,14,11,5,0,17,30,47,229833,438659,17639,0,928079,686133,1614212,3613
2025/08/10,2025,8,10,chokepoint1,Suez Canal,11,6,1,2,16,20,36,162366,346197,2370,7553,891770,518488,1410259,3614
2025/08/11,2025,8,11,chokepoint1,Suez Canal,7,11,4,0,17,22,39,120259,678569,21852,0,694024,820681,1514705,3615
2025/08/12,2025,8,12,chokepoint1,Suez Canal,8,7,5,1,16,21,37,323577,312062,25463,0,334232,661103,995336,3616
2025/08/13,2025,8,13,chokepoint1,Suez Canal,4,2,3,1,18,10,28,79997,56706,13597,6492,773336,156793,930130,3617
2025/08/14,2025,8,14,chokepoint1,Suez Canal,10,14,1,0,18,25,43,255974,631764,968,0,399511,888708,1288219,3618
2025/08/15,2025,8,15,chokepoint1,Suez Canal,11,13,5,1,11,30,41,120638,776614,45692,7135,584342,950081,1534423,3619
2025/08/16,2025,8,16,chokepoint1,Suez Canal,11,6,6,1,14,24,38,278752,163805,55640,0,804383,498199,1302582,3620
2025/08/17,2025,8,17,chokepoint1,Suez Canal,7,12,2,1,13,22,35,233834,528933,9096,0,573407,771864,1345271,3621
2025/08/18,2025,8,18,chokepoint1,Suez Canal,8,10,6,3,16,27,43,217948,684104,64890,2251,641421,969194,1610615,3622
2025/08/19,2025,8,19,chokepoint1,Suez Canal,9,12,6,1,15,28,43,266219,583329,14031,0,454502,863581,1318083,3623
2025/08/20,2025,8,20,chokepoint1,Suez Canal,13,17,9,2,20,41,61,100534,791638,62878,0,1145100,955051,2100152,3624
2025/08/21,2025,8,21,chokepoint1,Suez Canal,7,4,1,0,13,12,25,153694,90077,3162,0,352014,246934,598948,3625
2025/08/22,2025,8,22,chokepoint1,Suez Canal,6,11,2,1,16,20,36,67695,648201,10588,0,599857,726485,1326343,3626
2025/08/23,2025,8,23,chokepoint1,Suez Canal,10,8,5,1,16,24,40,149200,406485,26285,6023,798431,587995,1386426,3627
2025/08/24,2025,8,24,chokepoint1,Suez Canal,15,12,3,0,15,30,45,272826,407587,14892,0,890620,695305,1585926,3628
2025/08/25,2025,8,25,chokepoint1,Suez Canal,5,13,3,2,11,23,34,120271,564819,19219,2143,635918,706454,1342373,3629
2025/08/26,2025,8,26,chokepoint1,Suez Canal,5,9,6,1,19,21,40,195352,364054,44655,0,942698,604062,1546761,3630
2025/08/27,2025,8,27,chokepoint1,Suez Canal,6,9,4,0,15,19,34,94771,446994,25882,0,777588,567649,1345237,3631
2025/08/28,2025,8,28,chokepoint1,Suez Canal,11,6,2,1,12,20,32,174486,151690,1779,0,249227,327956,577183,3632
2025/08/29,2025,8,29,chokepoint1,Suez Canal,11,12,2,2,15,27,42,186568,515279,20440,6492,480050,728780,1208831,3633
2025/08/30,2025,8,30,chokepoint1,Suez Canal,8,13,2,0,8,23,31,201728,823817,13897,0,339484,1039443,1378928,3634
2025/08/31,2025,8,31,chokepoint1,Suez Canal,11,16,4,0,13,31,44,289175,771692,18071,0,559226,1078939,1638165,3635
2025/09/01,2025,9,1,chokepoint1,Suez Canal,8,11,9,3,16,31,47,273913,427852,33594,4689,600910,740050,1340961,3636
2025/09/02,2025,9,2,chokepoint1,Suez Canal,7,7,3,2,18,19,37,131653,354230,6433,3954,934306,496271,1430578,3637
2025/09/03,2025,9,3,chokepoint1,Suez Canal,11,17,5,1,13,34,47,262486,642635,35233,7228,524768,947584,1472353,3638
2025/09/04,2025,9,4,chokepoint1,Suez Canal,10,8,7,0,19,25,44,312811,567953,73353,0,730691,954118,1684809,3639
2025/09/05,2025,9,5,chokepoint1,Suez Canal,8,17,2,2,8,29,37,183244,798461,38326,4604,344492,1024636,1369129,3640
2025/09/06,2025,9,6,chokepoint1,Suez Canal,8,12,4,1,14,25,39,166293,481129,51303,534,649724,699261,1348985,3641
2025/09/07,2025,9,7,chokepoint1,Suez Canal,8,13,6,1,19,28,47,135745,846347,14547,0,1050916,996639,2047555,3642
2025/09/08,2025,9,8,chokepoint1,Suez Canal,8,7,5,1,14,21,35,140278,427155,27834,4912,777671,600181,1377853,3643
2025/09/09,2025,9,9,chokepoint1,Suez Canal,8,15,3,1,17,27,44,221604,566715,12977,0,1028547,801296,1829844,3644
2025/09/10,2025,9,10,chokepoint1,Suez Canal,9,10,4,0,16,23,39,344538,467330,24246,0,700311,836114,1536426,3645
2025/09/11,2025,9,11,chokepoint1,Suez Canal,12,14,2,1,20,29,49,275058,694032,3506,3963,855444,976560,1832005,3646
2025/09/12,2025,9,12,chokepoint1,Suez Canal,15,10,5,3,18,33,51,248829,638389,32764,3404,790178,923387,1713566,3647
2025/09/13,2025,9,13,chokepoint1,Suez Canal,14,13,5,0,18,32,50,224685,517615,15306,0,679096,757607,1436704,3648
2025/09/14,2025,9,14,chokepoint1,Suez Canal,10,19,4,0,14,33,47,209446,890363,5266,0,642154,1105076,1747230,3649
2025/09/15,2025,9,15,chokepoint1,Suez Canal,10,10,2,2,13,24,37,127192,236964,3178,4668,991133,372004,1363137,3650
2025/09/16,2025,9,16,chokepoint1,Suez Canal,9,9,2,0,14,20,34,104373,405245,36592,0,667920,546211,1214132,3651
2025/09/17,2025,9,17,chokepoint1,Suez Canal,7,13,4,2,18,26,44,180658,769676,7997,1348,689035,959680,1648715,3652
2025/09/18,2025,9,18,chokepoint1,Suez Canal,5,12,5,0,15,22,37,174580,621061,51029,0,629412,846671,1476084,3653
2025/09/19,2025,9,19,chokepoint1,Suez Canal,10,9,3,1,28,23,51,179258,349227,13651,0,972531,542137,1514668,3654
2025/09/20,2025,9,20,chokepoint1,Suez Canal,8,14,5,0,12,27,39,154268,753565,28483,0,434184,936317,1370502,3655
2025/09/21,2025,9,21,chokepoint1,Suez Canal,8,10,2,0,11,20,31,124078,625850,4313,0,552851,754243,1307095,3656
2025/09/22,2025,9,22,chokepoint1,Suez Canal,14,11,3,1,16,29,45,322535,504995,23340,0,677689,850871,1528560,3657
2025/09/23,2025,9,23,chokepoint1,Suez Canal,9,15,3,1,12,28,40,147095,653769,19507,5214,613274,825586,1438861,3658
2025/09/24,2025,9,24,chokepoint1,Suez Canal,9,13,6,2,22,30,52,215540,447001,26379,676,1311446,689598,2001044,3659
2025/09/25,2025,9,25,chokepoint1,Suez Canal,12,9,2,1,21,24,45,275498,238350,3684,9265,944962,526799,1471761,3660
2025/09/26,2025,9,26,chokepoint1,Suez Canal,9,11,2,2,12,24,36,187510,510595,3042,0,299863,701148,1001011,3661
2025/09/27,2025,9,27,chokepoint1,Suez Canal,13,6,2,0,14,21,35,120971,207009,1097,0,867370,329079,1196450,3662
2025/09/28,2025,9,28,chokepoint1,Suez Canal,9,8,4,4,21,25,46,256574,567560,35931,5848,1093475,865914,1959389,3663
2025/09/29,2025,9,29,chokepoint1,Suez Canal,10,9,6,1,13,26,39,294714,418186,36087,0,745134,748989,1494124,3664
2025/09/30,2025,9,30,chokepoint1,Suez Canal,8,11,6,0,13,25,38,136059,452263,36114,0,550802,624438,1175240,3665
2025/10/01,2025,10,1,chokepoint1,Suez Canal,10,12,4,1,18,27,45,214913,732707,10445,7267,736337,965334,1701671,3666
2025/10/02,2025,10,2,chokepoint1,Suez Canal,11,6,7,0,18,24,42,223149,175373,59298,0,1012602,457821,1470423,3667
2025/10/03,2025,10,3,chokepoint1,Suez Canal,11,9,3,3,20,26,46,221690,587121,11504,8025,876643,828341,1704985,3668
2025/10/04,2025,10,4,chokepoint1,Suez Canal,11,11,1,1,12,24,36,151763,520496,660,4883,336531,677804,1014336,3669
2025/10/05,2025,10,5,chokepoint1,Suez Canal,10,13,4,0,15,27,42,86158,564575,4666,0,990528,655399,1645928,3670
2025/10/06,2025,10,6,chokepoint1,Suez Canal,9,10,7,0,13,26,39,257885,413762,45901,0,399215,717549,1116764,3671
2025/10/07,2025,10,7,chokepoint1,Suez Canal,8,7,3,0,14,18,32,224198,345074,22251,0,892404,591524,1483929,3672
2025/10/08,2025,10,8,chokepoint1,Suez Canal,7,15,7,0,13,29,42,200512,976093,71478,0,357069,1248085,1605154,3673
2025/10/09,2025,10,9,chokepoint1,Suez Canal,15,8,3,0,15,26,41,368024,242231,10909,0,607599,621164,1228764,3674
2025/10/10,2025,10,10,chokepoint1,Suez Canal,12,7,4,1,12,24,36,155886,276722,9840,0,580906,442448,1023355,3675
2025/10/11,2025,10,11,chokepoint1,Suez Canal,7,12,4,2,15,25,40,45642,546272,13518,4198,803316,609631,1412947,3676
2025/10/12,2025,10,12,chokepoint1,Suez Canal,9,6,3,1,24,19,43,208887,406875,2572,0,1153853,618334,1772188,3677
2025/10/13,2025,10,13,chokepoint1,Suez Canal,13,12,8,0,15,33,48,283498,539552,32925,0,656092,855976,1512068,3678
2025/10/14,2025,10,14,chokepoint1,Suez Canal,6,18,6,0,13,30,43,177873,780941,37039,0,696089,995853,1691943,3679
2025/10/15,2025,10,15,chokepoint1,Suez Canal,8,6,5,0,12,19,31,283484,467371,63743,0,626673,814599,1441272,3680
2025/10/16,2025,10,16,chokepoint1,Suez Canal,11,15,7,1,17,34,51,148065,604715,20191,11972,659523,784945,1444468,3681
2025/10/17,2025,10,17,chokepoint1,Suez Canal,12,8,8,1,21,29,50,237688,538516,35306,11908,1369952,823418,2193371,3682
2025/10/18,2025,10,18,chokepoint1,Suez Canal,9,6,6,3,8,24,32,146662,181071,13101,13381,314261,354217,668479,3683
2025/10/19,2025,10,19,chokepoint1,Suez Canal,15,13,3,2,18,33,51,252934,621928,46125,11513,1218357,932502,2150859,3684
2025/10/20,2025,10,20,chokepoint1,Suez Canal,7,17,2,0,21,26,47,278139,633947,6706,0,800511,918793,1719305,3685
2025/10/21,2025,10,21,chokepoint1,Suez Canal,7,7,4,0,14,18,32,210704,561817,19145,0,598197,791667,1389865,3686
2025/10/22,2025,10,22,chokepoint1,Suez Canal,8,10,3,0,13,21,34,95165,555962,8957,0,739110,660085,1399195,3687
2025/10/23,2025,10,23,chokepoint1,Suez Canal,14,14,4,0,17,32,49,309082,716680,7839,0,759602,1033603,1793205,3688
2025/10/24,2025,10,24,chokepoint1,Suez Canal,9,12,5,0,14,26,40,124930,544998,25371,0,617765,695300,1313065,3689
2025/10/25,2025,10,25,chokepoint1,Suez Canal,15,12,2,3,15,32,47,179714,638605,5493,12694,1016466,836508,1852974,3690
2025/10/26,2025,10,26,chokepoint1,Suez Canal,14,14,3,1,18,32,50,216857,597617,28096,0,891784,842571,1734356,3691
2025/10/27,2025,10,27,chokepoint1,Suez Canal,9,16,4,1,15,30,45,274911,594766,11996,3301,945649,884976,1830626,3692
2025/10/28,2025,10,28,chokepoint1,Suez Canal,10,10,5,0,14,25,39,150675,495698,14608,0,890473,660982,1551456,3693
2025/10/29,2025,10,29,chokepoint1,Suez Canal,6,12,3,1,14,22,36,100961,643031,21498,0,638337,765491,1403828,3694
2025/10/30,2025,10,30,chokepoint1,Suez Canal,10,16,0,0,11,26,37,232300,840046,0,0,364857,1072347,1437204,3695
2025/10/31,2025,10,31,chokepoint1,Suez Canal,8,6,5,0,16,19,35,118661,399753,11191,0,703673,529606,1233279,3696
2025/11/01,2025,11,1,chokepoint1,Suez Canal,13,11,3,1,17,28,45,254390,456438,5947,0,856792,716776,1573569,3697
2025/11/02,2025,11,2,chokepoint1,Suez Canal,11,8,6,1,10,26,36,167807,427261,30606,0,674285,625674,1299959,3698
2025/11/03,2025,11,3,chokepoint1,Suez Canal,7,12,14,1,15,34,49,205114,353535,69788,0,475900,628438,1104338,3699
2025/11/04,2025,11,4,chokepoint1,Suez Canal,12,1,3,1,22,17,39,327561,0,26565,0,1346028,354127,1700155,3700
2025/11/05,2025,11,5,chokepoint1,Suez Canal,10,14,2,1,19,27,46,163641,851036,7886,0,775864,1022564,1798428,3701
2025/11/06,2025,11,6,chokepoint1,Suez Canal,9,10,4,3,11,26,37,139246,508878,37554,0,586228,685679,1271908,3702
2025/11/07,2025,11,7,chokepoint1,Suez Canal,8,21,5,2,16,36,52,136023,1063767,22844,6492,935602,1229127,2164730,3703
2025/11/08,2025,11,8,chokepoint1,Suez Canal,8,9,4,2,15,23,38,118389,348945,16572,3406,641004,487314,1128319,3704
2025/11/09,2025,11,9,chokepoint1,Suez Canal,11,16,4,0,17,31,48,167316,825114,27632,0,984549,1020063,2004613,3705
2025/11/10,2025,11,10,chokepoint1,Suez Canal,10,10,4,4,20,28,48,200386,471780,18311,7275,1061335,697752,1759088,3706
2025/11/11,2025,11,11,chokepoint1,Suez Canal,10,15,2,1,20,28,48,262214,804763,22191,2768,904725,1091937,1996663,3707
2025/11/12,2025,11,12,chokepoint1,Suez Canal,10,10,7,0,16,27,43,212214,332169,76803,0,509600,621186,1130786,3708
2025/11/13,2025,11,13,chokepoint1,Suez Canal,8,16,7,0,13,31,44,156640,875238,61589,0,794603,1093468,1888072,3709
2025/11/14,2025,11,14,chokepoint1,Suez Canal,16,10,6,2,13,34,47,214433,473539,40485,0,812351,728458,1540810,3710
2025/11/15,2025,11,15,chokepoint1,Suez Canal,13,12,4,1,10,30,40,421191,626003,7977,0,487051,1055172,1542223,3711
2025/11/16,2025,11,16,chokepoint1,Suez Canal,10,16,3,0,16,29,45,135258,842106,3045,0,916210,980410,1896621,3712
2025/11/17,2025,11,17,chokepoint1,Suez Canal,8,11,8,0,11,27,38,242505,558060,27702,0,509754,828268,1338023,3713
2025/11/18,2025,11,18,chokepoint1,Suez Canal,3,11,2,0,12,16,28,117581,482478,19637,0,639025,619696,1258722,3714
2025/11/19,2025,11,19,chokepoint1,Suez Canal,7,15,7,0,15,29,44,125101,785880,41780,0,651315,952762,1604078,3715
2025/11/20,2025,11,20,chokepoint1,Suez Canal,10,18,6,0,16,34,50,223472,675806,48422,0,784558,947701,1732259,3716
2025/11/21,2025,11,21,chokepoint1,Suez Canal,14,15,3,2,11,34,45,166250,498954,21313,5677,543306,692196,1235502,3717
2025/11/22,2025,11,22,chokepoint1,Suez Canal,2,12,5,1,14,20,34,35288,511652,23551,4050,779631,574542,1354173,3718
2025/11/23,2025,11,23,chokepoint1,Suez Canal,15,8,3,0,15,26,41,222339,289630,8243,0,549492,520213,1069705,3719
2025/11/24,2025,11,24,chokepoint1,Suez Canal,10,15,10,1,13,36,49,353090,1604754,54389,7228,699240,2019463,2718703,3720
2025/11/25,2025,11,25,chokepoint1,Suez Canal,7,14,9,1,16,31,47,166771,462316,72714,9654,694871,711457,1406329,3721
2025/11/26,2025,11,26,chokepoint1,Suez Canal,6,10,3,1,20,20,40,178858,429924,35287,0,1226454,644071,1870525,3722
2025/11/27,2025,11,27,chokepoint1,Suez Canal,13,19,2,0,17,34,51,133591,1082846,3963,0,830168,1220401,2050569,3723
2025/11/28,2025,11,28,chokepoint1,Suez Canal,8,11,7,2,16,28,44,176561,457843,25069,2707,586786,662181,1248968,3724
2025/11/29,2025,11,29,chokepoint1,Suez Canal,4,7,5,0,12,16,28,34593,494504,22740,0,774865,551837,1326703,3725
2025/11/30,2025,11,30,chokepoint1,Suez Canal,12,13,4,0,15,29,44,135332,509571,21102,0,714729,666006,1380736,3726
2025/12/01,2025,12,1,chokepoint1,Suez Canal,7,19,10,0,18,36,54,297976,945069,52990,0,575162,1296036,1871198,3727
2025/12/02,2025,12,2,chokepoint1,Suez Canal,6,13,1,0,12,20,32,194137,633879,1749,0,566295,829766,1396062,3728
2025/12/03,2025,12,3,chokepoint1,Suez Canal,9,6,4,3,18,22,40,162750,359242,7013,1692,563023,530699,1093723,3729
2025/12/04,2025,12,4,chokepoint1,Suez Canal,8,9,5,1,21,23,44,246356,591705,17572,2890,1093222,858523,1951746,3730
2025/12/05,2025,12,5,chokepoint1,Suez Canal,9,20,2,0,5,31,36,207167,917100,2483,0,285856,1126751,1412608,3731
2025/12/06,2025,12,6,chokepoint1,Suez Canal,8,14,4,0,18,26,44,141946,648749,3677,0,1209595,794372,2003968,3732
2025/12/07,2025,12,7,chokepoint1,Suez Canal,7,8,4,1,14,20,34,130829,626876,21639,0,486766,779345,1266112,3733
2025/12/08,2025,12,8,chokepoint1,Suez Canal,12,10,2,3,18,27,45,227074,387259,3212,12211,1071915,629758,1701674,3734
2025/12/09,2025,12,9,chokepoint1,Suez Canal,4,16,3,1,14,24,38,127441,941575,13124,3583,736659,1085725,1822384,3735
2025/12/10,2025,12,10,chokepoint1,Suez Canal,4,10,3,0,14,17,31,78038,468634,42337,0,467873,589010,1056884,3736
2025/12/11,2025,12,11,chokepoint1,Suez Canal,11,8,7,1,14,27,41,333172,450971,47358,0,516358,831501,1347859,3737
2025/12/12,2025,12,12,chokepoint1,Suez Canal,13,9,7,0,14,29,43,186278,406505,49766,0,851580,642550,1494130,3738
2025/12/13,2025,12,13,chokepoint1,Suez Canal,13,13,3,1,13,30,43,331752,1040842,72360,0,701828,1444954,2146783,3739
2025/12/14,2025,12,14,chokepoint1,Suez Canal,10,10,7,0,23,27,50,266653,337804,10295,0,1353869,614753,1968623,3740
2025/12/15,2025,12,15,chokepoint1,Suez Canal,8,11,5,0,24,24,48,183062,832689,5185,0,1255212,1020937,2276149,3741
2025/12/16,2025,12,16,chokepoint1,Suez Canal,8,5,4,1,16,18,34,429295,286810,17529,6203,910419,739839,1650259,3742
2025/12/17,2025,12,17,chokepoint1,Suez Canal,7,13,2,0,10,22,32,146679,664979,21848,0,423132,833507,1256640,3743
2025/12/18,2025,12,18,chokepoint1,Suez Canal,11,11,3,0,19,25,44,83230,385027,9539,0,995538,477797,1473335,3744
2025/12/19,2025,12,19,chokepoint1,Suez Canal,14,13,7,0,17,34,51,329848,558231,51230,0,571250,939310,1510561,3745
2025/12/20,2025,12,20,chokepoint1,Suez Canal,5,11,2,1,19,19,38,78681,420624,8329,4251,1122557,511885,1634443,3746
2025/12/21,2025,12,21,chokepoint1,Suez Canal,9,9,5,1,18,24,42,177362,273586,6813,0,1042454,457762,1500216,3747
2025/12/22,2025,12,22,chokepoint1,Suez Canal,7,12,4,0,22,23,45,223926,551769,3769,0,1210110,779465,1989575,3748
2025/12/23,2025,12,23,chokepoint1,Suez Canal,11,10,7,2,9,30,39,558372,566449,17810,2387,357292,1145018,1502311,3749
2025/12/24,2025,12,24,chokepoint1,Suez Canal,4,15,2,1,14,22,36,46734,970812,8383,4475,676244,1030406,1706651,3750
2025/12/25,2025,12,25,chokepoint1,Suez Canal,16,7,3,2,18,28,46,307998,307626,17437,0,1037524,633063,1670587,3751
2025/12/26,2025,12,26,chokepoint1,Suez Canal,9,12,4,0,12,25,37,133148,429649,14180,0,439543,576978,1016521,3752
2025/12/27,2025,12,27,chokepoint1,Suez Canal,9,8,3,1,12,21,33,158338,469578,4073,3301,858833,635292,1494125,3753
2025/12/28,2025,12,28,chokepoint1,Suez Canal,10,8,3,0,12,21,33,222310,409793,6351,0,749887,638455,1388343,3754
2025/12/29,2025,12,29,chokepoint1,Suez Canal,9,6,2,0,15,17,32,351568,375030,37565,0,697899,764163,1462063,3755
2025/12/30,2025,12,30,chokepoint1,Suez Canal,6,18,4,2,9,30,39,60610,851105,14765,4133,453154,930614,1383769,3756
2025/12/31,2025,12,31,chokepoint1,Suez Canal,10,7,4,0,17,21,38,286727,377073,40847,0,397235,704648,1101883,3757
2026/01/01,2026,1,1,chokepoint1,Suez Canal,6,7,2,0,12,15,27,243238,380452,1985,0,875050,625676,1500726,3758
2026/01/02,2026,1,2,chokepoint1,Suez Canal,7,10,3,0,8,20,28,261966,379902,5374,0,357995,647243,1005239,3759
2026/01/03,2026,1,3,chokepoint1,Suez Canal,9,6,3,0,20,18,38,211922,210911,24503,0,884962,447337,1332300,3760
2026/01/04,2026,1,4,chokepoint1,Suez Canal,9,10,6,2,17,27,44,190941,600965,55231,0,668147,847137,1515285,3761
2026/01/05,2026,1,5,chokepoint1,Suez Canal,10,12,4,2,16,28,44,171700,726043,31062,0,558473,928805,1487279,3762
2026/01/06,2026,1,6,chokepoint1,Suez Canal,9,11,5,0,16,25,41,319887,437510,20459,0,747026,777857,1524884,3763
2026/01/07,2026,1,7,chokepoint1,Suez Canal,7,7,3,3,9,20,29,102372,310625,5663,2201,302430,420863,723293,3764
2026/01/08,2026,1,8,chokepoint1,Suez Canal,9,14,6,1,13,30,43,305329,557730,36812,8185,644491,908057,1552548,3765
2026/01/09,2026,1,9,chokepoint1,Suez Canal,10,12,5,1,11,28,39,257176,681061,17815,3525,520976,959579,1480555,3766
2026/01/10,2026,1,10,chokepoint1,Suez Canal,10,12,1,1,11,24,35,82183,510740,0,4471,878394,597395,1475790,3767
2026/01/11,2026,1,11,chokepoint1,Suez Canal,11,6,7,0,11,24,35,204610,256373,41222,0,447106,502206,949312,3768
2026/01/12,2026,1,12,chokepoint1,Suez Canal,5,12,3,0,16,20,36,86507,441563,3391,0,576620,531462,1108082,3769
2026/01/13,2026,1,13,chokepoint1,Suez Canal,3,10,2,2,17,17,34,46385,598014,1592,7441,1156070,653433,1809504,3770
2026/01/14,2026,1,14,chokepoint1,Suez Canal,8,6,4,2,7,20,27,206025,310161,6718,4229,305663,527135,832798,3771
2026/01/15,2026,1,15,chokepoint1,Suez Canal,11,10,7,0,9,28,37,263495,496861,59249,0,396974,819606,1216580,3772
2026/01/16,2026,1,16,chokepoint1,Suez Canal,12,9,7,2,21,30,51,173468,282603,41291,671,511133,498034,1009167,3773
2026/01/17,2026,1,17,chokepoint1,Suez Canal,13,11,8,0,17,32,49,250975,379999,43301,0,793711,674277,1467988,3774
2026/01/18,2026,1,18,chokepoint1,Suez Canal,12,10,3,0,20,25,45,241267,402415,17296,0,1118633,660979,1779612,3775
2026/01/19,2026,1,19,chokepoint1,Suez Canal,12,7,9,0,12,28,40,390049,266527,57720,0,420878,714297,1135175,3776
2026/01/20,2026,1,20,chokepoint1,Suez Canal,8,8,4,0,20,20,40,324273,314597,31743,0,625616,670613,1296230,3777
2026/01/21,2026,1,21,chokepoint1,Suez Canal,4,11,5,0,6,20,26,21845,491831,18158,0,328021,531835,859857,3778
2026/01/22,2026,1,22,chokepoint1,Suez Canal,8,7,9,1,19,25,44,137965,418724,28845,671,829435,586206,1415642,3779
2026/01/23,2026,1,23,chokepoint1,Suez Canal,11,11,6,1,9,29,38,276430,593260,44357,3793,279150,917842,1196992,3780
2026/01/24,2026,1,24,chokepoint1,Suez Canal,5,7,4,0,21,16,37,42568,352163,9992,0,652511,404725,1057236,3781
2026/01/25,2026,1,25,chokepoint1,Suez Canal,12,7,7,3,15,29,44,157643,397722,34944,2230,971113,592540,1563653,3782
2026/01/26,2026,1,26,chokepoint1,Suez Canal,9,10,4,3,17,26,43,463245,333497,7820,12750,840182,817314,1657496,3783
2026/01/27,2026,1,27,chokepoint1,Suez Canal,8,14,9,1,18,32,50,176025,741561,50629,1554,925947,969771,1895718,3784
2026/01/28,2026,1,28,chokepoint1,Suez Canal,9,8,3,0,18,20,38,138207,232289,9252,0,879486,379749,1259235,3785
2026/01/29,2026,1,29,chokepoint1,Suez Canal,9,15,6,1,15,31,46,170089,776011,56207,0,767351,1002309,1769661,3786
2026/01/30,2026,1,30,chokepoint1,Suez Canal,12,10,5,0,14,27,41,212033,413151,4141,0,881937,629326,1511264,3787
2026/01/31,2026,1,31,chokepoint1,Suez Canal,12,12,4,0,14,28,42,145891,612673,35705,0,677915,794270,1472185,3788
2026/02/01,2026,2,1,chokepoint1,Suez Canal,9,7,8,0,15,24,39,175029,255355,40664,0,393341,471049,864390,3789
2026/02/02,2026,2,2,chokepoint1,Suez Canal,5,10,7,1,15,23,38,131150,631947,29128,0,795317,792227,1587544,3790
2026/02/03,2026,2,3,chokepoint1,Suez Canal,7,10,3,0,11,20,31,285964,429354,23381,0,252128,738701,990829,3791
2026/02/04,2026,2,4,chokepoint1,Suez Canal,9,8,2,1,16,20,36,274030,193364,5413,4752,897723,477560,1375284,3792
2026/02/05,2026,2,5,chokepoint1,Suez Canal,9,7,6,0,14,22,36,263865,288349,13529,0,899497,565744,1465242,3793
2026/02/06,2026,2,6,chokepoint1,Suez Canal,12,11,4,0,18,27,45,184805,420029,7864,0,824039,612699,1436738,3794
2026/02/07,2026,2,7,chokepoint1,Suez Canal,7,10,4,2,25,23,48,78317,523403,24114,11189,1084970,637024,1721995,3795
2026/02/08,2026,2,8,chokepoint1,Suez Canal,13,11,6,0,19,30,49,246562,350615,32193,0,965460,629371,1594831,3796
2026/02/09,2026,2,9,chokepoint1,Suez Canal,10,13,6,0,15,29,44,529876,626478,27338,0,661793,1183693,1845486,3797
2026/02/10,2026,2,10,chokepoint1,Suez Canal,6,14,3,0,16,23,39,253407,807363,11852,0,610758,1072623,1683382,3798
2026/02/11,2026,2,11,chokepoint1,Suez Canal,7,13,10,0,15,30,45,144896,532637,43974,0,634080,721508,1355588,3799
2026/02/12,2026,2,12,chokepoint1,Suez Canal,10,15,5,0,18,30,48,220056,507520,7176,0,953756,734753,1688509,3800
2026/02/13,2026,2,13,chokepoint1,Suez Canal,7,8,5,1,20,21,41,108142,297769,12574,0,1002413,418486,1420899,3801
2026/02/14,2026,2,14,chokepoint1,Suez Canal,9,10,3,3,19,25,44,117096,303932,18746,5506,963985,445281,1409266,3802
2026/02/15,2026,2,15,chokepoint1,Suez Canal,10,7,4,1,16,22,38,114202,259524,23880,0,920368,397607,1317975,3803
2026/02/16,2026,2,16,chokepoint1,Suez Canal,14,8,7,0,22,29,51,380109,362694,72750,0,907566,815554,1723121,3804
2026/02/17,2026,2,17,chokepoint1,Suez Canal,6,14,4,1,17,25,42,237935,628333,11117,0,908555,877386,1785941,3805
2026/02/18,2026,2,18,chokepoint1,Suez Canal,5,14,3,1,18,23,41,156146,747340,18155,6203,616983,927846,1544830,3806
2026/02/19,2026,2,19,chokepoint1,Suez Canal,6,10,2,0,18,18,36,158298,352232,38345,0,1144328,548876,1693205,3807
2026/02/20,2026,2,20,chokepoint1,Suez Canal,10,5,1,1,17,17,34,232603,330228,1983,0,542937,564815,1107753,3808
2026/02/21,2026,2,21,chokepoint1,Suez Canal,7,8,6,1,20,22,42,243711,218491,21949,3301,581413,487454,1068867,3809
2026/02/22,2026,2,22,chokepoint1,Suez Canal,10,5,7,0,14,22,36,138289,336189,29971,0,346868,504450,851319,3810
2026/02/23,2026,2,23,chokepoint1,Suez Canal,9,13,6,2,14,30,44,230733,537994,9819,7135,626749,785682,1412431,3811
2026/02/24,2026,2,24,chokepoint1,Suez Canal,8,8,1,3,16,20,36,268987,435514,1704,13442,417786,719649,1137436,3812
2026/02/25,2026,2,25,chokepoint1,Suez Canal,12,12,2,0,19,26,45,408066,768956,8057,0,805368,1185080,1990448,3813
2026/02/26,2026,2,26,chokepoint1,Suez Canal,5,11,5,1,24,22,46,126316,411841,9853,3793,1269116,551804,1820921,3814
2026/02/27,2026,2,27,chokepoint1,Suez Canal,13,9,2,1,22,25,47,243977,433854,15381,7071,996493,700285,1696778,3815
2026/02/28,2026,2,28,chokepoint1,Suez Canal,9,11,2,0,15,22,37,230603,440032,20056,0,738043,690693,1428737,3816
2026/03/01,2026,3,1,chokepoint1,Suez Canal,11,8,3,0,14,22,36,142708,529869,3036,0,247342,675614,922956,3817
2026/03/02,2026,3,2,chokepoint1,Suez Canal,10,11,7,1,11,29,40,166087,666734,15676,6258,431776,854757,1286534,3818
2026/03/03,2026,3,3,chokepoint1,Suez Canal,11,11,5,1,27,28,55,381101,429443,20777,4883,1676349,836205,2512554,3819
2026/03/04,2026,3,4,chokepoint1,Suez Canal,14,9,1,1,17,25,42,383185,409108,0,7267,766252,799562,1565815,3820
2026/03/05,2026,3,5,chokepoint1,Suez Canal,6,11,2,0,19,19,38,83037,349171,5222,0,974476,437431,1411908,3821
2026/03/06,2026,3,6,chokepoint1,Suez Canal,7,5,7,0,19,19,38,210553,838916,33009,0,797508,1082480,1879989,3822
2026/03/07,2026,3,7,chokepoint1,Suez Canal,12,13,2,1,23,28,51,211255,563439,36824,0,870474,811519,1681993,3823
2026/03/08,2026,3,8,chokepoint1,Suez Canal,7,10,4,3,11,24,35,138601,397485,17113,15807,737659,569007,1306667,3824
2026/03/09,2026,3,9,chokepoint1,Suez Canal,9,9,9,0,15,27,42,162820,340667,44578,0,826908,548066,1374975,3825
2026/03/10,2026,3,10,chokepoint1,Suez Canal,11,11,6,0,9,28,37,257632,379888,33319,0,334424,670841,1005265,3826
2026/03/11,2026,3,11,chokepoint1,Suez Canal,6,15,4,1,25,26,51,81106,616961,44187,7071,672697,749327,1422024,3827
2026/03/12,2026,3,12,chokepoint1,Suez Canal,15,7,4,1,11,27,38,366995,351335,3786,3406,330515,725524,1056040,3828
2026/03/13,2026,3,13,chokepoint1,Suez Canal,8,10,5,1,16,24,40,141276,364751,43815,2859,595681,552702,1148383,3829
2026/03/14,2026,3,14,chokepoint1,Suez Canal,1,6,3,0,15,10,25,20717,504757,21698,0,806903,547172,1354076,3830
2026/03/15,2026,3,15,chokepoint1,Suez Canal,14,13,3,1,17,31,48,259168,579297,2478,0,783528,840944,1624472,3831
2026/03/16,2026,3,16,chokepoint1,Suez Canal,7,7,5,3,11,22,33,268801,444089,5809,0,360026,718700,1078727,3832
2026/03/17,2026,3,17,chokepoint1,Suez Canal,9,11,7,1,14,28,42,130832,511171,10858,0,201883,652862,854745,3833
2026/03/18,2026,3,18,chokepoint1,Suez Canal,8,6,5,2,22,21,43,203250,304489,30359,13102,1190526,551203,1741729,3834
2026/03/19,2026,3,19,chokepoint1,Suez Canal,12,11,5,1,14,29,43,231204,647344,43086,3311,648249,924947,1573197,3835
2026/03/20,2026,3,20,chokepoint1,Suez Canal,4,10,3,0,15,17,32,54372,536483,28513,0,623451,619369,1242821,3836
2026/03/21,2026,3,21,chokepoint1,Suez Canal,6,7,6,0,19,19,38,225271,208597,29068,0,384144,462937,847081,3837
2026/03/22,2026,3,22,chokepoint1,Suez Canal,8,14,4,0,21,26,47,174370,797121,14349,0,430464,985840,1416305,3838
2026/03/23,2026,3,23,chokepoint1,Suez Canal,10,8,3,1,18,22,40,244184,382924,13882,2552,270397,643543,913941,3839
2026/03/24,2026,3,24,chokepoint1,Suez Canal,8,16,2,0,15,26,41,257770,845318,3810,0,707877,1106898,1814776,3840
2026/03/25,2026,3,25,chokepoint1,Suez Canal,15,7,8,0,21,30,51,244001,409211,48501,0,644369,701714,1346084,3841
2026/03/26,2026,3,26,chokepoint1,Suez Canal,7,10,4,1,19,22,41,147773,478271,10326,0,1338405,636370,1974776,3842
2026/03/27,2026,3,27,chokepoint1,Suez Canal,14,8,6,1,13,29,42,282626,376628,15368,0,569447,674622,1244069,3843
2026/03/28,2026,3,28,chokepoint1,Suez Canal,8,13,3,2,19,26,45,263221,489120,7821,0,849573,760163,1609737,3844
2026/03/29,2026,3,29,chokepoint1,Suez Canal,6,8,1,2,20,17,37,39119,1078287,35986,12640,685039,1166034,1851073,3845
2026/03/30,2026,3,30,chokepoint1,Suez Canal,7,13,3,1,13,24,37,182671,657831,8736,6492,569947,855731,1425679,3846
2026/03/31,2026,3,31,chokepoint1,Suez Canal,8,11,4,0,20,23,43,307274,475434,66717,0,1067545,849425,1916971,3847
2026/04/01,2026,4,1,chokepoint1,Suez Canal,4,18,6,2,21,30,51,83919,881257,44055,2988,678406,1012220,1690627,3848
2026/04/02,2026,4,2,chokepoint1,Suez Canal,6,15,2,1,24,24,48,110759,727532,10833,0,1022365,849125,1871490,3849
2026/04/03,2026,4,3,chokepoint1,Suez Canal,9,9,2,0,15,20,35,366060,299813,3228,0,883680,669102,1552783,3850
2026/04/04,2026,4,4,chokepoint1,Suez Canal,12,9,7,0,24,28,52,175617,333804,57862,0,346367,567284,913652,3851
2026/04/05,2026,4,5,chokepoint1,Suez Canal,5,17,2,2,22,26,48,86407,987841,5831,8790,654892,1088870,1743762,3852
2026/04/06,2026,4,6,chokepoint1,Suez Canal,8,8,4,0,17,20,37,182917,324856,15755,0,408930,523528,932459,3853
2026/04/07,2026,4,7,chokepoint1,Suez Canal,8,10,2,1,18,21,39,223576,491221,4586,1377,834377,720761,1555139,3854
2026/04/08,2026,4,8,chokepoint1,Suez Canal,8,10,4,4,14,26,40,166229,457421,8305,20776,612849,652732,1265582,3855
2026/04/09,2026,4,9,chokepoint1,Suez Canal,6,8,4,0,16,18,34,113634,530508,22908,0,740479,667051,1407530,3856
2026/04/10,2026,4,10,chokepoint1,Suez Canal,11,9,5,2,19,27,46,255175,626404,24326,0,611758,905906,1517664,3857
2026/04/11,2026,4,11,chokepoint1,Suez Canal,5,12,4,0,26,21,47,38914,557481,38494,0,394846,634890,1029737,3858
2026/04/12,2026,4,12,chokepoint1,Suez Canal,7,11,6,2,17,26,43,253984,578588,33079,4501,602972,870154,1473127,3859
2026/04/13,2026,4,13,chokepoint1,Suez Canal,8,10,4,1,19,23,42,175818,658751,24020,0,710056,858590,1568646,3860
2026/04/14,2026,4,14,chokepoint1,Suez Canal,8,9,4,2,12,23,35,97166,404651,30133,13603,595676,545554,1141230,3861
2026/04/15,2026,4,15,chokepoint1,Suez Canal,5,7,6,0,25,18,43,124717,493141,51307,0,837499,669166,1506666,3862
2026/04/16,2026,4,16,chokepoint1,Suez Canal,7,7,7,4,12,25,37,191419,143590,23147,3363,441738,361521,803260,3863
2026/04/17,2026,4,17,chokepoint1,Suez Canal,9,8,5,0,12,22,34,184192,425051,19347,0,477190,628591,1105781,3864
2026/04/18,2026,4,18,chokepoint1,Suez Canal,8,10,6,0,11,24,35,158738,361054,40663,0,392238,560456,952694,3865
2026/04/19,2026,4,19,chokepoint1,Suez Canal,10,7,7,1,18,25,43,190338,326846,37093,0,663521,554278,1217800,3866
2026/04/20,2026,4,20,chokepoint1,Suez Canal,9,12,7,2,17,30,47,351851,909986,86969,11114,804639,1359921,2164561,3867
2026/04/21,2026,4,21,chokepoint1,Suez Canal,12,12,1,2,20,27,47,263439,478191,20834,4733,440463,767200,1207663,3868
2026/04/22,2026,4,22,chokepoint1,Suez Canal,4,15,1,5,25,25,50,58436,851033,729,18467,924361,928666,1853028,3869
2026/04/23,2026,4,23,chokepoint1,Suez Canal,11,15,2,1,18,29,47,393729,823726,40590,3517,867524,1261563,2129087,3870
2026/04/24,2026,4,24,chokepoint1,Suez Canal,6,9,2,0,15,17,32,37087,552256,18357,0,418297,607701,1025998,3871
2026/04/25,2026,4,25,chokepoint1,Suez Canal,10,13,5,0,15,28,43,121241,653885,23056,0,717970,798183,1516153,3872
2026/04/26,2026,4,26,chokepoint1,Suez Canal,11,16,4,0,12,31,43,225338,559892,37300,0,506667,822530,1329198,3873
2026/04/27,2026,4,27,chokepoint1,Suez Canal,8,13,1,1,11,23,34,297410,403211,746,6528,581371,707897,1289268,3874
2026/04/28,2026,4,28,chokepoint1,Suez Canal,10,6,4,0,18,20,38,299611,253487,61390,0,748398,614488,1362886,3875
2026/04/29,2026,4,29,chokepoint1,Suez Canal,11,8,4,4,18,27,45,408278,396304,17458,21062,1000132,843103,1843236,3876
2026/04/30,2026,4,30,chokepoint1,Suez Canal,10,10,5,1,23,26,49,320247,598819,24633,0,832230,943700,1775930,3877
2026/05/01,2026,5,1,chokepoint1,Suez Canal,8,12,3,4,12,27,39,270671,776397,18936,4501,642945,1070506,1713451,3878
2026/05/02,2026,5,2,chokepoint1,Suez Canal,11,5,3,0,4,19,23,117084,387563,35569,0,15169,540217,555387,3879
2026/05/03,2026,5,3,chokepoint1,Suez Canal,4,9,3,2,15,18,33,236456,554587,907,0,536090,791951,1328041,3880
2026/05/04,2026,5,4,chokepoint1,Suez Canal,8,9,2,1,15,20,35,383414,414629,32628,3341,615683,834013,1449696,3881
2026/05/05,2026,5,5,chokepoint1,Suez Canal,7,11,4,0,14,22,36,265998,507359,29717,0,610708,803075,1413784,3882
2026/05/06,2026,5,6,chokepoint1,Suez Canal,6,10,3,2,19,21,40,118629,699617,11819,1405,613472,831471,1444944,3883
2026/05/07,2026,5,7,chokepoint1,Suez Canal,9,17,2,0,18,28,46,188411,784593,2634,0,736829,975639,1712468,3884
2026/05/08,2026,5,8,chokepoint1,Suez Canal,9,10,1,4,22,24,46,219485,779074,1371,0,1228596,999931,2228528,3885
2026/05/09,2026,5,9,chokepoint1,Suez Canal,9,11,4,1,19,25,44,173501,640522,33502,0,690702,847526,1538229,3886
2026/05/10,2026,5,10,chokepoint1,Suez Canal,6,8,0,1,16,15,31,123817,326602,0,0,616310,450420,1066730,3887
2026/05/11,2026,5,11,chokepoint1,Suez Canal,15,10,2,0,20,27,47,446706,384531,3072,0,662311,834310,1496621,3888
2026/05/12,2026,5,12,chokepoint1,Suez Canal,7,10,3,2,19,22,41,504989,416499,27883,11966,957222,961338,1918561,3889
2026/05/13,2026,5,13,chokepoint1,Suez Canal,3,11,2,0,16,16,32,62620,392479,13430,0,734329,468531,1202860,3890
2026/05/14,2026,5,14,chokepoint1,Suez Canal,6,8,2,2,19,18,37,136936,231807,26722,6928,767247,402394,1169642,3891
2026/05/15,2026,5,15,chokepoint1,Suez Canal,7,13,5,1,16,26,42,179606,511678,31460,6258,778987,729004,1507991,3892
2026/05/16,2026,5,16,chokepoint1,Suez Canal,10,14,0,2,16,26,42,246952,658897,0,0,1035176,905849,1941026,3893
2026/05/17,2026,5,17,chokepoint1,Suez Canal,11,6,5,2,9,24,33,317012,406509,10808,0,436665,734329,1170995,3894
2026/05/18,2026,5,18,chokepoint1,Suez Canal,6,10,3,1,18,20,38,181589,575070,11688,5631,577474,773979,1351453,3895
2026/05/19,2026,5,19,chokepoint1,Suez Canal,6,14,3,0,20,23,43,131752,711700,20520,0,775197,863974,1639171,3896
2026/05/20,2026,5,20,chokepoint1,Suez Canal,9,15,5,0,12,29,41,208672,753254,48890,0,744752,1010817,1755569,3897
2026/05/21,2026,5,21,chokepoint1,Suez Canal,7,10,3,2,15,22,37,179720,594983,19046,4660,879422,798411,1677833,3898
2026/05/22,2026,5,22,chokepoint1,Suez Canal,8,8,3,0,23,19,42,331741,452567,2993,0,1029575,787301,1816877,3899
2026/05/23,2026,5,23,chokepoint1,Suez Canal,8,13,7,3,18,31,49,209739,443138,43401,10755,928873,707035,1635908,3900
2026/05/24,2026,5,24,chokepoint1,Suez Canal,8,11,4,2,12,25,37,143981,501296,20607,7419,339038,673305,1012343,3901
2026/05/25,2026,5,25,chokepoint1,Suez Canal,11,11,4,1,22,27,49,475305,653154,21456,2486,861943,1152403,2014346,3902
2026/05/26,2026,5,26,chokepoint1,Suez Canal,10,12,2,1,12,25,37,330764,933595,16889,3311,797827,1284561,2082389,3903
2026/05/27,2026,5,27,chokepoint1,Suez Canal,7,9,1,0,12,17,29,197922,362060,3905,0,474096,563887,1037984,3904
2026/05/28,2026,5,28,chokepoint1,Suez Canal,5,16,6,1,17,28,45,100839,749261,28311,0,847264,878412,1725677,3905
2026/05/29,2026,5,29,chokepoint1,Suez Canal,12,14,3,0,14,29,43,287109,582528,18528,0,700836,888166,1589003,3906
2026/05/30,2026,5,30,chokepoint1,Suez Canal,6,9,4,2,23,21,44,212566,382515,49740,2748,579645,647571,1227217,3907
2026/05/31,2026,5,31,chokepoint1,Suez Canal,9,8,2,1,11,20,31,248154,343799,32028,0,438288,623982,1062271,3908
2026/06/01,2026,6,1,chokepoint1,Suez Canal,8,13,2,2,18,25,43,314074,575603,33216,14173,714564,937068,1651633,3909
2026/06/02,2026,6,2,chokepoint1,Suez Canal,7,15,2,2,19,26,45,306522,641036,0,0,1179224,947558,2126783,3910
2026/06/03,2026,6,3,chokepoint1,Suez Canal,7,8,2,0,8,17,25,167177,341176,29387,0,489112,537741,1026854,3911
2026/06/04,2026,6,4,chokepoint1,Suez Canal,11,17,4,1,13,33,46,293405,859608,11811,0,359487,1164824,1524312,3912
2026/06/05,2026,6,5,chokepoint1,Suez Canal,8,13,5,1,17,27,44,258277,702364,33888,3556,582038,998085,1580124,3913
2026/06/06,2026,6,6,chokepoint1,Suez Canal,9,14,2,3,15,28,43,99356,756917,16960,3087,731821,876321,1608143,3914
2026/06/07,2026,6,7,chokepoint1,Suez Canal,9,16,2,0,16,27,43,332754,824963,21430,0,692348,1179147,1871496,3915
2026/06/08,2026,6,8,chokepoint1,Suez Canal,12,16,4,1,16,33,49,128402,717770,35067,5655,754329,886896,1641225,3916
2026/06/09,2026,6,9,chokepoint1,Suez Canal,9,16,2,2,17,29,46,598426,893612,38805,0,845563,1530844,2376407,3917
2026/06/10,2026,6,10,chokepoint1,Suez Canal,9,15,2,2,11,28,39,224292,998252,36850,12640,511435,1272036,1783471,3918
2026/06/11,2026,6,11,chokepoint1,Suez Canal,7,11,4,0,14,22,36,267239,372569,25218,0,551848,665026,1216874,3919
2026/06/12,2026,6,12,chokepoint1,Suez Canal,8,3,2,0,16,13,29,180668,258433,7638,0,774451,446740,1221191,3920
2026/06/13,2026,6,13,chokepoint1,Suez Canal,11,12,6,1,10,30,40,109923,580856,33507,0,229807,724286,954094,3921
2026/06/14,2026,6,14,chokepoint1,Suez Canal,8,13,3,3,13,27,40,221056,680984,7773,2204,598488,912017,1510506,3922
2026/06/15,2026,6,15,chokepoint1,Suez Canal,12,6,3,2,16,23,39,391855,349070,35615,0,846018,776541,1622560,3923
2026/06/16,2026,6,16,chokepoint1,Suez Canal,1,6,3,0,12,10,22,104649,237110,14836,0,474572,356595,831168,3924
2026/06/17,2026,6,17,chokepoint1,Suez Canal,7,9,2,1,11,19,30,260092,300651,18180,0,383494,578924,962419,3925
2026/06/18,2026,6,18,chokepoint1,Suez Canal,6,8,2,1,21,17,38,272249,558166,9881,7267,1100337,847565,1947902,3926
2026/06/19,2026,6,19,chokepoint1,Suez Canal,9,17,5,1,15,32,47,150548,856411,40709,0,515163,1047669,1562833,3927
2026/06/20,2026,6,20,chokepoint1,Suez Canal,6,15,0,1,19,22,41,109958,846127,0,4104,635501,960190,1595691,3928
2026/06/21,2026,6,21,chokepoint1,Suez Canal,10,15,0,3,20,28,48,242486,927088,0,20033,670887,1189608,1860495,3929
2026/06/22,2026,6,22,chokepoint1,Suez Canal,12,5,2,3,18,22,40,479164,251260,8576,5784,788871,744786,1533657,3930
2026/06/23,2026,6,23,chokepoint1,Suez Canal,8,18,4,1,17,31,48,384521,1008687,31460,947,800136,1425616,2225752,3931
2026/06/24,2026,6,24,chokepoint1,Suez Canal,7,10,5,2,13,24,37,177183,571720,23820,10148,887899,782873,1670772,3932
2026/06/25,2026,6,25,chokepoint1,Suez Canal,9,15,3,3,21,30,51,311180,662409,9332,10423,703566,993346,1696912,3933
2026/06/26,2026,6,26,chokepoint1,Suez Canal,8,10,3,1,17,22,39,217468,356959,25157,0,854165,599584,1453749,3934
2026/06/27,2026,6,27,chokepoint1,Suez Canal,13,7,3,0,16,23,39,307749,139253,11797,0,830414,458799,1289214,3935
2026/06/28,2026,6,28,chokepoint1,Suez Canal,8,14,3,1,18,26,44,90160,904390,18736,0,1031165,1013287,2044452,3936
2026/06/29,2026,6,29,chokepoint1,Suez Canal,8,9,5,1,11,23,34,193308,351729,17916,5645,500038,568599,1068637,3937
2026/06/30,2026,6,30,chokepoint1,Suez Canal,5,16,7,1,18,29,47,265672,863465,22966,0,992538,1152104,2144643,3938
2026/07/01,2026,7,1,chokepoint1,Suez Canal,7,11,2,0,14,20,34,294778,632701,29084,0,878951,956564,1835515,3939
2026/07/02,2026,7,2,chokepoint1,Suez Canal,10,16,4,0,14,30,44,265812,684268,10093,0,446386,960174,1406560,3940
2026/07/03,2026,7,3,chokepoint1,Suez Canal,8,18,7,1,15,34,49,209641,790623,90126,2906,629560,1093297,1722857,3941
2026/07/04,2026,7,4,chokepoint1,Suez Canal,8,9,3,1,20,21,41,225015,416052,17805,0,727570,658874,1386444,3942
2026/07/05,2026,7,5,chokepoint1,Suez Canal,7,16,3,0,20,26,46,120845,686050,22566,0,992390,829462,1821853,3943
2026/07/06,2026,7,6,chokepoint1,Suez Canal,14,9,1,2,10,26,36,475756,507471,5479,0,575529,988707,1564237,3944
2026/07/07,2026,7,7,chokepoint1,Suez Canal,5,16,4,1,15,26,41,129853,626232,28244,7071,906239,791401,1697641,3945
2026/07/08,2026,7,8,chokepoint1,Suez Canal,13,11,4,1,15,29,44,555203,497113,21591,7640,749126,1081549,1830675,3946
2026/07/09,2026,7,9,chokepoint1,Suez Canal,6,14,1,0,16,21,37,262635,645359,996,0,712145,908990,1621135,3947
2026/07/10,2026,7,10,chokepoint1,Suez Canal,10,9,3,2,20,24,44,247165,376473,5079,3556,758159,632274,1390434,3948
2026/07/11,2026,7,11,chokepoint1,Suez Canal,9,16,2,2,19,29,48,345426,885383,7297,8275,726604,1246381,1972985,3949
2026/07/12,2026,7,12,chokepoint1,Suez Canal,12,9,4,4,10,29,39,424454,443465,21664,9265,426228,898849,1325078,3950
2026/07/13,2026,7,13,chokepoint1,Suez Canal,9,11,3,0,20,23,43,204495,639495,2810,0,1286711,846801,2133513,3951
2026/07/14,2026,7,14,chokepoint1,Suez Canal,7,16,0,1,10,24,34,493538,765543,0,2957,846518,1262039,2108558,3952
2026/07/15,2026,7,15,chokepoint1,Suez Canal,6,12,1,2,21,21,42,113525,571882,3304,0,910475,688712,1599188,3953
2026/07/16,2026,7,16,chokepoint1,Suez Canal,8,12,3,1,15,24,39,314440,593404,28747,0,566811,936592,1503404,3954
2026/07/17,2026,7,17,chokepoint1,Suez Canal,9,11,5,1,18,26,44,212748,534094,5311,7267,677659,759422,1437081,3955
2026/07/18,2026,7,18,chokepoint1,Suez Canal,10,13,5,3,15,31,46,448768,690829,16743,0,389225,1156342,1545567,3956
2026/07/19,2026,7,19,chokepoint1,Suez Canal,9,8,4,1,21,22,43,245685,277358,7209,0,1443001,530253,1973255,3957
2026/07/20,2026,7,20,chokepoint1,Suez Canal,5,11,3,2,15,21,36,108004,400202,27949,8167,481612,544323,1025936,3958
2026/07/21,2026,7,21,chokepoint1,Suez Canal,9,9,6,2,14,26,40,355072,172339,20025,18486,498274,565923,1064198,3959
2026/07/22,2026,7,22,chokepoint1,Suez Canal,11,13,4,2,14,30,44,461072,541811,28224,8930,770592,1040039,1810632,3960
2026/07/23,2026,7,23,chokepoint1,Suez Canal,9,15,4,1,17,29,46,112935,699817,20113,0,762479,832866,1595346,3961
2026/07/24,2026,7,24,chokepoint1,Suez Canal,13,13,4,0,16,30,46,312949,520893,16486,0,720497,850329,1570826,3962
2026/07/25,2026,7,25,chokepoint1,Suez Canal,9,8,3,0,17,20,37,171685,260018,20183,0,407502,451887,859389,3963
2026/07/26,2026,7,26,chokepoint1,Suez Canal,7,9,9,1,16,26,42,184233,320537,72585,0,891012,577356,1468369,3964
2026/07/27,2026,7,27,chokepoint1,Suez Canal,16,14,5,0,11,35,46,446754,577064,33343,0,959918,1057162,2017081,3965
2026/07/28,2026,7,28,chokepoint1,Suez Canal,11,14,3,2,13,30,43,270895,423275,34446,13840,968983,742457,1711440,3966
2026/07/29,2026,7,29,chokepoint1,Suez Canal,6,12,3,1,17,22,39,158851,608606,6765,0,620735,774223,1394958,3967
2026/07/30,2026,7,30,chokepoint1,Suez Canal,10,8,9,2,18,29,47,308734,341934,35049,0,805004,685718,1490722,3968
2026/07/31,2026,7,31,chokepoint1,Suez Canal,11,11,5,0,11,27,38,419959,599735,36865,0,646359,1056560,1702919,3969
2026/08/01,2026,8,1,chokepoint1,Suez Canal,7,12,6,2,15,27,42,118756,362260,18590,0,554575,499607,1054183,3970
2026/08/02,2026,8,2,chokepoint1,Suez Canal,5,7,2,1,16,15,31,192905,163080,25937,0,863398,381923,1245322,3971
2026/08/03,2026,8,3,chokepoint1,Suez Canal,11,15,1,0,17,27,44,661589,485379,2279,0,480499,1149248,1629747,3972
2026/08/04,2026,8,4,chokepoint1,Suez Canal,9,11,6,0,9,26,35,492231,664393,56130,0,513181,1212755,1725936,3973
2026/08/05,2026,8,5,chokepoint1,Suez Canal,6,11,2,2,22,21,43,63132,505876,18562,4660,530128,592232,1122360,3974
2026/08/06,2026,8,6,chokepoint1,Suez Canal,10,8,3,2,16,23,39,433478,240924,34345,3609,511538,712357,1223896,3975
2026/08/07,2026,8,7,chokepoint1,Suez Canal,8,9,7,5,14,29,43,133821,356656,48971,16245,536672,555695,1092368,3976
2026/08/08,2026,8,8,chokepoint1,Suez Canal,12,7,1,0,15,20,35,471425,321241,660,0,497981,793327,1291308,3977
2026/08/09,2026,8,9,chokepoint1,Suez Canal,13,16,3,0,16,32,48,460193,823112,5448,0,660157,1288754,1948912,3978
2026/08/10,2026,8,10,chokepoint1,Suez Canal,7,13,7,3,13,30,43,370686,417149,65596,12640,660203,866073,1526277,3979
2026/08/11,2026,8,11,chokepoint1,Suez Canal,10,15,8,2,22,35,57,417255,805771,67083,7181,728085,1297292,2025377,3980
2026/08/12,2026,8,12,chokepoint1,Suez Canal,4,6,2,0,15,12,27,45978,121348,7927,0,653687,175254,828942,3981
2026/08/13,2026,8,13,chokepoint1,Suez Canal,5,11,8,0,16,24,40,141807,390706,22580,0,544230,555095,1099325,3982
2026/08/14,2026,8,14,chokepoint1,Suez Canal,14,6,2,0,17,22,39,486011,110048,21072,0,928620,617133,1545753,3983
2026/08/15,2026,8,15,chokepoint1,Suez Canal,11,6,5,0,17,22,39,321795,198936,9542,0,675721,530275,1205996,3984
2026/08/16,2026,8,16,chokepoint1,Suez Canal,11,10,1,1,18,23,41,208994,259835,1745,0,686349,470575,1156924,3985
2026/08/17,2026,8,17,chokepoint1,Suez Canal,9,10,4,3,20,26,46,297470,480454,31308,6868,828387,816102,1644490,3986
2026/08/18,2026,8,18,chokepoint1,Suez Canal,12,10,2,1,14,25,39,277568,480563,3809,2160,636787,764101,1400889,3987
2026/08/19,2026,8,19,chokepoint1,Suez Canal,9,12,6,1,17,28,45,312875,628319,50371,7441,475871,999007,1474879,3988
2026/08/20,2026,8,20,chokepoint1,Suez Canal,6,12,3,0,12,21,33,129298,574204,6396,0,453466,709899,1163366,3989
2026/08/21,2026,8,21,chokepoint1,Suez Canal,11,12,8,2,22,33,55,372166,542100,26770,4013,802935,945051,1747986,3990
2026/08/22,2026,8,22,chokepoint1,Suez Canal,10,8,3,1,17,22,39,345175,350158,25150,5784,635788,726268,1362057,3991
2026/08/23,2026,8,23,chokepoint1,Suez Canal,6,9,7,2,13,24,37,317054,436777,20132,5214,278683,779179,1057863,3992
